:020000040800F2
:1000000020040020A10100081B160008B9150008F3
:1000100019160008AD0200083117000800000000A2
:100020000000000000000000000000008116000831
:10003000AF020008000000001D160008831600082B
:10004000BB010008BB010008BB010008BB010008A0
:10005000BB010008BB010008BB010008BB01000890
:10006000BB010008BB010008BB010008BB01000880
:10007000BB010008BB010008BB010008BB01000870
:10008000BB010008BB010008BB010008BB01000860
:10009000BB010008BB010008BB010008BB01000850
:1000A000BB010008BB010008BB010008BB01000840
:1000B000BB010008BB010008BB010008BB01000830
:1000C000BB010008BB010008BB010008BB01000820
:1000D000BB010008BB010008BB010008BB01000810
:1000E000BB010008BB010008BB010008BB01000800
:1000F000BB010008BB010008BB010008BB010008F0
:10010000BB010008BB010008BB010008BB010008DF
:10011000BB010008BB010008BB010008BB010008CF
:10012000BB010008BB010008BB010008BB010008BF
:10013000BB010008BB010008BB010008BB010008AF
:10014000BB010008BB010008BB010008BB0100089F
:10015000BB010008BB010008BB010008BB0100088F
:10016000BB010008BB010008BB010008BB0100087F
:10017000BB010008BB010008BB0100080000000033
:10018000BB010008BB010008DFF810D000F07CF8CC
:1001900000480047E1170008AFF30080200400206A
:1001A0000648804706480047FEE7FEE7FEE7FEE711
:1001B000FEE7FEE7FEE7FEE7FEE7FEE721170008A1
:1001C000890100082DE9F05F0546002092469B4614
:1001D00088460646814640241BE02846414647465D
:1001E000224600F041F853465A46C01A914110D3B6
:1001F00011461846224600F028F82D1A67EB010830
:100200004F4622460120002100F01FF817EB00099D
:100210004E41201EA4F10104DFDC484631462A4647
:100220004346BDE8F09FD2B201E000F8012B491E21
:10023000FBD270470022F6E710B513460A46044683
:100240001946FFF7F0FF204610BD202A04DB203AB4
:1002500000FA02F1002070479140C2F1200320FA19
:1002600003F3194390407047202A04DB203A21FA17
:1002700002F00021704721FA02F3D040C2F12002BF
:100280009140084319467047064C074D06E0E06868
:1002900040F0010394E8070098471034AC42F6D3CD
:1002A000FFF776FF3CAA02085CAA0208FEE7704747
:1002B00010B500F07FFF00EE100ADFED050A0548DB
:1002C000B8EE400A80EE801A80ED001A10BD0000E2
:1002D0000024F44A0800002070B504464FF47A75F3
:1002E00002E0284600F004F8641EFAD270BD000057
:1002F00070B5144D044695ED000AB5EEC00AF1EE56
:1003000010FA01D1FFF7D4FF00EE104A95ED001A64
:10031000F8EE400A80EE810A01F01CFABCEEC00A39
:100320004FF0E02010EE102A81696FF07F4483695E
:100330008B42836901D8CB1A01E0E31A0B44934244
:10034000F5D370BD0800002010B514460B460246D8
:1003500000F0EAF82046BDE8104000F0B5BC00000F
:100360002DE9F041141A069D5E1A74432F0AEEB26D
:1003700000F0DAF80E4D01225102284600F0D6FDB9
:100380004FF4006800224146284600F0CFFD05E00A
:10039000384601F045F9304601F042F9641EF7D2C3
:1003A00041462846BDE8F041012200F0BFBD0000F3
:1003B00000080240F0B587B014216846FFF73AFF05
:1003C00012480026016841F0040101600068104FE6
:1003D00000F00400059002204FF47864012503909A
:1003E00069463846CDE9004500F0A8FC01222146C7
:1003F000384600F09BFD2020CDE9000669460295B5
:10040000384600F09BFC07B0F0BD000030380240D9
:100410000008024010B50446FFF7CCFF00F032F8A8
:10042000012000F069FC7D2000F076FC112000F036
:1004300063FC7D2000F070FC3A2000F05DFC55204C
:1004400000F02CFC512000F057FCFF2000F026FCAF
:10045000532000F051FC402000F020FCB12000F0BF
:100460004BFC002000F01AFC2046BDE8104000F0D4
:1004700021B80246012000E05043491EC9B2FBD218
:100480007047000070B50A4D4FF480640022214689
:10049000284600F04BFD052000F03EFC01222146DD
:1004A000284600F043FDBDE870402D2000F034BC2C
:1004B000000802400C21B0FBF1F210B501FB120064
:1004C000184CF0214FF4A0722070A8B1062813D068
:1004D000032814D0092812D000206080A080362084
:1004E00000F00AFC207868B103280DD0062801D05E
:1004F000092814D0482008E06180A280EFE76280DC
:10050000A180ECE7882000E0282000F0C7FB29202C
:1005100000F0F2FBBDE810400A2000F0FDBBE8202F
:10052000F3E70000000000202DE9F04104461D46DD
:1005300016460F462A2000F0DFFB204600F0C4FBE1
:10054000304600F0C1FB2B2000F0D6FB384600F00F
:10055000BBFB284600F0B8FBBDE8F0412C2000F0C2
:10056000CBBB00002DE9FF4F81B00446DDF83C9085
:1005700000904FEA59074FF00008780700D001209B
:1005800000EBD70000FB09FB203AD0B203900298A1
:1005900002994844401E83B2E019401E82B22046B0
:1005A000FFF7C2FF002553E0B9F10C0F2AD0B9F1D3
:1005B000100F2ED0B9F1180F2ED0B9F1200F49D15C
:1005C0002749039801EB8010002610F805A0109829
:1005D00000284FF0010000FA06F000EA0A0022D0DD
:1005E00020B12046049A0299FFF7AEFE641C0098E1
:1005F000A4B2201AB84225D10298009C401C80B2B7
:10060000029023E00398174900EB400001EB8000C3
:10061000DAE71549039803E00398144900EB40001A
:1006200001EB0010D0E708B1049800E00E9800F04C
:100630004BFB08F10100C0B2B0FBF7F1804607FBAD
:10064000118050B1761CF6B2082EC0D36D1CADB22D
:100650005D45A9D305B0BDE8F08F4FF00008F5E780
:1006600030350008FC180008701D000860230008E1
:100670002DE9FE4F9946DDE90D4615468A460746A7
:10068000DDF8308014E00C2C17D0102C20D0182C62
:1006900029D0202C0FD1CDF80080CDE901464B4662
:1006A0002A465146384600F0A9F9381987B2ED1CA0
:1006B00028780028E7D1BDE8FE8FCDF80080CDE98D
:1006C00001464B462A465146384600F017F8ECE7FB
:1006D000CDF80080CDE901464B462A4651463846C2
:1006E00000F08CF8E1E7CDF80080CDE901464B46FB
:1006F0002A465146384600F001F9D6E72DE9FF4F6A
:1007000083B00446DDF8448001904FF000095FEAB1
:10071000487001D0012100E0002101EBD80000FB6E
:1007200008FB05200026029006EBC60000EB400106
:100730003148059A435C1278934252D108440090A4
:1007400041780598407881424BD10098817805988E
:100750008078814245D1049804994044401E83B278
:1007600004EB0800401E82B22046FFF7DDFE0027A2
:1007700035E00098002500EB070A12989AF803105C
:1007800000284FF0010000FA05F001EA000111D045
:1007900021B12046069A0499FFF7D6FD641C019802
:1007A000A4B2211A414514D10498019C401C80B286
:1007B000049012E009B1069800E0109800F084FA65
:1007C00009F10100C0B2B0FBF8F2814608FB1290BB
:1007D00078B16D1CEDB2082DCFD37F1CFFB25F4501
:1007E000C7D3761C0298B6B286429DD307B0BDE847
:1007F000F08F4FF00009F0E7F04C00082DE9FF4FB3
:1008000083B00446DDF8448001904FF000095FEAB0
:10081000487001D0012100E0002101EBD80000FB6D
:1008200008FB052000260290C6EBC60000EB800105
:100830003148059A435C1278934252D108440090A3
:1008400041780598407881424BD10098817805988D
:100850008078814245D1049804994044401E83B277
:1008600004EB0800401E82B22046FFF75DFE002721
:1008700035E00098002500EB070A12989AF803105B
:1008800000284FF0010000FA05F001EA000111D044
:1008900021B12046069A0499FFF756FD641C019881
:1008A000A4B2211A414514D10498019C401C80B285
:1008B000049012E009B1069800E0109800F004FAE4
:1008C00009F10100C0B2B0FBF8F2814608FB1290BA
:1008D00078B16D1CEDB2082DCFD37F1CFFB25F4500
:1008E000C7D3761C0298B6B286429DD307B0BDE846
:1008F000F08F4FF00009F0E7774D00082DE9FF4F2A
:1009000083B00446DDF8448001904FF000095FEAAF
:10091000487001D0012100E0002101EBD80000FB6C
:1009200008FB052000260290C6EB061000EB8001B4
:100930003148059A435C1278934252D108440090A2
:1009400041780598407881424BD10098817805988C
:100950008078814245D1049804994044401E83B276
:1009600004EB0800401E82B22046FFF7DDFD0027A1
:1009700035E00098002500EB070A12989AF803105A
:1009800000284FF0010000FA05F001EA000111D043
:1009900021B12046069A0499FFF7D6FC641C019801
:1009A000A4B2211A414514D10498019C401C80B284
:1009B000049012E009B1069800E0109800F084F964
:1009C00009F10100C0B2B0FBF8F2814608FB1290B9
:1009D00078B16D1CEDB2082DCFD37F1CFFB25F45FF
:1009E000C7D3761C0298B6B286429DD307B0BDE845
:1009F000F08F4FF00009F0E7264E00082DE9FF4F79
:100A000083B00446DDF8448001904FF000095FEAAE
:100A1000487001D0012100E0002101EBD80000FB6B
:100A200008FB05200026029006EB460000EBC611ED
:100A30003148059A435C1278934252D108440090A1
:100A400041780598407881424BD10098817805988B
:100A50008078814245D1049804994044401E83B275
:100A600004EB0800401E82B22046FFF75DFD002720
:100A700035E00098002500EB070A12989AF8031059
:100A800000284FF0010000FA05F001EA000111D042
:100A900021B12046069A0499FFF756FC641C019880
:100AA000A4B2211A414514D10498019C401C80B283
:100AB000049012E009B1069800E0109800F004F9E3
:100AC00009F10100C0B2B0FBF8F2814608FB1290B8
:100AD00078B16D1CEDB2082DCFD37F1CFFB25F45FE
:100AE000C7D3761C0298B6B286429DD307B0BDE844
:100AF000F08F4FF00009F0E79D4F00082DE9FF4F00
:100B000083462DED020B83B0DFED210A139F1546BE
:100B100020EE200A7E080024A246BCEEC00A10EE99
:100B2000100A1FFA80F92DE0281B401EC1B20A20CE
:100B3000FFF79FFCB9FBF0F00A21B0FBF1F201FBDB
:100B40001208A81E84420ED1129A00FB06B08DE84E
:100B5000840480B22E22089B0699FFF703FD641CD3
:100B60006D1CE4B2EDB212988DE8810408F13000FA
:100B7000C2B204FB06B080B2089B0699FFF7F2FCF4
:100B8000641CE4B2AC42CFD309B0BDE8F08F0000E2
:100B90000000C8422DE9FF4F83B00026DDE911B8FF
:100BA0001D4682464FEA58073446B1462CE0281BC2
:100BB000401EC1B20A20FFF75CFC0599B1FBF0F0C2
:100BC0000A21B0FBF1F201FB120026B9691E8C422A
:100BD00001DA58B101263030C2B204FB07A0CDF8CB
:100BE00000B0CDE9018980B2109B08E0CDF800B0DB
:100BF00004FB07A0CDE90189109B80B22022049953
:100C0000FFF7B0FC641CE4B2AC42D0D307B0BDE83F
:100C1000F08F2DE9F0471F469046CA19521E93B235
:100C200000EB0802521E002592B2DDF82090FFF77B
:100C30007BFC002611E000240BE019F8150000F001
:100C40002DF809EB4500407800F028F8641CA4B2A8
:100C50006D1CBC42F1D3761CB6B24645EBD3BDE861
:100C6000F0872DE9FE4F9946DDE90D6714468A4667
:100C70000546DDF830800CE0CDF800804B4651464B
:100C80002846CDE90167FFF76DFC05EB560085B2FC
:100C9000641C2278002AEFD1BDE8FE8F70B50122D6
:100CA000084D064654022146284600F03FF93046DA
:100CB00000F0B6FC21462846BDE87040002200F056
:100CC00035B900000008024070B50122094E044603
:100CD00055022946304600F029F9200A00F0A0FC10
:100CE000E0B200F09DFC29463046BDE8704000228D
:100CF00000F01CB90008024010B5044600224FF471
:100D00000071044800F012F92046BDE8104000F0E0
:100D100087BC00000008024070B5044600F00CF9E2
:100D20000546601C02D004480078044400F004F931
:100D3000401BA042FAD370BD0C0000202DE9F84FF3
:100D4000DFF8BCA10022012503264FF00F090AF1AC
:100D5000040BAAF1040E00BF0B6805FA02F423404D
:100D6000A34270D10F7907F00307012F01D0022FA2
:100D700016D187684FEA420806FA08FC27EA0C07F2
:100D8000D1F80CC00CFA08FC4CEA070CC0F808C0FB
:100D90004768A7430C79C4F3001494403C43446073
:100DA0000C79E443A4070AD0C4684FEA420C06FA5F
:100DB0000CF7BC438F6807FA0CF72743C7600C7920
:100DC00004F00304022C12D1D40800EB840CDCF8EC
:100DD00020405707FF0E09FA07F824EA0804D1F863
:100DE000108008FA07F848EA0408CCF82080046864
:100DF0004FEA420C06FA0CF7BC430F7907F00307E1
:100E000007FA0CF7274307604C6814F4403F70D092
:100E10003C4C276847F480472760246822F003078A
:100E200004F480440094384C07EB040CDCF80848C8
:100E300097074FEA177809FA08F7BC43334FB842CF
:100E400002D1002724E054E0314FB84201D10127FC
:100E50001EE0304FB84201D1022719E02E4FB842B0
:100E600001D1032714E02D4FB84201D104270FE030
:100E70002B4FB84201D105270AE02A4FB84201D1D1
:100E8000062705E0284FB84201D1072700E00827D0
:100E900007FA08F72743CCF80878DAF800405746F5
:100EA000D1F804C09C435FEACC2C00D51C433C60C5
:100EB000DBF800405F46D1F804C09C435FEA8C2C0D
:100EC00000D51C433C60DEF800407746D1F804C0F2
:100ED0009C435FEA8C3C00D51C433C60084F083FB4
:100EE0003C68D1F804C09C435FEACC3C00D51C436D
:100EF0003C60521C102AFFF42FAFBDE8F88F0000B1
:100F0000083C0140443802400030014000000240EB
:100F10000004024000080240000C024000100240A1
:100F20000014024000180240001C02400AB1816116
:100F300070470904FBE70000014880687047000023
:100F40000C000020024881680278114481607047DB
:100F50000C0000200B4810B5016841F400710160DD
:100F6000016841F480610160016841F480710160B1
:100F7000032000F073F80F2000F006F800F024F8CA
:100F8000002010BD003C024070B50D4D04464FF4EA
:100F90007A712878B1FBF0F00A490968B1FBF0F0EA
:100FA00000F0F6FA48B9102C07D200222146501E54
:100FB00000F034F800206C6070BD012070BD0000AE
:100FC0000C00002018000020134808B5016841F00B
:100FD00001010160016801F001010091016841F027
:100FE00080010160006800F0800000900A48143021
:100FF000016841F480410160006800F48040009085
:1010000005481030016841F080510160006800F02F
:101010008050009008BD000030380240F0B40E4B04
:101020001B680C46C3F30223C3F10705042D00D946
:101030000425191D072901D2002300E0DB1E01262B
:1010400006FA05F1491E214099409E40761E164041
:101050003143F0BC00F06DBB0CED00E0064900F040
:10106000070208684FF6FF03184040EA0220034ACF
:1010700010430860704700000CED00E00000FA0526
:101080002DE9F0470E46050065D0DFF81481D8F849
:101090000000F7B200F00700B04207D288F80070F5
:1010A000D8F8000000F00700B04254D128683D4C49
:1010B000810712D5400703D5206840F4E050206036
:1010C0002878000703D5206840F46040206020683D
:1010D000A96820F0F000084320602878C0072DD0D0
:1010E000304968680839012812D0022813D0032833
:1010F00011D00968890700292DDA216821F0030140
:1011000001432160FFF718FF814641F2883A0EE063
:1011100009688903EFE709688901ECE7FFF70CFF2D
:10112000A0EB0901514502D90320BDE8F0872068F2
:10113000696800F00C00B0EB810FEFD1D8F8001017
:10114000404601F00701B14207D90770006800F07E
:101150000700B04201D00120E7E72878400705D515
:101160002068E96820F4E0500843206028780007F0
:1011700006D52068296920F4604040EAC10020605B
:1011800000F01EF82168084AC1F30311515CC84001
:101190000649086006480068FFF7F6FE0020C4E72D
:1011A000003C0240083802402CAA02081800002027
:1011B000100000200148006870470000180000205F
:1011C000154810B5006810F00C02144813D01449EB
:1011D000042A0FD0082A0ED10F4C241F226823683E
:1011E00002F03F025B0207D52068C0F38810A0FB25
:1011F000010106E0084610BD2168C1F38811A1FB7A
:1012000000010023FEF7DEFF2168C1F30141491C04
:101210004900B0FBF1F010BD083802400024F40092
:1012200040787D012DE9F84F04006ED02078DFF87A
:101230004C93C007A9F104054AD009F104000168E4
:10124000C1F38101012908D00068C0F381000228A0
:101250000AD1D9F80000400206D52868800337D5A6
:1012600060680028E1D033E06068B0F5803F10D0BE
:10127000B0F5A02F286810D020F4803028602868AE
:1012800020F4802028606068A8B1FFF755FE06466C
:101290000DE0286840F48030F4E740F480202860B6
:1012A000F7E700BFFFF748FE801B642873D8286863
:1012B0008003F7D50CE0FFF73FFE064605E000BFD0
:1012C000FFF73AFE801B6428F0D828688003F7D423
:1012D0002078DFF8AC8280074FF0000A3ED5A7489F
:1012E000001D016811F00C0F08D00068C0F38100E8
:1012F00002280BD1D9F80000400207D428688007E3
:1013000016D5E068012800D112E033E1E068B8B1F9
:101310000120C8F80000FFF70FFE064605E000BFF9
:10132000FFF70AFE801B0228C0D828688007F7D57F
:101330002868216920F0F80040EAC10028600DE02B
:10134000C8F800A0FFF7F8FD064604E0FFF7F4FD3B
:10135000801B02281FD828688007F7D42078000750
:1013600022D5864F87486169703771B101210160CC
:10137000FFF7E2FD064604E0FFF7DEFD801B0228D2
:1013800009D838688007F7D50EE0C0F800A0FFF74D
:10139000D3FD064605E082E0FFF7CEFD801B022864
:1013A0007DD838688007F7D42078400768D5DFF803
:1013B000CCB100270BF13C0BDBF80000C0000BD4D4
:1013C000DBF8001041F08051CBF80010DBF8000092
:1013D000012700F0805000906B4E3068C00510D49B
:1013E000306840F480703060FFF7A6FD009005E0A3
:1013F000FFF7A2FD0099401A022850D83068C005B6
:10140000F6D55E4EA0686C3601280FD005283068EE
:1014100010D020F001003060306820F0040030600F
:10142000A068B8B1FFF788FD00900FE0306840F089
:101430000100F4E740F004003060F7E7FFF77CFDBF
:101440000099411A41F28830814266D8306880079D
:10145000F4D50EE0FFF770FD009007E0FFF76CFD9C
:101460000099411A41F28830814256D8306880078D
:10147000F4D42FB1DBF8001021F08051CBF800102C
:10148000A069C8B33D49091D0968C1F3810102295A
:101490004AD00228504607D0C8F8600000E03CE07F
:1014A000FFF74AFD04463BE04746C8F86000FFF7F7
:1014B00043FD064605E000BFFFF73EFD801B022806
:1014C0002BD828688001F7D4D4E907010843A16A22
:1014D0002E4A490802EB0141626A41EA821108433F
:1014E00094F82C1040EA0161C9F800100120386618
:1014F000FFF722FD044606E03EE000BFFFF71CFDBB
:10150000001B022809D828688001F7D534E000BF05
:10151000FFF712FD001B022802D90320BDE8F88F57
:1015200028688001F4D427E00128F7D0D9F800001A
:10153000E26900F4800191421CD1226A00F03F016F
:10154000914217D147F6C071626A0140B1EB821F28
:1015500010D1A26A4FF0FF3300F4403103EB520286
:10156000B1EB024F06D194F82C1000F07060B0EB94
:10157000016F01D00120D1E70020CFE704380240FD
:1015800000004742800E4742007000400000FFFF0D
:1015900010B5401EB0F1807F01D3012010BD4FF087
:1015A000E02460610F21601700F0C3F80020A06103
:1015B00007202061002010BDFEE7000000B587B0C5
:1015C00014216846FEF736FE10480021026842F0FA
:1015D00001020260026802F001020592026842F014
:1015E00002020260006800F0020005900320CDE9CD
:1015F00000010120029069460548FFF79FFB6946FC
:101600000448FFF79BFB07B000BD000030380240E4
:101610000000024000040240FEE7FEE770470000C1
:101620002DE9F041154E05464FF400680022414671
:101630003046FFF77BFC0024B7150022802130469E
:10164000FFF774FC280601D5012200E0002239468C
:101650003046FFF76BFC012280213046FFF766FC25
:101660006806641C050EE4B2082CE6D341463046F9
:10167000BDE8F0410122FFF759BC0000000802401C
:101680007047FFF75FBC000030B593B0302168466B
:10169000FEF7D0FD14210CA8FEF7CCFD1E48002556
:1016A000016841F080510160006800F080501190A5
:1016B0001A48016841F4804101600068022400F486
:1016C0008040119001200090000401908001CDE93C
:1016D0000640082008904FF4A870CDE909040420C2
:1016E0000B906846FFF79EFD08B172B6FEE70CA9A5
:1016F0000F2081E831004FF4A0500F904FF480503C
:10170000109005210CA8FFF7BBFC002801D072B691
:10171000FEE713B030BD00004038024000700040CA
:101720000248016841F470010160704788ED00E0F3
:10173000FEE70907090E002804DB00F1E02080F82D
:101740000014704700F00F0000F1E02080F8141D35
:101750007047000010EE100AC0F3C7517F391729F7
:10176000A8BF7047DFED140A002970EE200A0CDADA
:10177000F5EEC00AF1EE10FA1ADD0028C8BF4FF0EE
:101780007E50B8BF4FF0004012E00C4A22FA01F23E
:10179000104208BF7047F5EEC00AF1EE10FA07DDFF
:1017A000002804DD4FF4000323FA01F108449043BC
:1017B00000EE100A70470000CAF24971FFFF7F0077
:1017C00002E008C8121F08C1002AFAD1704770470A
:1017D000002001E001C1121F002AFBD17047000068
:1017E0000EB5FFF7B7FBFFF74FFFFEF761FD0C20CB
:1017F000FEF710FEFFF7E2FE0024334FDFF8CC8047
:1018000000943B88B8F8002021462046FEF7A8FD4A
:101810004FF478462E4818250096CDE90145027808
:1018200005230A217820FFF7B5F9CDE900454FF6E9
:10183000FF7328A20A2117200294FEF719FFCDE9B1
:101840000045334627A2282118200294FFF709FA01
:10185000CDE90045334625A2462118200294FFF722
:1018600000FA0096CDE901450323B8F800202821AD
:101870007820FFF78FF90096CDE9014503233A88D8
:1018800046217820FFF786F9334604229FED190A96
:1018900064211420CDE90045FFF730F941F288308A
:1018A000FEF71AFD144800903B884FF4A070834265
:1018B00000D90346B8F80020F02A00D9F022002110
:1018C0000846FFF7A6F9FEE704000020020000200A
:1018D00000000020E4B8ADE699AFE59BADE794B514
:1018E000E5AD900057696474683A0000486569671F
:1018F00068743A00BD5252412C52000800000000AA
:1019000000000000000000000000040404040400C3
:101910000004000014140A00000000000000000091
:1019200000000A0A1F0A0A1F0A0A000000040E1516
:1019300005060C14150E0400000012150D152E2CB2
:101940002A1200000000040A0A36151529160000A4
:10195000020201000000000000000000100808045E
:101960000404040408081000020404080808080815
:101970000404020000000004150E0E15040000000F
:1019800000000008083E08080000000000000000F9
:10199000000000000202010000000000003F000003
:1019A0000000000000000000000000000002000035
:1019B00000201010080804040202010000000E11AB
:1019C00011111111110E000000000406040404049A
:1019D000040E000000000E1111080402011F000097
:1019E00000000E11100C1010110E00000000080C69
:1019F0000C0A091F081C000000001F01010F111034
:101A0000110E000000000C12010D1311110E000048
:101A100000001E10080804040404000000000E1159
:101A2000110E1111110E000000000E1111191610E7
:101A3000090600000000000004000000000400008F
:101A40000000000000040000000404000000100872
:101A50000402020408100000000000003F003F00E4
:101A6000000000000000020408101008040200003A
:101A700000000E11110804040004000000001C22E4
:101A8000292D2D1D221C0000000004040C0A0A1E32
:101A90001233000000000F12120E1212120F00007B
:101AA00000001E1101010101110E000000000F12C3
:101AB00012121212120F000000001F120A0E0A0268
:101AC000121F000000001F120A0E0A020207000087
:101AD00000001C1201013911120C00000000331229
:101AE000121E12121233000000001F04040404042A
:101AF000041F000000003E0808080808080809073D
:101B0000000037120A060A1212370000000007020E
:101B100002020202223F000000003B1B1B1B1515A6
:101B20001535000000003B1216161A1A1217000095
:101B300000000E1111111111110E000000000F1202
:101B4000120E02020207000000000E1111111117FF
:101B5000190E180000000F12120E0A1212370000A0
:101B600000001E1101060810110F000000001F15D3
:101B700004040404040E00000000331212121212B6
:101B8000120C000000003312120A0A0C04040000B8
:101B90000000151515150E0A0A0A000000001B0AA0
:101BA0000A04040A0A1B000000001B0A0A0A0404B3
:101BB000040E000000001F0908040402121F0000A8
:101BC0001C0404040404040404041C0000020204B1
:101BD00004040808081010000E080808080808087F
:101BE00008080E00040A00000000000000000000C9
:101BF00000000000000000000000003F02040000A0
:101C0000000000000000000000000000000C121C9A
:101C1000123C000000030202020E1212120E00001B
:101C200000000000001C1202120C0000001810102E
:101C3000101C1212123C000000000000000C121ECA
:101C4000021C000000182404041E0404041E0000EA
:101C500000000000003C120C021C221C00030202C7
:101C6000020E1212123700000004040000060404E1
:101C7000040E000000080800000C08080808080707
:101C800000030202021A0A060A13000000070404F5
:101C900004040404041F000000000000000F1515D8
:101CA0001515000000000000000F1212123700008E
:101CB00000000000000C1212120C000000000000D6
:101CC000000F1212120E020700000000001C121278
:101CD000121C103800000000001B06020207000062
:101CE00000000000001E020C101E00000000000496
:101CF000041E0404041C000000000000001B12125B
:101D0000123C000000000000001B0A0A040400004E
:101D1000000000000015150E0A0A00000000000077
:101D2000001B0A040A1B000000000000003312120E
:101D30000C08040300000000001E0804041E00003C
:101D400018080808080C08080808180008080808F7
:101D5000080808080808080806040404040804041D
:101D60000404060016090000000000000000000046
:101D70000000000000000000000000000000000063
:101D800000000008080808080808000018180000EB
:101D900000486C2412000000000000000000000059
:101DA0000000002424247F1212127F12121200005D
:101DB0000000081C2A2A0A0C1828282A2A1C0808AD
:101DC00000000022251515152A58545454220000ED
:101DD0000000000C1212120A76252911916E0000E3
:101DE00000060604030000000000000000000000E0
:101DF00000402010100808080808081010204000B3
:101E00000002040808101010101010080804020046
:101E10000000000008086B1C1C6B08080000000094
:101E200000000000080808087F08080808000000F3
:101E3000000000000000000000000000060604038F
:101E40000000000000000000FE0000000000000094
:101E50000000000000000000000000000606000076
:101E600000008040402020101008080404020200F6
:101E7000000000182442424242424242241800001C
:101E8000000000080E08080808080808083E0000BE
:101E90000000003C4242422020100804427E000024
:101EA0000000003C4242201820404042221C00001A
:101EB000000000203028242422227E2020780000E8
:101EC0000000007E0202021A26404042221C00004E
:101ED000000000382402021A264242422418000060
:101EE0000000007E222210100808080808080000E0
:101EF0000000003C4242422418244242423C00007E
:101F0000000000182442424264584040241C000053
:101F10000000000000001818000000001818000061
:101F20000000000000000008000000000008080495
:101F300000000040201008040204081020400000A7
:101F40000000000000007F0000007F000000000093
:101F500000000002040810204020100804020000C5
:101F60000000003C424246402010100018180000BB
:101F70000000001C225A555555552D42221C0000C8
:101F80000000000808181414243C224242E7000014
:101F90000000001F2222221E22424242221F000075
:101FA0000000007C4242010101010142221C0000AC
:101FB0000000001F2242424242424242221F0000D1
:101FC0000000003F4212121E12120242423F000065
:101FD0000000003F4212121E12120202020700000D
:101FE0000000003C2222010101712122221C00007C
:101FF000000000E7424242427E42424242E7000085
:102000000000003E0808080808080808083E00000C
:102010000000007C10101010101010101010110F84
:102020000000007722120A0E0A1212222277000004
:10203000000000070202020202020202427F0000C8
:1020400000000077363636362A2A2A2A2A6B000004
:10205000000000E346464A4A52525262624700007C
:102060000000001C2241414141414141221C00002D
:102070000000003F424242423E02020202070000CC
:102080000000001C2241414141414D53321C60007F
:102090000000003F4242423E1212222242C700008C
:1020A0000000007C4242020418204042423E0000F0
:1020B0000000007F4908080808080808081C0000FC
:1020C000000000E74242424242424242423C00009B
:1020D000000000E7424222242414141808080000DB
:1020E0000000006B4949494955553622222200001B
:1020F000000000E7422424181818242442E70000B6
:10210000000000772222141408080808081C0000A8
:102110000000007E2120101008040442423F00000D
:10212000007808080808080808080808080878005F
:10213000000002020404080808101020202040407B
:10214000001E1010101010101010101010101E0093
:102150000038440000000000000000000000000003
:10216000000000000000000000000000000000FF70
:102170000006080000000000000000000000000051
:10218000000000000000003C4278444242FC000095
:10219000000000030202021A26424242261A0000F0
:1021A0000000000000000038440202024438000031
:1021B00000000060404040784442424264D8000041
:1021C000000000000000003C427E0202423C000091
:1021D000000000F08808087E08080808083E000093
:1021E000000000000000007C22221C023C42423C15
:1021F000000000030202023A4642424242E7000067
:102200000000000C0C00000E08080808083E000042
:102210000000003030000038202020202020221E26
:102220000000000302020272120A16122277000056
:102230000000000E0808080808080808083E00000A
:10224000000000000000007F9292929292B700007E
:10225000000000000000003B4642424242E700000E
:10226000000000000000003C42424242423C0000AC
:10227000000000000000001B26424242221E02070E
:10228000000000000000007844424242447840E0F0
:1022900000000000000000774C040404041F00004C
:1022A000000000000000007C42023C40423E000072
:1022B000000000000008083E080808080830000078
:1022C00000000000000000634242424262DC000065
:1022D00000000000000000E7422424140808000069
:1022E00000000000000000EB494955552222000083
:1022F000000000000000007624181818246E00006A
:1023000000000000000000E7422424141808080719
:10231000000000000000007E22100808447E00003B
:1023200000C0202020202010202020202020C000BD
:10233000101010101010101010101010101010109D
:102340000006080808080810080808080808060019
:102350000C32C2000000000000000000000000007D
:10236000000000000000000000000000000000006D
:10237000000000000000000000000000000000005D
:10238000000000000000000000000000000000004D
:1023900000000000000000006000600060006000BD
:1023A000600060006000400020002000200000006D
:1023B00000000000600060006000000000000000FD
:1023C00000000000600660063003980188004400A9
:1023D00000000000000000000000000000000000FD
:1023E00000000000000000000000000000000000ED
:1023F0000000000000000000100210021002100295
:10240000FE07FE0708020801080108010801FE078F
:10241000FE070401040104010401000000000000A3
:1024200000000000000040004000F00158034C0391
:10243000CC034C0058007000E000C001C001400314
:102440004C035C034C034801F000400040000000D6
:1024500000000000000000000E010A019100910040
:102460009100510051003A00AE03A0025004500404
:10247000480448044804840284030000000000006B
:10248000000000000000000038006C006C006C00D0
:102490006C006C002C0098071C011A0133013301F9
:1024A0006301E300C308C6093C0700000000000008
:1024B000000000000C001C001000100008000400C8
:1024C000000000000000000000000000000000000C
:1024D00000000000000000000000000000000000FC
:1024E00000000000000400020001800080004000A5
:1024F00040002000200020002000200020002000BC
:102500004000400080008000000100020004000044
:10251000000000000200040008001000100020006D
:1025200020004000400040004000400040004000CB
:10253000200020001000100008000400020000002D
:102540000000000000000000000000004000C0008B
:102550004000460C4E0FD001F0015E0F460C4000CB
:1025600040004000000000000000000000000000EB
:10257000000000000000000000000000000040001B
:102580004000400040004000FE0F4000400040007E
:1025900040004000000000000000000000000000BB
:1025A000000000000000000000000000000000002B
:1025B000000000000000000000000000000000001B
:1025C000000000000C001C001000100008000400B7
:1025D00000000000000000000000000000000000FB
:1025E0000000000000000000FE07000000000000E6
:1025F00000000000000000000000000000000000DB
:1026000000000000000000000000000000000000CA
:1026100000000000000000000000000000000000BA
:10262000000000001C001C001C0000000000000056
:102630000000000000040006000200030001000189
:10264000800080004000400060002000200010005A
:102650001000080008000C00040006000200000042
:1026600000000000000000000000F00098010C03D2
:102670000C030606060606060606060606060606F7
:1026800006060C030C039801F00000000000000097
:102690000000000000000000000040007C0060001E
:1026A000600060006000600060006000600060002A
:1026B0006000600060006000FC030000000000009B
:1026C00000000000000000000000F8008401020388
:1026D00006030603000300018001C0006000200023
:1026E0001000080204020602FE03000000000000C1
:1026F000000000000000000000007800C600860115
:10270000860180018001C00070008001000100038B
:102710000003060306038601F80000000000000025
:102720000000000000000000000080018001C001E6
:10273000A001A00190018801880184018201FE0F9F
:102740008001800180018001E0070000000000009E
:1027500000000000000000000000FC030400040072
:10276000040004000400F4008C01040300030003CF
:102770000603060382018401F80000000000000047
:1027800000000000000000000000E00118030C033E
:102790000C0004000600E60116030E0606060606F7
:1027A000060604060C021803F000000000000000FA
:1027B00000000000000000000000F8070C06040202
:1027C0000401000100018000800040004000400042
:1027D0006000600060006000600000000000000019
:1027E00000000000000000000000F8010C030606D5
:1027F000060606060C021C03F000C8010C030606C0
:102800000606060606060C03F001000000000000A4
:1028100000000000000000000000F0000C010C03AC
:10282000060206060606060606078C067806000659
:10283000000300030C018C01780000000000000080
:102840000000000000000000000000000000000088
:1028500000000000E000E000E000000000000000D8
:1028600000000000E000E000E000000000000000C8
:102870000000000000000000000000000000000058
:102880000000000060006000000000000000000088
:1028900000000000000060006000400020002000F8
:1028A00000000000000000000004000200018000A1
:1028B0004000200010000800040008001000200064
:1028C0004000800000010002000400000000000041
:1028D00000000000000000000000000000000000F8
:1028E00000000000FE07000000000000FE070000DE
:1028F00000000000000000000000000000000000D8
:10290000000000000000000004000800100020008B
:10291000400080000001000200040002000180006D
:10292000400020001000080004000000000000002B
:1029300000000000000000000000E0031806040C86
:10294000040C0C0C0C0C00078001400040004000FF
:1029500000000000E000E000E000000000000000D7
:102960000000000000000000E00018030C02CC058D
:1029700064056605A605B604B604B604B604B60238
:10298000E4010C040C021803F00000000000000039
:102990000000000000000000000060006000500027
:1029A000D00090009000880088010801F80104031D
:1029B00004030402020202060F0F000000000000E0
:1029C00000000000000000000000FE008C030C036B
:1029D0000C030C030C038C01FC000C030C020C0612
:1029E0000C060C060C060C03FE01000000000000A3
:1029F00000000000000000000000E00318030C06C7
:102A00000C0404040600060006000600060006008A
:102A100006040C040C021803F00000000000000083
:102A2000000000000000000000007F008C010C038B
:102A30000C030C060C060C060C060C060C060C0609
:102A40000C060C030C038C017F000000000000004A
:102A500000000000000000000000FF030603060461
:102A60000604060086008600FE00860086008600BA
:102A70000600060406040602FF0300000000000032
:102A800000000000000000000000FF030603060431
:102A90000604060086008600FE008600860086008A
:102AA00006000600060006001F00000000000000EF
:102AB00000000000000000000000F00018010C02FF
:102AC0000C0204020600060006000600C60F0603FC
:102AD00006030C030C031803F000000000000000C4
:102AE000000000000000000000000F0F06060606B0
:102AF0000606060606060606FE070606060606067D
:102B000006060606060606060F0F00000000000077
:102B100000000000000000000000FC0360006000F6
:102B200060006000600060006000600060006000A5
:102B30006000600060006000FC0300000000000016
:102B400000000000000000000000F807C000C00006
:102B5000C000C000C000C000C000C000C000C00075
:102B6000C000C000C000C000C000C60066003C003D
:102B700000000000000000000000CF038601C60036
:102B800046002600160036002E006E004600C600E5
:102B900086008601060106038F0700000000000082
:102BA000000000000000000000001F0006000600FA
:102BB00006000600060006000600060006000600E5
:102BC0000600060406040602FF03000000000000E1
:102BD00000000000000000000000070786038603D5
:102BE0008E038E034E034E034A035A035A033A03DD
:102BF0003203320332031203870700000000000093
:102C0000000000000000000000008E0F0C021C02FB
:102C10001C0234023402640264024402C4028402CC
:102C200084038403040304031F0200000000000067
:102C300000000000000000000000F00098010C03FC
:102C40000C02060606060606060606060606060622
:102C500006060C020C039801F000000000000000C2
:102C600000000000000000000000FF000603060650
:102C700006060606060606068603FE000600060091
:102C800006000600060006001F000000000000000D
:102C900000000000000000000000F00098010C039C
:102CA0000C020606060606060606060606060606C2
:102CB00076064C02CC039801F00080070003000068
:102CC00000000000000000000000FF0106030606EF
:102CD0000606060606060603FE004600C600860037
:102CE00086010603060306060F0E00000000000022
:102CF00000000000000000000000F8020C030602C3
:102D0000060206000E003C00F800E0038003000706
:102D10000206020606060C03F00100000000000097
:102D200000000000000000000000FE0762046108CF
:102D3000610860006000600060006000600060008A
:102D40006000600060006000F8010000000000000A
:102D5000000000000000000000001E070C020C0232
:102D60000C020C020C020C020C020C020C020C02F3
:102D70000C020C020C021801F00000000000000020
:102D8000000000000000000000000F070602040120
:102D900004010C010C018800880098009800500084
:102DA00050007000300020002000000000000000F3
:102DB00000000000000000000000F70E6204420462
:102DC0004604460464026402E402E4029C029C019C
:102DD0009801980188018800880000000000000028
:102DE000000000000000000000009E070C01080128
:102DF00018019000B0006000200060006000D0006A
:102E000090008801080104038E0700000000000004
:102E1000000000000000000000000F0F0604040284
:102E20000C0208011801B800B000700060006000DA
:102E30006000600060006000F80100000000000019
:102E400000000000000000000000FC070C02060368
:102E5000020180018000400040002000200010009E
:102E6000180008040C040402FE0300000000000027
:102E700000000000E00320002000200020002000CF
:102E80002000200020002000200020002000200042
:102E9000200020002000200020002000E00300008F
:102EA000000000000000000004000400080008000A
:102EB0001000100010002000200040004000C00062
:102EC00080008000000100010002000200020004F6
:102ED000000000007C004000400040004000400036
:102EE00040004000400040004000400040004000E2
:102EF0004000400040004000400040007C000000D6
:102F000000006000900008010000000000000000C8
:102F100000000000000000000000000000000000B1
:102F200000000000000000000000000000000000A1
:102F30000000000000000000000000000000000091
:102F40000000000000000000000000000000000081
:102F50000000000000000000000000000000FF0F63
:102F600000000000180060000000000000000000E9
:102F70000000000000000000000000000000000051
:102F80000000000000000000000000000000000041
:102F90000000000000000000000000000000000031
:102FA00000000000F0010C030C030003E0031C030D
:102FB0000E03060306038E0B7C0E000000000000CB
:102FC000000000000000000008000E000C000C00D3
:102FD0000C000C00CC013C031C060C060C060C0675
:102FE0000C060C060C021C03E401000000000000AB
:102FF00000000000000000000000000000000000D1
:1030000000000000F0008C018C0186010600060023
:10301000060006020C020C01F00000000000000097
:1030200000000000000000000002C00300030003D5
:103030000003000378038C030C0306030603060356
:103040000603060304038C0778010000000000005B
:103050000000000000000000000000000000000070
:1030600000000000E001180308020C060C06FC0733
:103070000C000C0018041802E00100000000000021
:1030800000000000000000000000C00360063006E1
:1030900030003000FE0130003000300030003000E1
:1030A0003000300030003000FC0100000000000063
:1030B0000000000000000000000000000000000010
:1030C00000000000F007D8068C018C018C019801EB
:1030D000F8000C00FC00CC03060306038E03F80086
:1030E000000000000000000008000E000C000C00B2
:1030F0000C000C00EC011C030C030C030C030C0370
:103100000C030C030C030C039E07000000000000DE
:1031100000000000000000000000600060000000EF
:10312000000040007C006000600060006000600003
:103130006000600060006000FC0300000000000010
:1031400000000000000000000000C001C0010000FD
:1031500000000001F00180018001800180018001F8
:10316000800180018001800180018001CC007C0011
:10317000000000000000000008000E000C000C0021
:103180000C000C008C038C008C004C006C005C006C
:103190008C008C010C010C039E0700000000000055
:1031A000000000000000000040007C0060006000A3
:1031B000600060006000600060006000600060000F
:1031C0006000600060006000FC0300000000000080
:1031D00000000000000000000000000000000000EF
:1031E000000000003707EE066606660666066606FD
:1031F0006606660666066606FF0F00000000000011
:1032000000000000000000000000000000000000BE
:1032100000000000EE011C030C030C030C030C0364
:103220000C030C030C030C039E07000000000000BD
:10323000000000000000000000000000000000008E
:1032400000000000F00098010C03060606060606C2
:10325000060606060C030C03F00000000000000048
:10326000000000000000000000000000000000005E
:1032700000000000EE011C030C060C060C060C06F8
:103280000C060C060C031C03EC010C000C003E00A9
:10329000000000000000000000000000000000002E
:1032A0000000000078028C030C03060306030603EB
:1032B0000603060304038C03780300030003C0071E
:1032C00000000000000000000000000000000000FE
:1032D000000000009F035806380618001800180068
:1032E0001800180018001800FF000000000000007F
:1032F00000000000000000000000000000000000CE
:1033000000000000F0031C030C020C023800F00067
:10331000C003040304038C03FC0100000000000050
:10332000000000000000000000000000200020005D
:1033300030003000FE01300030003000300030003E
:103340003000300030023002E001000000000000D8
:10335000000000000000000000000000000000006D
:10336000000008028E030C030C030C030C030C0377
:103370000C030C030C039C07780100000000000004
:10338000000000000000000000000000000000003D
:10339000000000001E070C0208010801180190003F
:1033A000B000B000600060002000000000000000DD
:1033B000000000000000000000000000000000000D
:1033C00000000000F70E6204460464026402EC028E
:1033D0009C0198019801980108000000000000007D
:1033E00000000000000000000000000000000000DD
:1033F00000000000BC0718011001B0006000600070
:10340000E0009000080108039E0700000000000093
:1034100000000000000000000000000000000000AC
:10342000000000009E0708010801080190009000BC
:10343000B0006000600060002000200024001C003C
:10344000000000000000000000000000000000007C
:1034500000000000FC018401C40044006000200062
:103460003000180208020C03FC01000000000000FC
:1034700000000000000380008000800080008000C9
:10348000800080008000400020004000800080001C
:103490008000800080008000800080000003000029
:1034A000400040004000400040004000400040001C
:1034B000400040004000400040004000400040000C
:1034C00040004000400040004000400040004000FC
:1034D000000000000C001000100010001000100090
:1034E000100010001000200040002000100010000C
:1034F0001000100010001000100010000C00000060
:1035000000001C002204C204800300000000000030
:1035100000000000000000000000000000000000AB
:10352000000000000000000000000000000000009B
:10353000000000000000000000000000000000008B
:10354000000000000000000000000000000000007B
:10355000000000000000000000000000000000006B
:10356000000000000000000000000000000000005B
:1035700000000000000000000000C001C001C00108
:10358000C001C001C001C001800080008000800037
:10359000800080008000000000000000000080012A
:1035A000C003C00380010000000000000000000014
:1035B000000000000000E01CE01CF01E700E380748
:1035C0001803080184000000000000000000000053
:1035D00000000000000000000000000000000000EB
:1035E00000000000000000000000000000000000DB
:1035F000000000000000000000000000201020106B
:10360000201020102010FE7FFE7F100810081008E8
:103610001008100810081008FE7FFE7F0804080438
:103620000804080408040000000000000000000076
:10363000000000000000000000010001C007601948
:10364000103118311839183938017001E001C00300
:103650008007000F001D003900311C311C310C3176
:103660000C11180DE007000100010001000000002E
:103670000000000000000000000000001C103618D0
:103680006308630C63046304630263026301361D11
:103690009C378022806340634063206320633063F3
:1036A00010221836081C0000000000000000000076
:1036B000000000000000000000000000F000980181
:1036C0008C018C018C018C018C00CC007800183EA0
:1036D0001C083608320863046304C304C30383432D
:1036E00006438E26781C0000000000000000000049
:1036F0000000000000001C003C003C0030003000D6
:1037000010000C0006000000000000000000000097
:1037100000000000000000000000000000000000A9
:103720000000000000000000000000000000000099
:103730000000000000000040002000100008000C05
:1037400000040006000300030003800180018001E3
:1037500080018001800180018001000300030003DB
:1037600000060006000C00080010002000400000C9
:1037700000000000000002000400080010003000FB
:1037800020006000C000C000C000800180018001F6
:1037900080018001800180018001C000C000C00064
:1037A000600060003000100008000400020000000B
:1037B0000000000000000000000000000000000009
:1037C00000018003800300011C713C79783DC00733
:1037D0000001C007783D3C791C7100018003800323
:1037E0008001000000000000000000000000000058
:1037F00000000000000000000000000000000000C9
:1038000000000001000100010001000100010001B1
:10381000FC7F000100010001000100010001000126
:103820000000000000000000000000000000000098
:103830000000000000000000000000000000000088
:103840000000000000000000000000000000000078
:103850000000000000000000000000000000000068
:103860001C003C003C003000300010000C00060042
:103870000000000000000000000000000000000048
:103880000000000000000000000000000000000038
:10389000FE7F0000000000000000000000000000AB
:1038A0000000000000000000000000000000000018
:1038B0000000000000000000000000000000000008
:1038C00000000000000000000000000000000000F8
:1038D00000000000000000000000000000001800D0
:1038E0003C003C0018000000000000000000000048
:1038F00000000000000000400060002000300010C8
:1039000000180008000C000400060002000300017B
:1039100080018000C00040006000200030001000E6
:10392000180008000C00040006000200000000005F
:10393000000000000000000000000000C007600C54
:1039400030181830183018200C600C600C600C60B7
:103950000C600C600C600C600C6018201830183083
:103960003018600CC00700000000000000000000DC
:1039700000000000000000000000000000018001C5
:10398000F8018001800180018001800180018001B7
:10399000800180018001800180018001800180011F
:1039A0008001C003F81F00000000000000000000BC
:1039B000000000000000000000000000E007101CF4
:1039C0000818043004300C300C30003000180008A7
:1039D0000004000200018000400020201020082088
:1039E0000430FC1FFC1F000000000000000000006D
:1039F000000000000000000000000000E003180EBE
:103A00000C0C0C180C180C180018000C0006C00345
:103A1000000E00180010003000300C300C300C107C
:103A20000C18180CE003000000000000000000006B
:103A3000000000000000000000000000000C000E6C
:103A4000000E000F800E800E400E600E200E100E35
:103A5000100E080E040E040EFE7F000E000E000E67
:103A6000000E000E000EC07F0000000000000000ED
:103A7000000000000000000000000000F03FF03FE8
:103A800010001000100008000800C807280C1818C3
:103A9000081000300030003000300C300C300418BA
:103AA0000418080CF00300000000000000000000F3
:103AB000000000000000000000000000800FC010A7
:103AC000203010301800180008000C008C0F6C1803
:103AD0003C301C600C600C600C600C60186018209E
:103AE00030306018C0070000000000000000000037
:103AF000000000000000000000000000F83FF83F58
:103B00001C100C0804080404000400020002000158
:103B100000010001800080008000C000C000C000E3
:103B2000C000C000C0000000000000000000000055
:103B3000000000000000000000000000E007300C62
:103B400018180C300C300C301C3038187008E00796
:103B5000B007180E0C1C063806300630063006304A
:103B60000C18180CE003000000000000000000002A
:103B7000000000000000000000000000E003180446
:103B80000C080C18061006300630063006300638D1
:103B90000C3C1836F03100300018001800180C0CDE
:103BA0000C060C03F0010000000000000000000003
:103BB0000000000000000000000000000000000005
:103BC000000000000000000000008001C003C003EE
:103BD00080010000000000000000000000008001E3
:103BE000C003C003800100000000000000000000CE
:103BF00000000000000000000000000000000000C5
:103C000000000000000000000000C000C000000034
:103C100000000000000000000000000000000000A4
:103C20000000C000C0008000800040004000000094
:103C3000000000000000000000000020001000084C
:103C40000004000600038001C0006000300018007E
:103C50000C00180030006000C00080010003000666
:103C60000004000800100020000000000000000018
:103C70000000000000000000000000000000000044
:103C800000000000000000000000FE7F00000000B7
:103C9000000000000000FE7F0000000000000000A7
:103CA0000000000000000000000000000000000014
:103CB00000000000000000000000040008001000E8
:103CC00020006000C000800100030006000C001806
:103CD00000300018000C000600038001C0006000E6
:103CE0002000100008000400000000000000000098
:103CF00000000000000000000000C007301808307D
:103D000008600C601C601C601C600030001C000619
:103D10000001800080008000800000000000800121
:103D2000C003C0038001000000000000000000008C
:103D3000000000000000000000000000C007601844
:103D4000103018200C2F8C4D864CC64CC64C664C3F
:103D500066446644662666266615CC1C0C40082020
:103D600018303018C00700000000000000000000FC
:103D7000000000000000000000000001C001C001C0
:103D8000C001400160032003200320033006100619
:103D900010061006F80F080C080C080C0C0C041880
:103DA000041806181F7C000000000000000000003E
:103DB000000000000000000000000000FE07181CCA
:103DC000183818301830183018301818180CF80730
:103DD00018181830182018601860186018601860DB
:103DE00018301818FE0F000000000000000000004E
:103DF000000000000000000000000000C027603844
:103E0000103018200C400C4004000600060006008C
:103E1000060006000600060006000C400C400C20C0
:103E200018303018C007000000000000000000003B
:103E3000000000000000000000000000FE03180E5B
:103E4000181818301830183018601860186018608A
:103E50001860186018601860186018301830181052
:103E60001818180EFE0300000000000000000000FB
:103E7000000000000000000000000000FE3F1830BD
:103E8000182018601840180018081808180CF80FA7
:103E9000180C1808180818001800180018401840C6
:103EA00018201830FE3F0000000000000000000055
:103EB000000000000000000000000000FE7F1870FD
:103EC000184018C018801800181018101818F81F7B
:103ED00018181810181018001800180018001800EA
:103EE000180018007E000000000000000000000024
:103EF000000000000000000000000000C013701C63
:103F0000101018100C200C200400060006000600FB
:103F10000600060006FC063006300C300C30183067
:103F200018303008C007000000000000000000004A
:103F30000000000000000000000000003F7E0C18A0
:103F40000C180C180C180C180C180C180C180C1851
:103F5000FC1F0C180C180C180C180C180C180C184A
:103F60000C180C183F7E000000000000000000004C
:103F7000000000000000000000000000F81F8001A9
:103F80008001800180018001800180018001800129
:103F90008001800180018001800180018001800119
:103FA00080018001F81F00000000000000000000F8
:103FB000000000000000000000000000E07F00069C
:103FC00000060006000600060006000600060006C1
:103FD00000060006000600060006000600060006B1
:103FE00000060006000600060E060E038E01FC0009
:103FF0000000000000000000000000007E7C181897
:104000001808180418061802180198019801D80118
:10401000B803380318071806180E180C181C1818BF
:10402000183018307EFC0000000000000000000086
:104030000000000000000000000000007E001800EA
:1040400018001800180018001800180018001800B0
:104050001800180018001800180018001840184020
:1040600018201830FE3F0000000000000000000093
:104070000000000000000000000000001FF81C38D5
:104080001C381C381C3C34343434343434367432E8
:104090006432643264326431C431C431C431C430F6
:1040A000C43084309FFC00000000000000000000CD
:1040B0000000000000000000000000001F7C1C1039
:1040C0003C103410341074106410E410C410C41187
:1040D00084118413041304170416041E041C041C06
:1040E000041C04181F18000000000000000000005D
:1040F000000000000000000000000000C003300CC1
:10410000181808100C300C30066006600660066057
:10411000066006600660066006600C200C30081021
:104120001818300CC0030000000000000000000060
:10413000000000000000000000000000FE0F181842
:104140001830186018601860186018601830181857
:10415000F80F1800180018001800180018001800B0
:10416000180018007E0000000000000000000000A1
:10417000000000000000000000000000C003300C40
:1041800018180C100C300C200660066006600660E3
:1041900006600660066006600660E4612C331C322F
:1041A0001816300EC007004C007C003800000000DC
:1041B000000000000000000000000000FE07181CC6
:1041C000183818301830183018301818180CF8072C
:1041D00098031803180718061806180E180C180C60
:1041E000181C18187E780000000000000000000075
:1041F000000000000000000000000000E027303850
:1042000018300C200C200C000C0018007800E00383
:10421000800F001E003800700060046004600860B9
:1042200018303818C80F000000000000000000001F
:10423000000000000000000000000000FC3F8C2196
:10424000846182418241800180018001800180017E
:104250008001800180018001800180018001800156
:1042600080018001E0070000000000000000000065
:104270000000000000000000000000003F7C0C1067
:104280000C100C100C100C100C100C100C100C104E
:104290000C100C100C100C100C100C100C100C103E
:1042A00008083804E00300000000000000000000DF
:1042B0000000000000000000000000003EF8182090
:1042C00018201820301030103010301060086008AE
:1042D0006008E00CC004C004C004800380038003B5
:1042E0008003000100010000000000000000000049
:1042F000000000000000000000000000DFF3866105
:10430000862186218C210C218C238C138C138C13F9
:104310004C1358125816580E380E380E380E300CF2
:104320001004100410040000000000000000000051
:104330000000000000000000000000007E3E1808A1
:1043400038083004300470026002E001C001C0018E
:10435000800180034003400720062006100C100C4B
:10436000081808183E7C0000000000000000000053
:104370000000000000000000000000007E7C1C1017
:10438000181018083008300C700460046002C00275
:10439000C002C00180018001800180018001800194
:1043A00080018001E0070000000000000000000024
:1043B000000000000000000000000000F83F181896
:1043C0000818040C040E0006000700038003800197
:1043D000C001C000E00060007000300038201820EC
:1043E0001C100C18FE1F0000000000000000000060
:1043F000000000000000C03F4000400040004000BE
:1044000040004000400040004000400040004000AC
:10441000400040004000400040004000400040009C
:1044200040004000400040004000C03F000000004D
:104430000000000000000000000008001800180044
:10444000100030002000600060004000C0008000CC
:104450008001800100010003000200060006000444
:10446000000C0008001800180010003000200000A8
:10447000000000000000FC03000200020002000235
:10448000000200020002000200020002000200021C
:10449000000200020002000200020002000200020C
:1044A00000020002000200020002FC030000000003
:1044B0000000000000008007C00620081010000067
:1044C00000000000000000000000000000000000EC
:1044D00000000000000000000000000000000000DC
:1044E00000000000000000000000000000000000CC
:1044F00000000000000000000000000000000000BC
:1045000000000000000000000000000000000000AB
:10451000000000000000000000000000000000009B
:104520000000000000000000000000000000FFFF8D
:104530000000000000007800C00000010000000042
:10454000000000000000000000000000000000006B
:10455000000000000000000000000000000000005B
:10456000000000000000000000000000000000004B
:10457000000000000000000000000000000000003B
:1045800000000000000000000000F00318060C0C02
:104590000C0C000C800F700C1C0C0C0C060C060C88
:1045A000064C0C4FF838000000000000000000002E
:1045B0000000000000000000000010001E001800B5
:1045C00018001800180018001800180FD8183830F4
:1045D000386018601860186018601860186018203B
:1045E00038307818C8070000000000000000000004
:1045F00000000000000000000000000000000000BB
:1046000000000000000000000000C007700C181837
:1046100018180C180C000C000C000C000C201820B2
:1046200018103008C0070000000000000000000063
:10463000000000000000000000000010001E001834
:1046400000180018001800180018E01B301C18187B
:1046500018180C180C180C180C180C180C18081832
:10466000181C307AE0090000000000000000000083
:10467000000000000000000000000000000000003A
:1046800000000000000000000000C007300C1818F7
:1046900008100C300C30FC3F0C000C000C001820F3
:1046A00018107018C0070000000000000000000093
:1046B000000000000000000000000000003E80C379
:1046C00080C0C0C0C000C000C000FC1FC000C0004F
:1046D000C000C000C000C000C000C000C000C000DA
:1046E000C000C000F80F0000000000000000000043
:1046F00000000000000000000000000000000000BA
:1047000000000000000000000000C077306C1018AE
:104710001818181818181018300CF007180018007E
:10472000F00FF03F08700C600C600C603838E00F40
:104730000000000000000000000010001E00180033
:1047400018001800180018001800980FD8183830F2
:104750001830183018301830183018301830183019
:10476000183018307EFC000000000000000000003F
:104770000000000000000000000000008003800333
:1047800080030000000000000001F80180018001AA
:104790008001800180018001800180018001800111
:1047A00080018001F81F00000000000000000000F0
:1047B0000000000000000000000000000038003889
:1047C00000380000000000000010801F00180018D2
:1047D0000018001800180018001800180018001819
:1047E00000180018001800180018180C1806F0031C
:1047F0000000000000000000000010001E00180073
:1048000018001800180018001800183E180C180698
:10481000180318019801D801380318071806180C56
:10482000181C18187E7C000000000000000000002A
:10483000000000000000000000000001F8018001FD
:104840008001800180018001800180018001800160
:104850008001800180018001800180018001800150
:1048600080018001F81F000000000000000000002F
:104870000000000000000000000000000000000038
:1048800000000000000000000800EE1C9C338C318A
:104890008C318C318C318C318C318C318C318C3130
:1048A0008C318C31DE7B0000000000000000000035
:1048B00000000000000000000000000000000000F8
:1048C000000000000000000010001E0FD818383053
:1048D0001830183018301830183018301830183098
:1048E000183018307EFC00000000000000000000BE
:1048F00000000000000000000000000000000000B8
:1049000000000000000000000000C007701C103014
:1049100018300C600C600C600C600C600C6018307F
:1049200018303018C0070000000000000000000030
:104930000000000000000000000000000000000077
:10494000000000000000000010009E0F58183830D2
:104950001820186018601860186018601860183007
:1049600038307818980718001800180018007E00D2
:104970000000000000000000000000000000000037
:1049800000000000000000000000C023303C183888
:1049900018300C300C300C300C300C300C3008302F
:1049A0001838303CE033003000300030003000FC7C
:1049B00000000000000000000000000000000000F7
:1049C000000000000000000060007E3C6066606146
:1049D000E000E000600060006000600060006000D7
:1049E00060006000FE070000000000000000000002
:1049F00000000000000000000000000000000000B7
:104A000000000000000000000000E02730381830EF
:104A1000182018007000E003800F001C04300430E0
:104A20000C301C18EC0F000000000000000000001B
:104A30000000000000000000000000000000000076
:104A4000800080008000C000E000FC1FC000C000AB
:104A5000C000C000C000C000C000C000C000C02036
:104A6000C0208011000F00000000000000000000C6
:104A70000000000000000000000000000000000036
:104A8000000000000000000010201E3C183018300C
:104A900018301830183018301830183018301830D6
:104AA000183830F4E013000000000000000000009F
:104AB00000000000000000000000000000000000F6
:104AC000000000000000000000007E3C18181808DC
:104AD000380830043004700260026002E001C00156
:104AE000C001C000800000000000000000000000C5
:104AF00000000000000000000000000000000000B6
:104B000000000000000000000000DFF78E630C23AF
:104B10008C238C239813981358165816700E700E09
:104B2000700E2004200400000000000000000000BF
:104B30000000000000000000000000000000000075
:104B400000000000000000000000FC3E700870043F
:104B5000E004C002C0018003800340076006200C0F
:104B6000100C18183E7E000000000000000000003D
:104B70000000000000000000000000000000000035
:104B8000000000000000000000007E7C18181808DB
:104B900030083008300460046004C002C002C00263
:104BA0008001800180018000800080004C003C007A
:104BB00000000000000000000000000000000000F5
:104BC00000000000000000000000FC1F0C0C040EA0
:104BD0000406000380038001C000E0007020302044
:104BE00038301C18FC1F000000000000000000000E
:104BF0000000000000000030000800040004000471
:104C00000004000400040004000400040004000286
:104C100080010002000400040004000400040004F9
:104C20000004000400040004000400080030000038
:104C3000000100010001000100010001000100016C
:104C4000000100010001000100010001000100015C
:104C5000000100010001000100010001000100014C
:104C6000000100010001000100010001000100013C
:104C70000000000000000C001000200020002000B8
:104C80002000200020002000200020002000400004
:104C90008001400020002000200020002000200093
:104CA0002000200020002000200010000C00000048
:104CB00000003800C400864002610022001C000091
:104CC00000000000000000000000000000000000E4
:104CD00000000000000000000000000000000000D4
:104CE00000000000000000000000000000000000C4
:104CF000E4B8AD200020002000FE032202220222A0
:104D000002FE032202200020002000E699AFFC01F1
:104D10000401FC010401FC012000FF070401FC0167
:104D2000200024013202E59BADFE070204FA0402D2
:104D3000040204FE05520452044A0586050204FEDC
:104D400007E794B510001000FF0111011101FF01E8
:104D500011011101FF0111041004E007E5AD9000FD
:104D600000FC018000400020002000FF0720002000
:104D700000200020003800E4B8AD800080008000F2
:104D80008000FC1F84108410841084108410FC1F89
:104D900084108000800080008000E699AFF80F0842
:104DA00008F80F0808F80F8000FF7F0000F80F08D0
:104DB000080808F80F80008410A2204000E59BAD91
:104DC0000000FE3F0220F22702200220FA2F2221BB
:104DD00022212221122912290A2E0220FE3F02201E
:104DE000E794B5800080008000FC1F84108410844C
:104DF00010FC1F841084108410FC1F84508040809D
:104E000040007FE5AD900000FE1F00080004000296
:104E100080018000FF7F8000800080008000800093
:104E20008000A0004000E4B8AD00000000000000D9
:104E30001800000800000800000800080818F8FF23
:104E40001F1808181808181808181808181808182B
:104E5000180818F8FF1F08080800080000080000DC
:104E600008000008000018000018000018000000EA
:104E700000E699AF000000000000400006C0FF07F8
:104E8000400006C0FF07400006C0FF0740080200C0
:104E90003000FEFF3F000000C0FF07C00002C0005E
:104EA00002C00002C0FF0380100080110160100EDC
:104EB0003010180C1E30001C00000000E59BAD00F7
:104EC0000000000000080030F8FF1F08001008C0B4
:104ED00010083F10080010080010080013C8FF1049
:104EE0000822100822100822100822100821120897
:104EF000211488601648C013280010080010F8FF1D
:104F00001F080010000000E794B50000000000003A
:104F1000001800000800000800000800F0FF0F1053
:104F20000804100804100804100804F0FF07100813
:104F300004100804100804100804F0FF071008000B
:104F400000081000081000082000183000F01F00B2
:104F50000000E5AD90000000000000000004F0FF3C
:104F60000F00000600000100C0000028000018002B
:104F7000001800001830FEFF7F0018000018000025
:104F80001800001800001800001800001800001891
:104F900000001800001F00000C00000000E4B8AD85
:104FA0000000000000000000008000000080010000
:104FB00000800100008001000080010000800100ED
:104FC0001080010CF0FFFF0F3080010430800104DD
:104FD00030800104308001043080010430800104FD
:104FE0003080010430800104F0FFFF0730800104AD
:104FF0003080010400800100008001000080010079
:10500000008001000080010000800100008001009C
:10501000008001000080010000800000000000000E
:10502000E699AF0000000000000000000000000052
:1050300001800100FFFF01000380010003800100E7
:10504000FFFF01000380010003800100FFFF01005A
:10505000818100000003000000031CFCFFFF3F00F3
:105060000040000003C00100FFFF010003C000007A
:1050700003C0000003C00000FFFF0000014100006A
:10508000040100000E71000007810180010107602A
:1050900000010E1898011C04E0011800C000000077
:1050A000000000E59BAD00000000000000000000D3
:1050B0000008F0FFFF1F3000000C3000000C300033
:1050C000100C30FE3F0C3004000C3000000C30009F
:1050D000000C3000000C3000C00CF0FFFF0D303031
:1050E000060E3030060C3010060C3010060C301056
:1050F000060C3018860C3018860C3008060D300C63
:10510000860D3006EE0F3002FC0D3001000CF00071
:10511000000C3000000CF0FFFF0F3000000C1000FE
:10512000000400000000E794B5000000000000004B
:105130000000C0000000C0010000C0000000C0006E
:105140000000C0000000C00000E0FFFF0360C000DE
:105150000360C0000360C0000360C0000360C000C3
:105160000360C00003E0FFFF0360C0000360C000F5
:105170000360C0000360C0000360C00003E0FFFFE5
:105180000360C0000160C0000000C0000800C00053
:105190001000C0001000C0001800C001380080FFDF
:1051A0001F0000000000000000E5AD9000000000BE
:1051B000000000000000000000000003C0FFFF0727
:1051C000000080070000C000000060000000180020
:1051D00000000C000080030000800300008001003C
:1051E000008001080080011CFCFFFF3F00800100DF
:1051F00000800100008001000080010000800100AB
:10520000008001000080010000800100008001009A
:1052100000800100008001000080010000FC01000E
:1052200000E000000040000000000000FFFFFFFF62
:10523000FFFFFFFFFFFFFFFFFFFFFFFFFFFFFFFF7E
:10524000FFFEFFFEFFDEFFDFFFDFFFDFFFDFFFDE32
:10525000FFDFFFDEFFDEFFFEFFFFFFDFFFFEFFFFE2
:10526000FFFFFFFEFFFFFFFFFFFFFFFFFFFEFFFF50
:10527000FFFFFFFFFFFFFFFFFFFFFFFFFFFFFFFF3E
:10528000FFFFFFDEFFDEFFDEFFDEFFDEFFDEFFDE15
:10529000FFFEFFFEFFFEFFDEFFFEFFFFFFFFFFFF43
:1052A000FFFFFFFFFFFFFFFFFFFFFFFFFFFFFFDF2E
:1052B000FFFFFFFFFFFFFFFFFFFFFFFFFFDFFFDF3E
:1052C000FFFFFFFFFFFFFFFFFFFFFFFFFFFFFFFFEE
:1052D000FFFFFFFFFFFFFFDFFFDFFFFFFFFFFFFF1E
:1052E000FFFFFFFFFFFFFFDFFFFFFFDFFFDFFFDF4E
:1052F000FFDFFFDFFFDEFFDEFFDEFFDEFFDEFFFEA4
:10530000FFFEFFDEFFDEFFDEF7DEFFDEFFDEFFDE9D
:10531000FFDEFFDEFFDFFFDEFFDEFFDEFFDEFFDEA4
:10532000FFDEFFDEFFDEFFDEFFDEFFDEFFDEFFDF94
:10533000FFDFFFFFFFFFFFDEFFFEFFDEFFDEFFDE22
:10534000FFDEFFDEFFDEFFDEFFDEFFDEFFDEFFDE75
:10535000FFBFFFDEFFDEFFDEFFDEFFDEFFDEFFDE84
:10536000FFDEFFDEFFDEFFDEFFDEFFDEFFBEFFDE75
:10537000FFDEFFDEFFDEFFDEFFDEFFDEFFDEFFDE45
:10538000FFDFFFDFFFDFFFDFFFDFFFDFFFFFFFDF0D
:10539000FFFFFFFFFFFFFFFFFFFFFFFFFFFFFFFF1D
:1053A000FFFFFFFFFFFFFFFFFFFFC6187C1094D435
:1053B000A5359CF494F494B1B594EF7DFFFFFFFF05
:1053C000FFFFFFFFFFFFFFFFFFFFFFFFFFDEFFFF0E
:1053D000FFDFFFFFFFFFFFFFFFFFFFFFFFDFFFDF3D
:1053E000FFFFFFDFFFFFFFFFFFDFFFFFFFFFFFFF0D
:1053F000FFFFFFFFFFFFFFFFFFFFFFFFFFDFFFFFDD
:10540000FFFFFFFFFFFFFFFFFFFFFFFFFFFFFFFFAC
:10541000FFFFFFFFFFFFFFFFFFFFFFFFFFFFFFFF9C
:10542000FFFEFFFEFFDFFFDFFFDFFFDEFFDFFFDF4F
:10543000FFDFFFDFFFDFFFFFFFDFFFDFFFFFFFDF3C
:10544000FFDFFFFEFFFFFFDEFFFFFFFFFFFFFFFFAE
:10545000FFFFFFFFFFFFFFFFFFFFFFFFFFDFFFFF7C
:10546000FFFEFFFEFFDEFFDEFFDEFFDEFFDEFFDE14
:10547000FFFEFFFEFFFEFFFEFFFFFFFEFFFFFFFF41
:10548000FFFFFFFFFFFFFFFFFFFFFFFFFFDFFFDF6C
:10549000FFFFFFFFFFFFFFDFFFDFFFFFFFFFFFDF7C
:1054A000FFDFFFFFFFFFFFFFFFFFFFFFFFFFFFDF4C
:1054B000FFFFFFFFFFFFFFFFFFFFFFFFFFFFFFFFFC
:1054C000FFDFFFFFFFFFFFFFFFFFFFDFFFDFFFDF6C
:1054D000FFDFFFDEFFDEFFDEFFFEFFFEFFFEFFDE83
:1054E000FFDEFFDEFFDEFFDEF7DEFFDEFFDEFFDEDC
:1054F000FFDEFFDEFFDEFFDEFFFEFFFEFFDEFFDE84
:10550000FFDEFFDEFFDEFFDEFFDEF7DEFFDFFFDFB9
:10551000FFDFFFDFFFDFFFDEFFFEFFDEFFDEFFDE80
:10552000FFDEFFDEFFDEFFDEFFDEFFDEFFDEFFDE93
:10553000FFDEFFDEFFDEFFDEFFDEFFDEFFDEFFDE83
:10554000FFDEFFDEFFDEFFDEFFDEFFDEFFDEFFDE73
:10555000FFDEFFDEFFDEFFDEFFDEFFDEFFDEFFDF62
:10556000FFDFFFDFFFDFFFDFFFFFFFFFFFDFFFFFEB
:10557000FFFFFFFFFFFFFFFFFFDFFFFFFFFFFFFF5B
:10558000FFFFFFFFFFFFFFFFDEFBA5347BCF738E26
:105590006B4D6B6E5AEC632CAD54F79DFFFFFFFF14
:1055A000FFFFFFFFFFFFFFFFFFFFFFFFFFFFFFDF2B
:1055B000FFFFFFFFFFDFFFFFFFFFFFFFFFDFFFFF3B
:1055C000FFFFFFFFFFFFFFFFFFFFFFFFFFFFFFFFEB
:1055D000FFFFFFFFFFFFFFFFFFFFFFDFFFFFFFFFFB
:1055E000FFFFFFFFFFFFFFFFFFFFFFFFFFFFFFFFCB
:1055F000FFFFFFFFFFFFFFFFFFFFFFFFFFFFFFFFBB
:10560000FFDEFFDFFFDFFFDFFFDFFFDEFFDEFFDFAD
:10561000FFDEFFDEFFDFFFDFFFDFFFDFFFDFFFDF9C
:10562000FFFFFFFFFFFFFFFFFFFFFFFFFFFFFFFF8A
:10563000FFFFFFFFFFFFFFFFFFFFFFFFFFFFFFFF7A
:10564000FFFEFFFEFFDEFFDEFFDEFFDEFFDEFFDE32
:10565000FFDEFFFEFFFFFFFFFFFFFFFFFFFFFFFF7C
:10566000FFFFFFFFFFFFFFFFFFFFFFFFFFFFFFFF4A
:10567000FFFFFFFFFFFFFFFFFFFFFFFFFFFFFFDF5A
:10568000FFDFFFFFFFFFFFFFFFFFFFFFFFFFFFDF6A
:10569000FFDFFFFFFFFFFFFFFFFFFFFFFFFFFFFF3A
:1056A000FFFFFFFFFFFFFFFFFFFFFFDFFFDFFFDF6A
:1056B000FFDFFFDFFFFEFFFFFFFEFFFFFFFEFFFE3E
:1056C000FFDEFFDEFFDEFFDEFFDEFFDEFFDEFFDEF2
:1056D000F7DEFFDEFFDEFFDEFFDEFFDEFFDEFFDEEA
:1056E000FFDEFFDEFFDEFFDEFFDEFFDEFFDFFFDFD0
:1056F000FFDEFFDEFFDEFFDEFFDEFFDEFFDEFFDEC2
:10570000F7DEF7DEFFDEFFDEFFDEFFDEFFDEFFDEC1
:10571000FFDEFFDEFFDEFFDEFFDEFFDEFFFEFFDE81
:10572000FFDEFFDEFFDEFFDEFFDEFFDEFFDFFFDF8F
:10573000FFDEFFFEFFDEFFDEFFDEFFDEFFDFFFDF5F
:10574000FFDFFFDFFFFFFFFFFFFFFFFFFFFFFFFFA9
:10575000FFFFFFFFFFDFFFFFFFFFFFFFFFFFFFFF79
:10576000FFFFFFFFFFFFFFFFCE597C0F5AAB632DFA
:105770006B6E5B0D5AED7BF0FFFFFFFFFFFFFFFF3E
:10578000FFFFFFFFFFFFFFFFFFFFFFFFFFFFFFFF29
:10579000FFFFFFFFFFFFFFFFFFFFFFFFFFFFFFFF19
:1057A000FFFFFFFFFFFFFFFFFFFFFFFFFFFFFFFF09
:1057B000FFFFFFFFFFFFFFFFFFFFFFFFFFFFFFFFF9
:1057C000FFFFFFFFFFFFFFFFFFFFFFFFFFFFFFFFE9
:1057D000FFFFFFFFFFFFFFFFFFFFFFFFFFFFFFFFD9
:1057E000FFDFFFDFFFDEFFFEFFDEFFDEFFDEFFDEAF
:1057F000FFDEFFDEFFDEFFDEFFDEFFDEFFDFFFDEC0
:10580000FFFFFFFFFFFFFFFEFFFEFFFFFFFFFFFFAA
:10581000FFFFFFFFFFFFFFFFFFFFFFFFFFFFFFFF98
:10582000FFFEFFFEFFDEFFDEFFDEFFDEFFDEFFDE50
:10583000FFDFFFDFFFFFFFFFFFFFFFFFFFFFFFFFB8
:10584000FFFFFFFFFFFFFFFFFFFFFFFFFFDFFFFF88
:10585000FFFFFFFFFFFFFFFFFFFFFFFFFFFFFFFF58
:10586000FFFFFFFFFFFFFFDFFFFFFFFFFFFFFFFF68
:10587000FFFFFFFFFFFFFFFFFFFFFFFFFFFFFFFF38
:10588000FFFFFFFFFFFFFFDFFFDFFFFFFFFFFFFF68
:10589000FFFFFFFFFFFFFFFFFFFEFFFEFFDFFFFF3A
:1058A000FFDEFFDEFFDEFFDEFFDEFFDEFFDEFFDE10
:1058B000FFDEF7DEFFDEFFDEFFDEFFDEFFDEFFDE08
:1058C000FFDEFFDEFFDEFFDEFFDEFFDEFFDFFFDEEF
:1058D000FFDEFFDEFFDEFFDFFFDFFFDEFFDEF7DEE6
:1058E000F7DEFFDEFFDEF7DEFFBEFFBEF7DEFFDE28
:1058F000FFDEFFDEFFDEFFDFFFDFFFDEFFDEFFDEBE
:10590000FFDEFFDEFFDEFFDEFFDEFFDFFFDFFFDFAC
:10591000FFDFFFDFFFFEFFFEFFFEFFDEFFDEFFDF3C
:10592000FFFFFFFFFFFFFFFFFFFFFFFFFFDFFFFFA7
:10593000FFFFFFFFFFFFFFFFFFFFFFFFFFFFFFFF77
:10594000FFFFFFFFFFFFFFFFFFFFB5D65AEC8C9272
:10595000BE59B5F8A596B5D6FFFFFFFFFFFFFFFFC5
:10596000FFFFFFFFFFFFFFFFFFFFFFFFFFFFFFFF47
:10597000FFFFFFFFFFFFFFFFFFFFFFDFFFDFFFFF77
:10598000FFFFFFFFFFFFFFFFFFFFFFFFF7BEEF7C03
:10599000EF7CFFFFFFFFFFFFFFFFFFFFFFFFFFFFAA
:1059A000FFFFFFFFFFFFFFFFFFFFFFFFFFFFFFFF07
:1059B000FFFFFFFFFFFFFFFFFFFFFFFFFFFFFFFFF7
:1059C000FFDFFFDFFFDEFFDEFFDEFFDEFFDEFFDEED
:1059D000FFDEFFDEFFDEFFDEFFFEFFDEFFDFFFDFBD
:1059E000FFDFFFDFFFDFFFFFFFFFFFFFFFFFFFFF27
:1059F000FFFFFFFFFFFFFFFFFFFFFFFFFFDFFFFFD7
:105A0000FFFFFFFEFFFEFFDEFFDEFFDEFFFEFFDE2D
:105A1000FFDFFFDFFFFFFFFFFFFFFFFFFFFFFFFFD6
:105A2000FFFFFFFFFFFFFFFFFFFFFFFFFFDFFFDFC6
:105A3000FFFFFFFFFFDFFFFFFFFFFFFFFFFFFFFF96
:105A4000FFFFFFFFFFFFFFDFFFFFFFFFFFFFFFFF86
:105A5000FFDFFFFFFFFFFFFFFFFFFFFFFFFFFFFF76
:105A6000FFFFFFFFFFFFFFFFFFDFFFFFFFFFFFFF66
:105A7000FFFFFFFFFFFFFFFFFFFEFFFEFFFFFFFE39
:105A8000FFFEFFDEFFDEFFDEFFDEFFDEFFDEFFDE0E
:105A9000F7DEF7DEFFDEFFDEFFDEFFDEFFDEFFDE2E
:105AA000FFDEFFDEFFDEFFDEFFDEFFDEF7DEFFDE16
:105AB000FFDEFFDEFFDEFFDFFFDFFFDEFFDEFFDEFC
:105AC000F7DEF7DEF7DEF7BEFFBEFFBEFFDEFFDE6E
:105AD000FFDEFFDEFFDFFFDFFFDFFFDEFFDEFFDEDB
:105AE000FFDEFFDEFFDEFFDEFFDFFFDFFFFFFFFF8A
:105AF000FFFFFFFFFFFFFFFFFFFEFFDEFFDFFFDF18
:105B0000FFFFFFFFFFFFFFFFFFFFFFFFFFFFFFFFA5
:105B1000FFFFFFFFFFFFFFFFFFFFFFFFFFFFFFFF95
:105B2000FFFFFFFFFFFFFFFFFFFFCE797C108CB26E
:105B300094D394F384508C509CF2D6DAFFFFFFFF8D
:105B4000FFFFFFFFFFFFFFFFFFFFFFFFFFFFFFFF65
:105B5000FFFFFFFFFFFFFFFFFFFFE75CE77CFFFFAB
:105B6000FFFFFFFFFFFFFFFFFFFFD6FA8CF28490DD
:105B70008490D6D9FFFFFFFFFFFFFFFFFFFFFFFF6E
:105B8000FFFFFFFFFFFFFFFFFFFFFFFFFFFFFFFF25
:105B9000FFFFFFFFFFFFFFFFFFFFFFFFFFFFFFFE16
:105BA000FFDEFFDEFFDEFFDEFFDEFFDEFFDEFFDE0D
:105BB000FFDEFFDEFFDEFFDEFFDEFFDEFFDEFFDFFC
:105BC000FFDFFFDFFFDFFFFFFFFFFFDFFFFFFFFF65
:105BD000FFFFFFFFFFFFFFFFFFFFFFFFFFFFFFFFD5
:105BE000FFFFFFFEFFFEFFFEFFDEFFDEFFFFFFFE0B
:105BF000FFFEFFDFFFDFFFFFFFFFFFFFFFFFFFFFF6
:105C0000FFFFFFFFFFFFFFFFFFFFFFDFFFFFFFFFC4
:105C1000FFFFFFFFFFFFFFFFFFFFFFDFFFFFFFFFB4
:105C2000FFFFFFFFFFFFFFDFFFFFFFFFFFFFFFFFA4
:105C3000FFFFFFFFFFBEF79EEF5DEF5DFFFFFFFF82
:105C4000FFFFFFFFFFFFFFFFFFFFFFFFFFFFFFDF84
:105C5000FFDFFFFFFFFFFFFFFFFEFFFEFFFEFFFE78
:105C6000FFFEFFDEFFDEFFDEFFDEFFDEFFDEFFDE2C
:105C7000F7DEFFDEFFDEFFDEFFDEFFDEFFDEFFDE44
:105C8000FFDEFFDEFFDEFFDEFFDEFFDFFFDEFFDE2B
:105C9000FFDFFFDEFFDEFFDEFFDEFFDEFFDEFFDE1B
:105CA000F7DEF7DEF7DEF7DEFFBEFFDEFFDEFFDE4C
:105CB000FFDEFFDEFFDFFFDFFFDFFFDEFFDEFFDEF9
:105CC000FFDEFFDEFFDEFFDFFFDFFFFFFFFFFFFF87
:105CD000FFFFFFFFFFFFFFDFFFDFFFDFFFFFFFFF34
:105CE000FFFFFFFFFFFFFFFFFFFFFFFFFFFFFFFFC4
:105CF000FFFFFFFFFFFFFFFFFFFFFFFFFFFFFFFFB4
:105D0000FFFFFFFFFFFFEF7DBDD79492630C5ACCDE
:105D1000528A5AEC73AF62EB6B2BE73BFFFFFFFF3E
:105D2000FFFFFFFFFFFFFFFFF7DED6DAD6D9E77CE4
:105D3000FFFFFFFFFFFFFFFFFFFFDF3BEF7CFFFFEA
:105D4000FFFFFFFFFFFFFFFFD6DA7C708D3374701B
:105D500074709511F7BDFFFFFFFFFFFFFFFFFFFF0F
:105D6000FFFFFFFFFFFFFFFFFFFFFFFFFFFFFFFF43
:105D7000FFFFFFFFFFFFFFFFFFFFFFFFFFFFFFFF33
:105D8000FFFEFFDEFFDEFFDEFFDEFFDEFFDEFFDE0B
:105D9000FFDEFFDEFFDEFFDEFFDEFFDEFFDEFFDE1B
:105DA000FFDFFFFFFFFEFFFEFFFFFFFFFFFFFFFF25
:105DB000FFFFFFFFFFFFFFFFFFFFFFFFFFFFFFDF13
:105DC000FFFFFFFFFFFFFFFEFFDEFFDFFFDEFFDE67
:105DD000FFDFFFDFFFFFFFFFFFFFFFFFFFFFFFFF13
:105DE000FFFFFFFFFFFFFFFFFFFFFFFFFFFFFFFFC3
:105DF000FFFFFFFFFFFFFFFFFFFFFFFFFFFFFFFFB3
:105E0000FFFFFFFFFFFFFFFFFFFFFFFFFFFFFFFFA2
:105E1000FFFFF79EDE39EEFBEEDBD618FFDFFFFF5C
:105E2000FFFFFFFFFFFFFFFFFFFFFFFFFFFFFFFF82
:105E3000FFFFFFFFFFFFFFFFFFFFFFFFFFFEFFFE74
:105E4000FFFEFFDEFFDEFFDEFFDEFFDEFFDEF7DE52
:105E5000FFDEFFDEFFDEFFDEFFDEFFDEFFDEFFDE5A
:105E6000FFDEFFDEFFDEFFDEFFDEFFDEFFDEFFDF49
:105E7000FFDEFFDEF7BEFFDEFFDEFFDEFFDEF7DE6A
:105E8000F7DEF7DEFFDEF7DEF7DEFFDEFFDEFFDE4A
:105E9000FFDEFFDFFFDFFFDFFFDEFFDFFFDFFFDF14
:105EA000FFDEFFDEFFDFFFDFFFDFFFFFFFFFFFFFA4
:105EB000FFFFFFFFFFFFFFFFFFFFFFFFFFFFFFDF12
:105EC000FFFFFFFFFFFFFFFFFFFFFFFFFFFFFFFFE2
:105ED000FFFFFFFFFFFFFFFFFFFFFFFFFFFFFFFFD2
:105EE000FFFFFFFFFFFFEF7D94B24A8A5B0D636EF9
:105EF000845195139D34740FAD95DF3BD6FAFFFFA7
:105F0000FFFFFFFFFFFFFFFFDEFA740E7C6FADF5B2
:105F1000FFFFFFFFFFFFFFFFFFFFDF3CC638FFFF74
:105F2000FFFFFFDFFFFFCEDA742F5BEE642F6C50B4
:105F30006C7163EDCED9FFFFFFFFFFFFFFFFFFFF97
:105F4000FFFFFFFFFFFFFFFFFFFFFFFFFFFFFFFF61
:105F5000FFFFFFFFFFFFFFFFFFFFFFDFFFFFFFFF71
:105F6000FFDEFFDEFFDEFFDEFFDEFFDFFFDEFFDE48
:105F7000FFDEFFDEFFDEFFDEFFDEFFDEFFDEFFDE39
:105F8000FFDFFFFFFFFFFFFFFFFFFFDFFFFFFFFF61
:105F9000FFFFFFFFFFFFFFFFFFFFFFFFFFDFFFFF31
:105FA000FFDFFFFFFFFFFFDFFFDFFFDFFFDFFFDFC1
:105FB000FFDFFFFFFFFFFFDFFFDFFFFFFFFFFFFF51
:105FC000FFFFFFFFFFFFFFFFFFFFFFFFFFFFFFFFE1
:105FD000FFFFFFFFFFFFFFFFFFDFFFFFFFFFFFFFF1
:105FE000FFDFFFFFFFFFFFFFFFFFFFFFFFFFFFFFE1
:105FF000FFFFF79DE619E67ADDF8CD96FFDEFFFF9D
:10600000FFFFFFFFFFFFFFFFFFFFFFFFFFFFFFFFA0
:10601000FFFFFFDFFFFFFFFFFFFFFFFFFFFFFFFFB0
:10602000FFFEFFDEFFDEFFDEFFDEFFDEFFDEFFDE68
:10603000FFDEFFDEFFDEFFDEFFDEFFDEFFDEFFDE78
:10604000FFDEFFDEF7BEFFDEFFDEFFDEFFDEFFBFAF
:10605000FFDEFFDEFFDEFFDEFFDEFFDEFFDEFFDE58
:10606000FFDEFFDEF7BEF7BEFFDEFFDEFFDEFFDE98
:10607000FFDFFFDFFFDFFFDFFFDEFFDFFFDFFFDF31
:10608000FFDFFFDFFFDFFFDFFFFFFFFFFFFFFFFFA0
:10609000FFFFFFFFFFFFFFFFFFFFFFFFFFFFFFFF10
:1060A000FFDFFFFFFFFFFFFFFFFFFFFFFFFFFFFF20
:1060B000FFFFF7BDBE36BE36EF7DFFFFFFFFFFFFE0
:1060C000FFFFFFFFFFFFFFFFE75C7C108CD3A555B0
:1060D000A55594F47C306BEF7C51740F9513E73B1E
:1060E000E71AFFDEFFFFFFFFDF3C744F536C8CF2BB
:1060F000E77BCEB8C697CEB8FFFFE75DA595AD9418
:1061000084B1CEB9FFFF84B16C0E63EE538D5B8C0E
:1061100053AD43099511FFFFFFFFFFFFFFFFFFFF97
:10612000FFFFFFFFFFFFFFFFFFFFFFFFFFFFFFFF7F
:10613000FFFFFFFFFFFFFFFFFFFFFFFFFFFFFFFF6F
:10614000FFDEFFFEFFFEFFDEFFDEFFDEFFDEFFDE27
:10615000FFDEFFDEFFDEFFDEFFDEFFDEFFDFFFDE56
:10616000FFDFFFFFFFFFFFFFFFDFFFFFFFFFFFFF7F
:10617000FFFFFFFFFFFFFFFFFFFFFFDFFFFFFFFF4F
:10618000FFDFFFFFFFFFFFFFFFFFFFFFFFFFFFDF5F
:10619000FFDFFFFFFFDFFFFFFFFFFFFFFFFFFFFF4F
:1061A000FFFFFFFFFFFFFFFFFFFFFFFFFFFFFFFFFF
:1061B000FFFFFFFFFFFFFFFFFFFFFFDFFFFFFFFE10
:1061C000FFFFFFFFFFFFFFFFFFFFFFFFFFFFFFFFDF
:1061D000FFFFFFBFDE38DE18F73DDE99EF5CFFFF03
:1061E000FFFFFFFFFFFFFFFFFFFFFFFFFFFFFFFFBF
:1061F000FFFFFFFFFFFFFFFFFFDFFFFFFFFFFFFFCF
:10620000FFDFFFDFFFDEFFDEFFDEFFBEFFDEFFDEC4
:10621000F7DEFFDEFFDEFFDEFFDEFFDEFFDEFFDE9E
:10622000FFDEFFDEFFDEFFDEFFDEFFDEFFDEFFDE86
:10623000FFDEFFDEFFDEFFDEFFDEFFDEFFDEFFDE76
:10624000FFDEFFDEFFDEFFDEFFDEFFDEFFDEFFDF65
:10625000FFDFFFDFFFDFFFDFFFDFFFFFFFFFFFFFEE
:10626000FFFFFFFFFFFFFFFFFFFFFFFFFFFFFFDF5E
:10627000FFFFFFFFFFFFFFFFFFFFFFFFFFFFFFFF2E
:10628000FFFFFFFFFFFFFFFFFFFFFFFFFFFFFFFF1E
:10629000CE997C90534A5B6A7C4FEF7DFFFFFFFFF6
:1062A000FFFFEF7DBE58DF1BDEFB94B38C728410C2
:1062B000632D52AB52AC52EC530C4A8A5B6C740E99
:1062C0007C0EA552DEFAE75CADD67C7074508D3240
:1062D00084EF6C2C63EB63EBAE159D759513740E18
:1062E0003AC88CF2FFFF8CD25BAD6C304B0B42EAAC
:1062F000742F7C70AD95FFFFFFFFF7BEFFFFFFFF20
:10630000FFFFFFFFFFFFFFFFFFFFFFFFFFFFFFFF9D
:10631000FFFFFFFFFFFFFFFFFFFFFFFFFFFFFFFF8D
:10632000FFFFFFFEFFDEFFDEFFDEFFDEFFDEFFDE44
:10633000FFDEFFDEFFDEFFDEFFDEFFDEFFDFFFDE74
:10634000FFDFFFDFFFFFFFFFFFDFFFFFFFDFFFDFFD
:10635000FFFFFFFFFFDFFFDFFFFFFFFFFFFFFFFF8D
:10636000FFFFFFFFFFFFFFFFFFFFFFFFFFFFFFDF5D
:10637000FFDFFFFFFFFFFFFFFFFFFFFFFFDFFFFF6D
:10638000FFFFFFFFFFFFFFFFFFFFFFFFFFDEFFFF3E
:10639000FFFFFFFFFFFFFFFFFFFFFFDFFFFFFFFF2D
:1063A000FFFFFFFFFFFFFFFFFFFFFFFFFFFFFFFFFD
:1063B000FFFFFFDFEF5CE69AF75EEF5DF79DFFFF03
:1063C000F7BEFFFFFFDFFFFFFFFFFFFFFFFFFFFF46
:1063D000FFFFFFFFFFFFFFFFFFFFFFDFFFFFFFFFED
:1063E000FFDFFFDFFFDEFFDEFFDEFFDEFFDEFFDEC3
:1063F000FFDEFFDEFFDEFFDEFFDEFFDEFFDEFFDEB5
:10640000FFDEFFDEFFDEFFDEFFDEFFDEFFDEFFDEA4
:10641000FFDEFFDEFFDEFFDEF7BEFFDEFFDEFFDEBC
:10642000FFDEFFDEFFDEFFDEFFDEFFDEFFDFFFDF82
:10643000FFFFFFFFFFFFFFDFFFFFFFFFFFFFFFFF8C
:10644000FFFFFFFFFFFFFFFFFFFFFFFFFFDFFFFF7C
:10645000FFFFFFFFFFFFFFFFFFFFFFFFFFFFFFFF4C
:10646000FFFFFFFFFFFFFFFFFFFFFFFFFFFF9D732A
:106470004B4B5BAE6C0F63CD63CCC678FFFFFFFF69
:10648000EF5D9D326BCC84707C306B6D630C5A8BEE
:106490006B2D6B8E5B4D6BAF632D3A4963AE638E94
:1064A0008CD27C5052EA5B4C638D5B6C7C7084D0E8
:1064B0006C2D744E742E63CC5BAB6C0C6C2E6C0E1E
:1064C000534C63ADFFDEB5F74B4C5BCE538D4B4C5D
:1064D000638EDF1BDF3B9D54DF1BE71BEF9DFFFF40
:1064E000FFFFFFFFFFFFFFFFFFFFFFFFFFFFFFFFBC
:1064F000FFFFFFFFFFFFFFFFFFFFFFFFFFFFFFFFAC
:10650000FFFFFFDFFFDEFFDEFFFEFFDEFFDEFFDE61
:10651000FFDEFFDEFFDEFFDEFFDEFFDEFFDFFFDF91
:10652000FFDFFFDFFFFFFFFFFFFFFFFFFFFFFFFFBB
:10653000FFFFFFFFFFFFFFFFFFFFFFFFFFFFFFFF6B
:10654000FFDFFFDFFFFFFFFFFFFFFFDFFFFFFFFFBB
:10655000FFFFFFFFFFFFFFFFFFFFFFFFFFFFFFFF4B
:10656000FFFFFFFFFFDFF79DEF1CE6FBF75DFFFF7F
:10657000FFFFFFFFFFFFFFFFFFFFFFFFFFFFFFFF2B
:10658000FFFFFFFFFFFFFFFFFFFFFFFFFFFFFFFF1B
:10659000FFFFFFFFEF7DFFBEEF7CFFFEF77CE6F91C
:1065A000CE16BDB4BDD5D698F7BDFFFFFFFFFFFFE8
:1065B000FFFFFFFFFFFFFFFFFFFFFFFFFFFFFFFFEB
:1065C000FFDFFFDFFFDEFFDEFFDEFFDEFFDEFFDEE1
:1065D000FFDEFFDEFFDEFFDEFFDEFFDEFFDEFFDED3
:1065E000FFDEFFDEFFDEFFDEFFDEFFDEFFDEFFDEC3
:1065F000FFDEFFDEFFDEFFDEFFDEFFDEFFDFFFDFB1
:10660000FFDFFFDFFFDFFFDEFFDEFFDFFFDFFFDF9C
:10661000FFFFFFFFFFFFFFDFFFDFFFFFFFFFFFFFCA
:10662000FFFFFFFFFFFFFFFFFFDFFFFFFFFFFFFF9A
:10663000FFFFFFFFFFFFFFFFFFFFFFFFFFFFFFFF6A
:10664000FFFFFFFFFFFFFFFFFFFFFFFFB617534BEB
:106650006C0F8CF384B263CE63CD8491FFFFFFFF98
:10666000C638636C73EEA55494F36B8E94D35B0CB5
:1066700084319D147C1084718CB2740F84B2849226
:106680007C716BEF4B0C530C532C532C5B8C6C0DAF
:10669000640D63ED6C0E742E6C0D6C0D6C2E63CD61
:1066A00063EE7C71DF1BADB663CE4B4C7C7163CF68
:1066B0008491FFFFB5D68491DF5BCE99B616D6FAEA
:1066C000DF5BB616D6D9FFFFF79EFFFFFFFFFFFF88
:1066D000FFFFFFFFFFFFFFFFFFFFFFFFFFFFFFFFCA
:1066E000FFFFFFDFFFDFFFFFFFFEFFDEFFDEFFDE5E
:1066F000FFDEFFDEFFDEFFDEFFFEFFFEFFDFFFDF70
:10670000FFDFFFFFFFFFFFFFFFFFFFFFFFFFFFFFB9
:10671000FFFFFFFFFFFFFFFFFFFFFFFFFFFFFFDFA9
:10672000FFDFFFDFFFFFFFFFFFFFFFFFFFDFFFDFF9
:10673000FFFFFFDFFFDFFFDFFFFFFFFFFFFFFFFFC9
:10674000FFFFFFFFF7BEEEFBE67ADE59EF1BFFFF10
:10675000FFFFFFFFFFFFFFFFFFFFFFFFFFFFFFFF49
:10676000FFFFFFFFFFFFFFFFFFFFFFFFFFDEF79EC3
:10677000FFFFFFFFEF7CD6D9AD73B594BDD5D678BA
:10678000BDB57BEE9CF2D6D9C658B5D5CE79E71B00
:10679000FFFFFFFFFFFFFFFFFFFFFFFFFFFFFFFF09
:1067A000FFFFFFFFFFDFFFDFFFDEFFDFFFDEFFDEBC
:1067B000FFDEFFDEFFDEFFDEFFDEFFDEFFDEFFDEF1
:1067C000FFDEFFDEFFDEFFDEFFDEFFDEFFDEFFDEE1
:1067D000FFDEFFDEF7DEFFDEFFDFFFFFFFDEFFDEB7
:1067E000FFDFFFFFFFFFFFDFFFDFFFDFFFFFFFFF39
:1067F000FFFFFFFFFFFFFFFFFFFFFFFFFFFFFFFFA9
:10680000FFFFFFFFFFFFFFFFFFFFFFFFFFFFFFFF98
:10681000FFFFFFFFFFFFFFFFFFFFFFFFFFFFFFFF88
:10682000FFFFFFFFFFFFFFFFFFFFD6BA5B8C534D5B
:106830006BD0638E84D295557C716BCE9D13F7BE61
:10684000C65852EB5B2C8CF295136BAF94D38492A9
:1068500084717C10636D6BCE743074106BEF63AE1B
:106860005B8E745174306BCF638F6C1084B263ADE8
:106870005B6C5BAC6C0D6C2E63CD5B8D63AD63CEDE
:106880008D137450BE58ADD76C0F5B8DD6DB8CD397
:106890006C0FFFFFD6BA8CF295336C2E6C2E746F92
:1068A0009552742E84F0ADF49D32C678FFFFFFFF41
:1068B000FFFFFFFFFFFFFFFFFFFFFFDFFFFFFFFF08
:1068C000FFFFFFFFFFFFFFFFFFFEFFDEFFFEFFDE1C
:1068D000FFDFFFDFFFDEFFDEFFDEFFFEFFDFFFDFAC
:1068E000FFDFFFFFFFFFFFFFFFFFFFFFFFFFFFFFD8
:1068F000FFFFFFFFFFFFFFFFFFFFFFFFFFFFFFFFA8
:10690000FFDFFFDFFFDFFFFFFFFFFFFFFFFFFFDF17
:10691000FFFFFFFFFFFFFFFFFFFFFFFFFFFFFFFF87
:10692000FFFFFFFFFFFFDE59DE18DE39DE58FFFFF5
:10693000FFFFFFFFFFFFFFFFFFFFFFFFFFFFFFFF67
:10694000FFFFFFFFFFFFFFFFE73BD6B9CE57BDF6C6
:10695000BDD6A55484509CF1CE378CB28CD3DEFBCF
:10696000BE177C30A575E75CC69AB5D7C638CE99F8
:10697000FFFFFFFFFFFFFFFFFFFFFFFFFFFFFFFF27
:10698000FFFFFFFFFFDFFFDFFFDEFFDEFFFFFFDEBA
:10699000FFFEFFFEFFFEFFFEFFFEFFDEFFDEFFDE6F
:1069A000FFDEFFDEFFDEFFDEFFDEFFDEFFDEFFDEFF
:1069B000FFDEFFDEFFDFFFFFFFDFFFFFFFDFFFDFA9
:1069C000FFFFFFFFFFFFFFFFFFFFFFFFFFFFFFFFD7
:1069D000FFFFFFFFFFFFFFFFFFFFFFDFFFFFFFFFE7
:1069E000FFFFFFFFFFFFFFFFFFFFFFFFFFFFFFFFB7
:1069F000FFFFFFFFFFFFFFFFFFFFFFFFFFFFFFFFA7
:106A0000FFFFFFFFFFFFFFFFFFFFCEB96BCD63AEC0
:106A100074314B0C5B6DADD7A5B66BCE4B0B5B8E5B
:106A200063AE5B4D4AEB532C638E6BCF6BEF636DA4
:106A30004AAB31E83A494B0C4B0C42CB4ACB4B0C9E
:106A40005B8D5B8D534C532C4AEB5B6C6BEE5B8C1C
:106A50005B6C63ED63CD5B6C534C534C532B5B6CA5
:106A6000744F5B8C742F7C5042EA84B29D55530C5A
:106A70005B6C9D538CF26C0E640E640E640E640DA0
:106A80007C8F6C2D5BCC63EC63EC5B8BFFFFFFFFBB
:106A9000FFFFFFFFFFFFFFFFFFFFFFFFFFFFFFFF06
:106AA000FFFFFFFFFFFFFFFFFFFEFFDEFFDEFFDE5A
:106AB000FFDEFFDFFFDFFFDFFFDEFFDEFFDFFFDFE9
:106AC000FFDFFFFFFFFFFFFFFFDFFFFFFFFFFFFF16
:106AD000FFFFFFFFFFDFFFDFFFFFFFFFFFDFFFFF26
:106AE000FFFFFFFFFFDFFFFFFFFFFFFFFFFFFFFFD6
:106AF000FFFFFFFFFFFFFFFFFFFFFFFFFFFFFFFFA6
:106B0000FFFFFFFFFFFFE6BBDE79E6BACDB6F77DFC
:106B1000FFFFFFFFFFFFFFFFFFFFFFFFFFFFFFFF85
:106B2000FFFFFFFFFFFFFFFFCE589D12AD94ADB5F5
:106B30009D33ADB6A555A575CEB99D348CB2D6DAC8
:106B4000CE787C309D34E73CD6FBBE38CEDAD6DA40
:106B5000FFFFFFFFFFFFFFFFFFFFFFFFFFFFFFDF65
:106B6000FFFFFFFFFFDFFFDFFFDFFFDFFFDFFFDFF5
:106B7000FFDFFFDFFFDFFFDFFFFEFFFEFFFEFFDEC9
:106B8000FFDEFFDEFFDEFFDEFFDEFFDEFFDEFFDE1D
:106B9000FFDEFFDEFFDFFFDFFFDFFFDFFFFFFFFFC7
:106BA000FFFFFFFFFFFFFFFFFFFFFFFFFFDFFFFF15
:106BB000FFDFFFDFFFDFFFFFFFFFFFFFFFFFFFFF45
:106BC000FFFFFFFFFFFFFFFFFFFFFFFFFFFFFFFFD5
:106BD000FFFFFFFFFFFFFFFFFFFFFFFFFFFFFFDFE5
:106BE000FFFFFFFFFFFFD6DAADB59512744F5B8D47
:106BF0006BEF7C9163CE7C716C104B0C3ACB42CB2B
:106C00003AAA6BCF7C926BEF5B4D5B6D534C4B0C98
:106C100042AB42CB4AEC534E532D4B0C4B0C5B8E8C
:106C20005B6D4AEB4B0C4B0C534C63AD5BAD534B64
:106C30005B8C6BEE63CD63AD534C4B0B534C5B8C59
:106C40004B2B5B8D534C4B0B4B2B536C534C4B0CC6
:106C500042CA42AA536C63ED63CE640E63EE5B6B73
:106C60006BED742D6BED63CC5B8C534BFFDFFFFF43
:106C7000FFFFFFFFFFFFFFFFFFFFFFFFFFFFFFFF24
:106C8000FFFFFFFFFFFFFFFFFFFEFFFEFFDEFFFE38
:106C9000FFFEFFDFFFDEFFDFFFDFFFDFFFDFFFDFE6
:106CA000FFFFFFFFFFFFFFFFFFDFFFDFFFFFFFFF34
:106CB000FFFFFFFFFFDFFFFFFFFFFFFFFFDFFFFF24
:106CC000FFFFFFFFFFFFFFFFFFFFFFFFFFFFFFFFD4
:106CD000FFFFFFFFFFFFFFFFFFFFFFFFFFFFFFFFC4
:106CE000FFFFFFFFFFFFEF5CDEBAE6DBF73CFF9D37
:106CF000FFFFFFFFFFFFFFFFFFFFFFFFFFFFFFFFA4
:106D0000FFFFFFFFFFFFFFFFD6BA94F3B5D6B5F63E
:106D1000ADB5B5F6A5958CB29D3494F38CB3CE9AEF
:106D2000CE9973EF8CB2DF1BDF1BB5F7CEB9D6B9A6
:106D3000FFFFFFFFFFFFFFFFFFFFFFFFFFFFFFFF63
:106D4000FFFFFFFFFFFFFFFFFFFFFFFFFFDFFFFF73
:106D5000FFFFFFDFFFDFFFDFFFFFFFFFFFFEFFFEA5
:106D6000FFDEFFFEFFDEFFDEFFDEFFDEFFDEFFDE1B
:106D7000FFDEFFDFFFDFFFFFFFDFFFDFFFFFFFFFC4
:106D8000FFFFFFFFFFFFFFFFFFDFFFFFFFDFFFFF53
:106D9000FFFFFFFFFFFFFFFFFFFFFFFFFFFFFFFF03
:106DA000FFFFFFFFFFFFFFFFFFFFFFFFFFFFFFFFF3
:106DB000FFFFEF9DD6FAEF9DFFFFFFFFE73B8C90B3
:106DC000CE77FFFFEF7C7C905B8C5B8C5BAD63CF01
:106DD000534C63ED7470534D326A3AAB42EC4B2D19
:106DE0004B0C534D745163AE5B4D534C4B0C4B0CE1
:106DF000534D63AF5B8F5B8E4B0C532C5B6D63AE5F
:106E00005B6D42CA42CB532C63CE63CD5B8D4B2B63
:106E10005B8D5B8C532B534C534C4AEB4B2C5B8D53
:106E2000536C5B6D4B0B536C63CE4B0B4B0B532C6A
:106E300042CB42CA536C534C4B2B536C63ED744F93
:106E40006C0D63AC6C0D6C0D6C0D6C0DFFDFFFFFFA
:106E5000FFFFFFFFFFFFFFFFFFFFFFFFFFFFFFFF42
:106E6000FFFFFFFFFFFFFFFFFFFFFFFFFFFFFFFE33
:106E7000FFDEFFDFFFDFFFDFFFDFFFDFFFDFFFDF23
:106E8000FFFFFFDFFFFEFFFFFFFFFFFFFFFFFFFF33
:106E9000FFFFFFFFFFFFFFFFFFFFFFFFFFFFFFFF02
:106EA000FFFFFFFFFFFFFFFFFFFFFFFFFFFFFFFFF2
:106EB000FFFFFFFFFFFFFFFFFFFFFFFFFFFFFFFFE2
:106EC000FFFFFFFFFFFFFFFFFFFFFFFFEF7DD698F4
:106ED000DE98CE57F7BDFFFFEF5BE6FAE6FAE73B39
:106EE000FFDFFFFFFFFFFFFFDF1BA595BE17B5F616
:106EF000A57494D39D149D54ADB6A5968CB3BE389D
:106F0000D6B98CB27C71CE9ADEFBC679CE99D6DA30
:106F1000FFDFFFFFFFFFFFFFFFFFFFDFFFFFFFFFC1
:106F2000FFDFFFFFFFFFFFFFFFFFFFFFFFFFFFFF91
:106F3000FFDFFFFFFFFFFFFFFFDFFFFFFFFFFFFFA1
:106F4000FFFEFFDEFFDEFFDEFFDEFFDEFFDEFFDE39
:106F5000FFDEFFDFFFDFFFFFFFFFFFFFFFFFFFFFA2
:106F6000FFFFFFFFFFFFFFFFFFFFFFFFFFFFFFFF31
:106F7000FFFFFFFFFFFFFFFFFFFFFFFFFFFFFFFF21
:106F8000FFFFFFFFFFFFFFFFFFFFFFFFFFFFF7BF59
:106F9000E75DB637A5B4BE77DF3BF7BE9D946BEDDA
:106FA0007C50FFFFB5D64AEA63EE63ED5B8D4B0C78
:106FB00042EB538D5B8D42CB3AAC4B0D536D42ECA3
:106FC00042EB42EC534D63AE536D42EB42AB42AAEF
:106FD00063CE5BAD5B8D536C532B638D638C6BED1C
:106FE0006C0D63AC532B5B6D63CE536C532C4AEB2F
:106FF00042CA534C4B0B42CA4AEB4AEC4B0C4B2C4B
:107000004B2C532C536D534C534C4B0B42CB4AEBF4
:10701000532C534D534C434C432B4B2C5BAD742F93
:107020006BCD63EC6C2D6C0D6C0D63ACFFFFFFFF43
:10703000FFFFFFFFFFFFFFFFFFFFFFDFFFFFFFFF80
:10704000FFFFFFFFFFFFFFFFFFFFFFDFFFDFFFDFB0
:10705000FFDFFFFFFFFFFFFFFFDFFFFFFFFFFFFF80
:10706000FFFFFFFFFFDFFFFFFFFFFFFFFFFFFFFF50
:10707000FFFFFFFFFFFFFFFFFFFFFFFFFFFFFFFF20
:10708000FFFFFFFFFFFFFFFFFFFFFFFFFFFFFFFF10
:10709000FFFFFFFFFFFFFFFFFFFFFFFFFFFFFFFF00
:1070A000FFFFFFBDEF3CE75CDF1BCE589D13843034
:1070B000B574BDB4BD95C5F6BDD5B574A513B5758C
:1070C000E75CFFFFFFFFFFFFDF3CA574B5D6BE37CF
:1070D000B61694F374108CF3A5759D547C71B61894
:1070E000CE99845073EFCEBAE73CCEBACEDACE99C1
:1070F000F7BEFFFFFFFFFFFFFFFFFFFFFFFFFFFFE9
:10710000FFDFFFFFFFFFFFDFFFFFFFDFFFDFFFFF0F
:10711000FFFFFFFFFFFFFFFFFFDFFFFFFFFFFFFF9F
:10712000FFFFFFDFFFDFFFDEFFDFFFDFFFDEFFDF51
:10713000FFDFFFDFFFFFFFFFFFFFFFFFFFFFFFFF9F
:10714000FFFFFFFFFFDFFFFFFFFFFFFFFFFFFFFF6F
:10715000FFFFFFFFFFFFFFFFFFFFFFFFFFFFFFFF3F
:10716000FFFFFFFFFFFFFFFFFFFFFFDFEF7DEF7D73
:10717000E77DBE37B5F6CEB9DF3BADD5530B536DCA
:1071800063AE9D747450536C63AD63CD4B4C42CA77
:107190003AAB42EC42CC3AAB3A8B42EC536E3ACB30
:1071A0003AAA42EC534C6C0F5B8D4AEB42EB536DA9
:1071B0006C0F63CD6BEE6BEE6BED740E63AC63AC7A
:1071C0006BED6BCD6BED63AD4B0A42CA42AA42AA8E
:1071D0004AEB532C532C42CB3AAA42CB4AEB42AB5C
:1071E00042AB42AB4B0C532C4AEB42EB42CB536DC0
:1071F0005B8E5B6D538D538D538D536C4B6B4B0B73
:107200006BAC6BED534B430A534B7471FFFFFFFFA5
:10721000FFFFFFFFFFFFFFFFFFFFFFFFFFDFFFFF9E
:10722000FFFFFFDFFFDFFFFFFFFFFFFFFFDFFFDFEE
:10723000FFDFFFFFFFFFFFDFFFDFFFFFFFFFFFFFBE
:10724000FFFFFFFFFFFFFFFFFFFFFFFFFFFFFFFF4E
:10725000FFFFFFFFFFFFFFFFFFFFF7BEF79EFFDF10
:10726000FFFFFFFFFFFFFFFFFFFFFFFFFFFFFFFF2E
:10727000FFFFFFFFFFFFFFFFFFFFDEFBDEB9D6B919
:10728000D698CE36949073EE84509CF3A5957C717D
:10729000B5D6D67994D2AD75BDF7AD75B5D6BE1756
:1072A000CE78FFDFFFFFFFFFEF9DA575AD95C637D9
:1072B000B5D69D5484918CB29D34A5759514BE1895
:1072C000CE9984507410B5D7D6DBB617BE58CEB958
:1072D000EF7DFFFFFFFFFFFFFFFFFFFFFFFFFFFF50
:1072E000FFFFFFDFFFFFFFFFFFDFFFDFFFFFFFDF2E
:1072F000FFFFFFFFFFDFFFDFFFFFFFDFFFFEFFFFFF
:10730000FFDFFFDFFFFFFFDFFFDEFFDEFFDFFFDF6F
:10731000FFFFFFFFFFFFFFFFFFFFFFFFFFFFFFDF9D
:10732000FFFFFFDFFFFFFFFFFFFFFFFFFFFFFFFF8D
:10733000FFFFFFFFFFFFFFFFFFFFFFFFFFFFFFFF5D
:10734000FFFFFFFFFFFFFFFFFFFFFFFFF79DE75C72
:10735000E79EE77DADB69512C698ADD5534C534D1B
:107360005B8E5B6D5B8D4B2C3ACA536C538C5BAD63
:107370005B8D3AAB42CB5B8E4B4C4B2C5B8D534CB5
:10738000534C63CD63AD6BEE63CD4B2B536C536CA1
:107390005B8C63CD63AD6BEE6BEE6BCD6BCD63AD94
:1073A00063AD63AC742D6C2E534B3A89428A4B0CFF
:1073B0004B0B4AEB4B0B536D4B2C3AAB42AB428B16
:1073C00042AB42CB42CB4B2C534D534C534C430B13
:1073D0004AEB532C536D538D63CE63CE536C3AA955
:1073E0003AA94B0B532D63AF6BCF8CD3FFFFFFFF3D
:1073F000FFFFFFFFFFFFFFFFFFFFFFFFFFFFFFFF9D
:10740000FFFFFFFFFFFFFFFFFFFFFFFFFFDFFFDFCC
:10741000FFFFFFFFFFFFFFDFFFDFFFFFFFFFFFFFBC
:10742000FFFFFFFFFFFFFFFFFFFFFFFFFFFFFFFF6C
:10743000FFFFFFFFFFFFE75CD6B9D699C657DEFA1C
:10744000FFFFFFFFFFFFFFFFFFFFFFFFFFFFFFFF4C
:10745000FFFFFFFFFFFFFFFFFFDFB5B59D12B5D6B2
:10746000AD7594F29D149D34A575A595BE58849272
:107470009534D6BA84719D55ADB79D55BE58CE781A
:10748000BE37FFBEFFFFFFFFF7BEADB5AD96C658D6
:10749000B5B594F284915B2C740FA596A575B5F7DC
:1074A000D6BA8CB26BCFBE38D6FBA555B5F7CEDABF
:1074B000E75CFFFFFFFFFFFFFFFFFFFFFFFFFFFF97
:1074C000FFFFFFFFFFFFFFDFFFFFFFFFFFFFFFDF0C
:1074D000FFFFFFFFFFFFFFFFFFFFFFFFFFFFFFFFBC
:1074E000FFFFFFDFFFFFFFDFFFDFFFDFFFDFFFDF6C
:1074F000FFDFFFFFFFFFFFFFFFFFFFFFFFFFFFFFBC
:10750000FFFFFFFFFFFFFFFFFFFFFFFFFFFFFFFF8B
:10751000FFFFFFFFFFFFFFFFFFFFFFFFFFFFFFFF7B
:10752000FFFFFFFFDEFABDF6DF1AE75BE75CCED9AF
:10753000E75CEF9DB5F6638C5BAC6C0E6BEE8CF389
:107540007C914AEB532C3A893A894B0B5B8D5B8DCE
:107550005B8D4B0B532C63AE5BAD5BAD5B8D63CE34
:107560005BAD5BAD63CD536C5B8C5BAC5B8C534BA9
:10757000536C534B5B8C63AD5B8C638C6BED6C0E0F
:1075800063AD5B6C532B4B0B532C4B0C4B0C4B0CCC
:107590004B0C4AEB4AEB534D532D4B0C4AEB4B0C27
:1075A0004B0C532D4AEC42EC534D536E4B2C3A8905
:1075B00042CA5B6D534D532C4AEB4AEC4AEC5B6F6D
:1075C00063AF74109513A5559D358C72FFFFFFFFB7
:1075D000FFFFFFFFFFFFFFFFFFFFFFFFFFFFFFFFBB
:1075E000FFFFFFFFFFFFFFFFFFFFFFDFFFDFFFFFEB
:1075F000FFFFFFDFFFDFFFFFFFFFFFFFFFFFFFFFDB
:10760000FFFFFFFFFFFFFFFFFFFFFFFFFFFFFFFF8A
:10761000FFFFDF1BCE98CE78CE99D6BAC657C636B6
:10762000EF3CFFBEF7BEF7BDD6B9D678DED9EF5C2A
:10763000FFFFFFFFFFFFFFFFFFFFCE99A5B6B639A3
:10764000A5B6A595A5969D14A576951395147410C9
:107650007450CE5994F394F4B5D79D34BE38D6B94E
:10766000C637F79DFFFFFFFFF7BEA5B6A576B5F7B6
:10767000AD95A5138451636E7C5095148CB3A5967B
:10768000D6DA9D346BAFB5F7E73CADB6ADD6CEDA02
:10769000EF7DFFFFFFFFFFFFFFFFFFFFFFFFFFFF8C
:1076A000FFFFFFFFFFFFFFFFFFFFFFFFFFFFFFFFEA
:1076B000FFFFFFFFFFFFFFFFFFDFFFFFFFFFFFFFFA
:1076C000FFFFFFFFFFDFFFDFFFFFFFFFFFFFFFFF0A
:1076D000FFFFFFFFFFFFFFFFFFFFFFFFFFFFFFFFBA
:1076E000FFFFFFFFFFFFFFFFFFFFFFFFFFFFFFFFAA
:1076F000FFFFFFFFF7BEFFFFFFFFEF7DCE77EF5CE1
:10770000FFFFDED97C2E63AC9512BE569D137C4FD5
:1077100084B18490849063CD4B4C4B4B5B8D5BADBF
:107720005B6C42CA3A89532C5B8E5B6D534C532C75
:1077300042CB532C534C4B0C4B0B4B4B532C536C9D
:10774000534C532C536C534B5BAC63CD536C4B2B52
:10775000534C536D5B8D63CD534C534C63AE5B8D7B
:10776000532B42AA322842AA42EB4B0B42CB42CBCC
:107770004AEB4AEB4AEB4B0C532D532D4B0C4B0D64
:107780004B0D430C42EC4B0C4B0C4B0B42EA324979
:107790003A8A4AEB3A8A320911263A4B63B06BF1C6
:1077A00073D194D3E77CC659CEBBD6FBFFFFFFFF56
:1077B000FFFFFFFFFFFFFFFFFFFFFFFFFFFFFFFFD9
:1077C000FFFFFFFFFFFFFFFFFFFFFFFFFFDFFFFFE9
:1077D000FFFFFFDFFFFFFFFFFFFFFFFFFFFFFFFFD9
:1077E000FFFFFFFFFFFFFFDFEF5CE71BFFFFFFDE99
:1077F000E71BCEB9BE37A595A595B5F7B595B5B537
:10780000B595AD74AD94AD54AD33C5D5C5B4CE57B3
:10781000FFFFFFFFFFFFFFFFFFFFDEFB9D34A576AD
:10782000A5759D348CB2638E94F37C7174106BCF0C
:1078300063CFBDF79D1494D3ADB69534B5F7CE990B
:10784000BDF6EF5CFFFFFFFFFFFFA5B78515A5960F
:10785000B595C637A5547C309D13B5D795149D5565
:10786000DF3C9D544ACB9534E75DCEBACE9AD6DA4A
:10787000DF3CFFFFFFFFFFFFFFFFFFFFFFFFFFFFFB
:10788000FFFFFFFFFFFFFFFFFFFFFFFFFFFFFFFF08
:10789000FFDFFFFFFFDFFFFFFFDFFFFFFFDFFFDF98
:1078A000FFDFFFFFFFFFFFFFFFDFFFFFFFFFFFFE29
:1078B000FFFFFFFFFFFFFFFFFFFFFFFFFFFFFFFFD8
:1078C000FFFFFFFFFFFFFFFFF79EC658D6B9FFFF80
:1078D000EF9DADD57C4FB5F6F7FE94F1638B9D110E
:1078E000D6FA8490744FBE5895338491742F5B6C94
:1078F000534B534B5BAD536C534C532C4B0B4AEBDC
:107900004B0C42EB532C63CE5BAE534C4B0C534DA4
:107910004B0C4AEB4AEB3A6A42CB4B0C4AEB536DA9
:10792000534C4AEC4B0B5B6C5BAC536C4B0A42CA3E
:1079300042CB4B0C4AEB4AEB534C532C532B4AEBA8
:1079400042CA4AEB3A8A42CA42CB428A3AAA3A8AA5
:107950003A8A4AEB4B0C4B0B4B0C4B0C4AEC42CC8F
:107960004B0C4AEC4ACC426A4A8B426929E8198797
:10797000196721C821A729C8426A7411ADB7BDF89B
:10798000C659C678DF1BCE9ABE58BE58FFFFFFFF10
:10799000FFFFFFFFFFFFFFFFFFFFFFFFFFFFFFFFF7
:1079A000FFFFFFFFFFFFFFFFFFFFFFFFFFFFFFDF07
:1079B000FFFFFFFFFFFFFFFFFFFFFFFFFFFFFFFFD7
:1079C000FFFFFFFFFFFFEF5CBE17B5D6B5F6BE1792
:1079D000AD95ADB6BE589D349D75BE38B5F8CEB9DF
:1079E000ADD68CB28CB3849294F3CE79DE78C63760
:1079F000EF7DFFFFFFFFFFFFFFFFDEFBA575ADB7CC
:107A00009D348CD2ADB684928C9273F084717C716B
:107A100063CEBDF78CB28471A5758CB28491B5D656
:107A2000B5B5E75CFFFFFFFFFFFFAE187CF5A5F7DC
:107A3000BE37B5D69D549513A5759D3494F39D34EA
:107A4000D6DAB5B64ACB9514DF1CC679C679D6FA14
:107A5000DF1BFFFFFFFFFFFFFFFFFFFFFFFFFFFF3A
:107A6000FFFFFFFFFFFFFFFFFFFFFFFFFFFFFFFF26
:107A7000FFFFFFFFFFFFFFFFFFFFFFFFFFFFFFDF36
:107A8000FFDFFFFFFFFFFFFFFFFFFFFFFFFFFFFF26
:107A9000FFFFFFFFFFFFFFFFFFFFFFFFFFFFFFFFF6
:107AA000FFFFFFFFFFFFF7DE7C2F73EE8491B5F63B
:107AB00084B163AD5B8C742F8CD1742E7C706BEEB3
:107AC0005B8C532C63CE9D747C50530B5BAC63ADCD
:107AD000534C4B4B4B2B4B2C4AEB42CB42CB3A8A71
:107AE0003A6A42CA4B0C4B0B4B2B4B0C532C4B0B97
:107AF00042CB42EB3A8A42CB536D536D430B3AAAC9
:107B000042CB42AA42EB42EB42CA42CA42EA4AEBA9
:107B10003A69326942AA4AEB534C534C4B0B42EA46
:107B200042AA42AA3A8A3A693A8A42AB3A8A3A6AFD
:107B30003A8A3A8A42CB42CB530C4AEC4B0C4ACCA1
:107B400029A72987294718E6298831C821A8428B07
:107B5000636F7C72A576C659DF3CEFBDEFBDE75B76
:107B6000D6DAC637B5B5BE17BE58BE37FFFFFFFF22
:107B7000FFFFFFFFFFFFFFFFFFFFFFFFFFFFFFFF15
:107B8000FFFFFFFFFFFFFFFFFFFFFFFFFFFFFFFF05
:107B9000FFFFFFFFFFFFFFFFFFFFFFFFFFFFFFFFF5
:107BA000FFFFFFFFFFFFE75CADD6AD969D34A575E7
:107BB00084B29514ADB6ADB6A596B5F79D55BE3752
:107BC000A5758CD38CD484D38D34BE58D699C61663
:107BD000EF5CFFFFFFFFFFFFFFFFE75D953495348C
:107BE000ADD69D13B5F794F394F384B294F38CB2AD
:107BF0005B8EADB69CF37C5194D37C317430AD95E3
:107C0000B5B4E73BFFFFFFFFFFFFAE188D36ADF8C1
:107C1000B5F7AD9594D294D2A5349D549D559D55FC
:107C2000C699BE38636E8CD3DF1CD6FBCE9ACEB914
:107C3000DF1BFFFFFFFFFFFFFFFFFFFFFFFFFFFF58
:107C4000FFFFFFFFFFFFFFFFFFFFFFFFFFFFFFFF44
:107C5000FFFFFFFFFFFFFFFFFFFFFFFFFFFFFFFF34
:107C6000FFFFFFFFFFFFFFFFFFFFFFFFFFFFFFFF24
:107C7000FFFFFFFFFFFFFFFFFFFFFFFFFFFFFFFF14
:107C8000DEFAC678E75CA574534B63EE63CE534CC3
:107C90005B6C5B8D5B6D5B6D534C5B8D6C0E5B6DDC
:107CA0004B0B5B6C63CD534B536C5BCE536C42CA36
:107CB00042EB4B4B42EB3AAB3AAA3AAB328A3249EF
:107CC0003AAB530C4B0C4B0C4B0C4B0C4B0C42CBB0
:107CD000326A326A42EB536D4B4C430B42EB326AD1
:107CE0003AAA42EB4B2C42EB3AAA42CA4B0B4AEB64
:107CF0004AEB4AEB4B0B4B0B4B0C4AEB3AAA42AB11
:107D000042CB3A6A3A6A3A8B3A6A3A8A428A4ACB10
:107D100042AA42CB42AB3A8A42AB3A8A63CF6BAFBC
:107D200010E431C7636E845194F4ADB6CE7AE75D4A
:107D3000F7BEF7FEF7DDEF9CDF3ACE98BE58BE37B0
:107D4000B5D6B617D6B9BE388CB27C50FFFFFFFF50
:107D5000FFFFFFFFFFFFFFFFFFFFFFFFFFFFFFFF33
:107D6000FFFFFFFFFFFFFFFFFFFFFFFFFFFFFFFF23
:107D7000FFFFFFFFFFFFFFFFFFFFFFFFFFFFFFFF13
:107D8000FFFFFFFFFFFFEFBEBE38B6189D559534CD
:107D90007C718472A555ADB694D3A5969D75B5D763
:107DA000A5548CD28CF484928D14B618CE99C61634
:107DB000EF7CFFFFFFFFFFFFFFFFEF5D95139514C3
:107DC000ADD7A534B5D6A57595138CF39D349D55C7
:107DD0006C10A5759CF3741094F39D348CD3ADB5E1
:107DE000AD74D699FFFFFFFFFFFFC69A8536A5B990
:107DF000ADD6ADB59CF384719D349D3484B28CF3C3
:107E0000C679BE18638E8CD3D71CD6FBC659CEB9A3
:107E1000DF1BFFFFFFFFFFFFFFFFFFFFFFFFFFFF76
:107E2000FFFFFFDFD6FBCE99E77DDF5CEF7DEF9DA7
:107E3000FFFFFFFFFFFFFFFFFFFFFFFFFFFFFFFF52
:107E4000FFFFFFFFFFFFFFFFFFFFFFFFFFFFFFFF42
:107E5000FFFFFFFFFFFFFFFFFFFFFFFFFFFFFFFF32
:107E60007C2F4AEA63AD5B8D5BAD536D534C534C35
:107E7000534C430B4B4C534C4B2C536D536C430B9B
:107E800042EB5B8D63AD5B6C534C4B2C42CA3A8A20
:107E900042CA4B2B42EB326A326A3A8B324A326A1E
:107EA0003AAB4AEC534D532D4B0D42EB42EC42ECB6
:107EB000326A3AAB536D4B0C3AAA42EB430B4B2C54
:107EC00042EB42CB3AAB42CC42CB42CA4B2C534C56
:107ED000534C4B0C42CB42CB42CB42AA3A8A42ABE8
:107EE00042CB3A8A3A6942AB3A8A322942AA532CA7
:107EF0004B0C4ACB4AEB3A693A4942AB6BF0A5745A
:107F0000B5D6CEBAE75CF7DDFFDDF7BCEF7BE73A2D
:107F1000D6B8C636C636ADB5B5F6D6FAB5F684913E
:107F2000740FC678FFFFB5D65B4D636EEFBEE75D9D
:107F3000F7BFDF1CE75DEFDEEF9EFFFFFFFFFFDF18
:107F4000FFFFFFFFFFFFFFFFFFFFFFFFFFFFFFFF41
:107F5000FFFFFFFFFFFFFFFFFFFFFFFFFFFFFFFF31
:107F6000FFFFFFFFFFFFF7DEBE38B6389D359514E3
:107F70007C518471A5B6A5969514ADB69D75ADB628
:107F8000AD758CB38CF48D149D75B618CE78AD7428
:107F9000DEFAFFFFFFFFFFFFFFFFE75D8CD28CF3F0
:107FA0009D758CD2AD75AD969D54849184929D55EE
:107FB0006BF09D34AD75741094F394F38CD2B5D6F8
:107FC000AD74CE58FFFFFFFFFFFFCE9A7D14A5D8FA
:107FD000ADD6AD959D34740F94F394D28CB2953494
:107FE000BE58C6786BEF7C72C699D6DACEBAD71B6C
:107FF000DEFADF1BEF7DF7BECE99ADF7ADB6E77DBC
:10800000E75D9D748D33851384F384F38D139D7523
:10801000E79DEF9EF7FFDF3CF7DFFFFFFFFFFFFF6E
:10802000FFFFFFFFFFFFFFFFFFFFFFFFFFFFFFFF60
:10803000FFFFFFFFFFFFFFFFFFFFFFFFFFFFFFDE71
:10804000638D3AAA4AEB5B8D538D4B2C4AEB532C34
:10805000534C4B2C532C42CB42CB534D4B2C42EB2D
:10806000534C5BAD534D4B0C4B0B42CB42CB42CBF5
:1080700042CB42EC3AAA3AAA42EC3A8A2A49324A1C
:10808000324A3AAA4B2C42EC42AB3AAB3AAB3A8A70
:108090003AAB3ACB42CB3AAB326A3ACA42CB42CB4A
:1080A00042CB42EB3AAA3A6A3A6A324942AA42CBF6
:1080B0004AEB4AEC42CB42AA3A8A3A6A42AB3A8A43
:1080C000428B42AB3249322932693A6A42CB4B0C7D
:1080D000428B3A494ACB42AB324942AA532CCE9802
:1080E000FFDDE73AE71AD6D9C615BE15BE36ADB4E0
:1080F000BE16CEB99D336BEE9D74FFFFBE385B2C70
:10810000530CBE37FFFFBE17A575BE388D7685149C
:108110009576851485158D569D76C6BBC6BAA5D7AE
:10812000AE38CEBBD6FBFFFFFFFFFFFFFFFFFFFF19
:10813000FFFFFFFFFFFFFFFFFFFFFFFFFFFFFFFF4F
:10814000FFFFFFFFFFFFFFFFBE37A5D6A5759D35DB
:108150007C717C51A596ADB78CD3A596A596A595B7
:10816000ADB684B27C7284929534AD96CE78B594D7
:10817000D699FFFFFFFFFFFFFFFFF7DFA59584D331
:10818000953494F3AD96A5758CB284927C719D1450
:10819000638E9514BDF77C308CD39D1494D3AD952C
:1081A000AD74CE38FFFFFFFFFFFFDF1C9576A5D82B
:1081B000B5D6B5959D1373EF8C918C91A57594F4FC
:1081C000B5F7CE9973EF7430CEBADEFAADF7DF3C77
:1081D000D71A8CF38CD495557CB27CB37CD284F3C3
:1081E00084D374927CF374D374927CB37CD37CD3A9
:1081F0008D3595759DB684F3A5B6FFFFFFFFF7BEDD
:10820000FFFFF7DFFFFFFFFFFFFFFFFFFFFFFFFFA6
:10821000FFFFFFFFFFFFFFFFFFFFFFFFF7BE9D74A4
:1082200042AA42EB534C536D536D4B0B42CA42EB87
:108230004B2C4B4C42CB3A8A42CB4AEC4AEB4AECB1
:108240004B2C4B2B42EB42CC42AB3A8A42AB42CB5B
:108250003A8A3A8A430B42EB42EC326A2A2A2A4A89
:108260002A0A326A42CB3AAB324A3A6A326A328AD4
:10827000430C42CC32293A8B4AEB42CA42EB3ACA0F
:1082800042EB42EB42CB3A8A29E82A0832693A8A21
:108290004B0C4AEB42CA4AEB42EB42CB3A8A3A8A4F
:1082A0003A6A3A8A322932283A8942CA42CA532C57
:1082B0004B0B4AEB4B0C4AEC42AA3A8942CAA573D3
:1082C000C657B5B4AD95ADB5DEFAC6588CB26BEFF6
:1082D0009D13E75C8450636DADD6FFFFCEDA951336
:1082E000A5B6D6FAEF9CE73CDF3BCEB97CF484F42C
:1082F0008515853585157CF47CD484D48515853524
:10830000853684F57CD4AE19DF5DE79EFFFFFFFF65
:10831000FFFFFFFFFFFFFFFFFFFFFFFFFFFFFFFF6D
:10832000FFFFFFFFFFFFFFFFBE57A5B5A55594F365
:108330008CF38CD2A575ADD784929D75B618A5B671
:10834000B5D68CD37C72638E74109D34CE78BDF616
:10835000CE58FFFFFFFFFFFFFFFFFFFFB5F784923F
:1083600095149513A595ADB694F39D5595149D550B
:108370006BF07410BE17849284929D3494D3AD96A2
:10838000AD94BDD6FFFFFFFFFFFFE73C7CB39596A2
:10839000ADD6AD749D33847194F29D549D338CF3AE
:1083A000BE38CE7973EF6BEFC6BAE77DBE38DEFC20
:1083B000DF5B8D346C527CB37CF47CF47CD47CB376
:1083C00074927CB37CB37493749374937CF484F44C
:1083D0007CD384F47CF374D37CB2D73CC699955497
:1083E000A5B6A5D6F7FEFFFFFFFFFFFFFFFFFFFFCC
:1083F000FFFFFFFFFFFFFFFFFFFFDEFB7C503AA9FF
:108400003AAA4B0C4B2C42EB4B0B4AEB42EB534C36
:108410004B0B3AAA3AAB3A8A3A6A3A6B3A8A42CB5F
:108420004B2C42EA42AB3A8B3A6A3A6A3A6A42AA1F
:1084300042AA4AEB4B0C4B0B4B0C326A2A29326A8C
:1084400032293AAA4B2C42EB42EB42EB326A328A97
:108450003A8A326A324A42EB536C4B2B4B4C3AAA63
:1084600032493A8A3A89326942CA4B0B3AC94B0BB4
:10847000536C4B0B534C534C4B2C4B0B3228322828
:1084800032493A8A32493A694B0B63AD63AD5B8C32
:1084900063CE6C0E5B8C4AEA534B63AD42E98CB001
:1084A000EF7CC679638E7C50FFFFD6DB74317C7124
:1084B000ADB6E77DA5959513D6FBEFBEDF3CE79DF6
:1084C000EFDDE75BF7BDBE179D138CB285158515F3
:1084D000851585158D3585157CF585159D979576C2
:1084E00085167CF57CF58D359DB79DF7C6FCEFDFD5
:1084F000FFDFE71BE73BFFFFFFFFFFFFFFFFFFFE85
:10850000F77DF79CFFFFFFFFD71BB5F79D558CB29A
:10851000A5758CD39D34ADD784928492A5B69D75F4
:10852000B5B684717C9384B37C928CF3BE17BDD5B1
:10853000CE78FFFFFFFFFFFFFFFFFFFFBE17849115
:10854000A57595138CB2ADD6A57595148CB2A5758D
:108550007C718471ADB57C50849294F484729D14C6
:10856000AD54B5D6FFFFFFFFFFFFEF9E95348D148E
:10857000AD96AD74AD74A5549D13A574A55484B285
:10858000ADD6E73B8C7163AEC69AE75CD6FBE75D80
:10859000DEFA8D1474937CF58515851584F57CD4ED
:1085A000749374B37CB47CB474937CD384F48514D6
:1085B0008514851485147CF47D148D758D148514B3
:1085C0007CF374B2B638EF9EDF1BFFFFFFFFEF9D19
:1085D000FFFFFFFFFFFFFFFFC65842A94B0B4B2CCD
:1085E00042EB42EB3AAB42EB4B0B4B0B4B2B4B2C86
:1085F000430C328A3AAB3A8A2A29324942AB4AEBD7
:108600004B2B4B2B42AB3A8B3A8A3A8B3A8B3A8ABA
:108610004B0B5B8D532C536C536C42CA42EB5B8DFE
:10862000534D532C4B0B4B2B536D532C3A8A3A8B97
:10863000324A324942CB4B0C4B2B4B2C42EB32692A
:108640003AAA42CA42E95BAC746E6C2E42E93AA97E
:1086500042CA4B2A536C534B4B2A5B6C536C42EA15
:108660004B0B4B2B4AEA42A95B8C744E63CD5BAD3E
:1086700063CD534B42C9532B4B0A4B0A42C9951148
:10868000FFFFDF3C8492A595EF9EE75CB617BE78AE
:10869000DF3BDF3CCEB9D6DAE77CEFDED6FBADB50B
:1086A0008470BE17FFFFAD955B4D638D84F47CF441
:1086B0007CD484F485157CF47CB48D55A5B7A5B71E
:1086C0008D3574B38514A575BDD6A575A596BDF673
:1086D000BDB5B573C5B4DE78E6FAEF3ADE98BD9461
:1086E000BD73B552DEB9FFFFD6FAA595A5558492A4
:1086F0009D5484B29514ADF784B273EF9D358CF31D
:10870000B5D784916C3184F47C727C71B5F6BDD59B
:10871000BDF6FFFFFFFFFFFFFFFFFFFFC6797430CD
:108720009D549D547C51ADD79D758CD37C30A595BF
:108730008CF37C519D1373EF84728CB27C31A55500
:10874000A553A554F79EFFFFFFFFF7DEA5968CF417
:10875000A575A574AD749D137C508CB1A53484713E
:108760009D34E77C94B2638EADD7D6FBDF1CE77DEA
:10877000EFBD95346C327CF47CF47CD47CB484F50D
:108780007CD47CB474B37CB384F485348D35853566
:10879000853585148514851485147CD37D15853520
:1087A000853585357CD38D1484F3CEDBC6DB9555BA
:1087B000ADF7C679EF9EDF3C6BAE326842CB42CB61
:1087C00042CB3ACB42EC42EC3AAA42EB3AAB3A8A81
:1087D0003A8A42CB42CB42CB3AAA3A8A42AA42EBED
:1087E000430B4B2B4B0C42CB42AB3A8A42EC532C03
:1087F0004B0B4B0B4B2C4AEB4B2B534C4B2B534CF7
:10880000536C4B0C3A8A42CB4B0C4B0C3ACA42CBC2
:1088100042EB4B0B4B2C4B0B4B0B430B430A536D57
:10882000536D3AA94B4A6C2D640C6C2D5B8C32282D
:1088300032484B2B5B8C534B4B2B534B5B8C536B0A
:108840005B8C536C4B0A5B6B5B8C4B0A4AEA4B0BA1
:108850005B8C536C4AEA4B0B534B4B2B42CA9D33F8
:10886000F7DEEFBEEFBDF7FFEFBDDF3CDF1BCEDA7B
:10887000D6FAE77DA5346B6CA574FFFFD71C638D1A
:108880003A47B5F6FFFFC678A575B6177CD47CD4F9
:108890007CD474B574D49D76BDF7B575BDB6BDD620
:1088A000BDD6BE17A595AD33BD749CB2A534BDD65B
:1088B000C5D5C616AD7494B1AD53A5129491A51348
:1088C000B5B5BD94CE17FFFFDF1B9D339D55847159
:1088D0009D548CF38CB2A596A5758CB29D559D7553
:1088E000B5D794D36BF07C726BF06BCFB5D6C61650
:1088F000B5B5F79EFFFFFFFFFFFFFFFFCEBA847104
:10890000A575B5F794D394F384719D55847195132F
:1089100094F48471A5547C3084529D358CD39D147D
:10892000AD759CD2EF5CFFFFFFFFF7BEA5B6A5FAC1
:108930009D559D53ADD694F384708CD28C718491E7
:10894000C658E73C9CF36BAEADD7B618CE9ACE9A1C
:10895000CEBAADD674307CD474936C3274727CB45D
:108960007CB47CB47CD47CD47CD484F4851485140D
:1089700084F47CB37CD3853585157CD48D35851402
:1089800084F48514851484F485158D558D558D5684
:108990008D768D5584F34AEB3AAA534D42EB42CB88
:1089A00042EB3A8A3AAA42AB3A8A3AAA326A326A25
:1089B00032694B2C4B2C534C536C4B0B4B0B4AECEE
:1089C00042EB42CB42AB4B0C4B0C42CB4B0B4B0B19
:1089D0004B0B4AEB4B0B4AEB4B0B4AEB42CB4B0B93
:1089E0004B2B4B0B42EB42CA42CA42EB430B4B4C64
:1089F000536C430B42EA4B0B4B2B4B0B4B2B4B0B50
:108A000042CA42EA5BAD5BAC536B63ED538C3A896F
:108A100042AA4B0B534B4B0B4B0B4B0B42EA534BAA
:108A20004B2A42EA534B63CC5B8C42A942EA4B2B64
:108A3000532B4B2B4B2B534B63CD5BAD32889D336C
:108A4000FFDEE75BD71AC678EFBEDF1B84B16BCEC3
:108A50009D33F7FFA53452CAA554F7DFD71BA57580
:108A6000A595E71BF7BEE75CDF5BDF5C84D39D3534
:108A70009D3595149D559D55A5349CD3BDD5CE36B9
:108A8000BD95B574AD12B553C5D69CF384B3AD9501
:108A9000BDF6B6179D348CB2BDD6A5347C50A55515
:108AA000BE17BE16BDF6FFFFE75D8CD29D349D3428
:108AB0009513849194F3ADB6ADD795149D34951468
:108AC000ADD69D33847184726BF06BF0ADD6C63732
:108AD000AD74E75CFFFFFFFFFFFFFFFFD6DA84B155
:108AE000ADD5B5F78CB29514A575BE17ADD69D342E
:108AF0008471740FB5F68C7173AE9D34AD7594B2FC
:108B0000A5348C90D699FFFFFFFFFFFFA5B59535E3
:108B10009D55AD74A5549D13A554B5B6AD957C2F48
:108B2000BE17DF1B738D52A98C91A574B5D7B618EB
:108B30007C10638D7C507C927CB35B8F6C1084F5D1
:108B40007493747274B37CB47CB37CB374B27CD30E
:108B50007CB37472747274B37CF47CD37CD47CD494
:108B600074937CB47CD485158D5585358535957683
:108B70009DB79DB763EF32483A8A42EB42CB3AAA9F
:108B80003AAA42AA3A8A3A8A42AB3A6A32493AAB9C
:108B90004B0C42EA42CA534C4B2B42CB42EC42CBE9
:108BA0002A292A093A8B532C4B0B42EB3A8A324939
:108BB00042EB534C534C4B4C42CA3AAA42EB42EA6A
:108BC0003AC94B2B4B2C42EB3AAA328932493A89AB
:108BD000534D42CA32282A073A6942EB3A893A6928
:108BE0003A69532B5B8C4B0B42C94AEA534B63EDFA
:108BF000534B3A8842CA3A693A69324832483AA9EC
:108C00004B2B4B0A536B536B4B0A4B0B42C942CA5B
:108C10003AA94B0B63CD63ED63EE5BAE3AAA9512B6
:108C2000FFFECEB973EE6BCEE77DEF9D8CB16B8D01
:108C300094F2E77CB617A595C679EFDFDEFBDF1B64
:108C4000DF5CE75BF7DDC6788CD27C519CF3B554D2
:108C5000C594C5B4B5959D559534A575C637D63719
:108C6000B575AD53BD94AD759D5484927C519D35C1
:108C7000ADB5B5F7B5F79CF3AD75A5547C0F94B2BF
:108C8000B5B5BDD5B5B5FFFFF7BE9D34A575A575C6
:108C90008CF38CB29D14ADB6ADD78CB29D349514C7
:108CA000ADB6A5748451849274527410A575CE57D4
:108CB000A553D6BAFFFFFFFFFFFFFFFFE73C8491FC
:108CC0008CF2ADB5849295148CD294D2ADB6A595A4
:108CD00094F373EEB5F69D13632B7BEE9491840FA2
:108CE0009CF39D12BDD6FFFFFFFEEF7DAD946BAEF2
:108CF0006B8D94919D136B8D5B2B632B842F5B6C21
:108D00005AEA738D31A5212329444A69842FA595F8
:108D1000A55531A631C76BCF84D34AAA5B6D84D3E6
:108D2000747274726C3174937493749274937CB48F
:108D30007CD47CB37CD47C9374937CB37CB47493E8
:108D4000749374937CD38D7695778D358D358D5551
:108D50008D557CD34B4C3A8A3A6A3ACB3AAA32695F
:108D60003A8A42CB42CB42CB3A8B3A4A3ACB42CBBD
:108D7000430B4B0C3ACA42CA42CB326A326A324A7D
:108D80002A093AAB532C4B0B3AAA42CC42AB428A4B
:108D900042AA4B0B4B2C4B0B42EB3AAA3ACA42EA83
:108DA00042EA3ACA3AAA326932482A283A695B6DDD
:108DB00094F3A5758CB26BCF4B0C3A69324A3249A9
:108DC00032284B0A5BCD534B4B0A4B0A536C6C0E4B
:108DD00063CD536B4B0A3AA932483A694B0A532B7D
:108DE0005B6B5B8C534B532B4ACA42AA532C5B4D93
:108DF000638E741063AE5B6D63AE4B0C3A8A94F273
:108E0000F7DEEFBE8D13A574EF9DEF7DB5F69D5493
:108E1000B637DF1BB5F6BE38CEBAF7FFCEDA9D54B3
:108E20008CD2CE99FFFF9D3442AA4ACB9CD2AD741E
:108E3000AD94AD74B5B6A5959D549534BDD5D67891
:108E4000BDD6B5B5CE57AD957C9274117C51ADB6FB
:108E5000B5F6AD95A5958C929CF29CD273CE8CB252
:108E6000AD95B5B4AD74DF1CFFFFB5D6A5968CD318
:108E70008CB28C919D14ADB6B5F78CD29534951407
:108E80009D54A57584718492847263CF8CD3C63748
:108E9000AD53CE78FFFFFFFFFFFFFFFFEF7E8CD3C8
:108EA00084B2A59594F39D358CF38CB16BAD634C76
:108EB0007BEF634C94B1ADB5843052A962EA5AEAB3
:108EC0004A68630B842FA533738C4227630B5AEBDC
:108ED0003A0742284A6939E7296531A631A642484E
:108EE00029440861212318E318E3296421234268F7
:108EF000740F52CA10A23A485B2B31864A695B6DE7
:108F00007C92741063AF85157493747274B47CB4DE
:108F100074937CB37CD474B374937CB37CB3749338
:108F200074B36C5163EF6C3074927CD47CD4851430
:108F30008D346C3042EB3A8A3A8B42CC3A6A3269D1
:108F400042EB430C42EC3A6A32493A8A326A3A6A54
:108F50003AAB42EB3A8A326A3AAA3A8A326A2A4AE7
:108F60003A8A532C534C532C4AEB3A6A3A6A4AEBEE
:108F70004AEB532C430B3AAB328A32492A28324906
:108F80003A8A428A42AA638E7C0F7C30A513A4F3EE
:108F9000AD75D6FAD6DADF1BA5B6324932293A4A80
:108FA0002A0842EA5BAC63AD5B6C534B532A4B0A15
:108FB0005B8C6C0E5B8D532B428952EB6BAE63CE98
:108FC000634C52CA52EB5B0C5B2C5B2C5B2D52CB7F
:108FD000426A5B2D847173EF4ACB4ACB6B6EA5134B
:108FE000E77CEFBDE77DEF9DEF9DDF3CC679BE38A6
:108FF000C679E75C9D13636D9D13EFBED6FB740FBE
:109000003207B5D5FFFFC6799D35B5F7951394D3D3
:109010008CD294F3B5F79D3474518492AD74D69884
:10902000BDB59D13C616B5B48CD3849374118CF35F
:10903000ADB5AD959D348492AD54A5137BEF8CB244
:10904000B5B5BDD5A533D699FFFFADB59D34849197
:109050008CB294F39D359D14B5D795149514951441
:1090600094F3A57584717C5174106BD094F4BDF6A3
:10907000AD73C638FFFFFFFFFFFFFFFFFFFF9D340B
:1090800084B2A5959D349D3373AE84309D1373AD2A
:1090900052CA39C6420752894A2841C649E739852A
:1090A0001061106120E329442965212429242965C0
:1090B000296531A6210339C6210310A2422852AAEC
:1090C00031C608400040088110A210A218C21081C9
:1090D00010A2420821031903422839A620E331A631
:1090E0007C305B2C5B6D7CB274527CB37CD484F49A
:1090F0008D1484F484D37CB37CD384F485158D558E
:109100007CB25BCE534C42EA5BAE85148D3685153E
:109110007CD363CF42CB3A6A3A8B3A8B3A4A4AEBDA
:10912000536D4B2C3ACB3A6A3A8A3AAB324A3A8B75
:109130003A6A3229326A326A2A293A6A328A3A8A81
:1091400042CB42AA42CA532C4AEC3A8A324A3249AA
:1091500042CB42EB326A326B324A3A6A5B0C7C0F8A
:109160008C919CD29CF3A513B575B555B5959CD241
:10917000AD75D6DACE99DEFBB618428A324A324A4B
:109180003A8A5B6D534B532B532B5B6C530B3A69F1
:109190004ACA3A4931E829C731C874108C928C9276
:1091A000632C5AEB6B6D52EB5B0C634D634C5B0CA9
:1091B0003A083A08A534A51452CB6BCFB556B5542E
:1091C000D6DADF5CB5F7A595E79DE79D849152CA95
:1091D0007C30EFBE8CB131C67C30E79DE79DBE3858
:1091E00094F3CEB9F7BDE75CF7BFF7BEA5347C506A
:1091F00084719D34AD95A57495148CD39D33D69808
:10920000BDD69D13BE16B5B59D14951474118492E8
:10921000B5D6BE17BE379D55A534A5137C0F7C303F
:10922000A554BDD6AD74CE58FFFFB5D694F394F3D4
:109230008491B5D7A5558451A5758CD384928CF3B0
:109240008CB2A55484517C5174106BF08CB2BDF675
:10925000BDB5B5D6D6DAF7DFFFFFFFFFF7DE8CF33B
:1092600084B2B5F6AD747BCE5AEB52AA73AE8C5075
:109270006B8D4A4829443165316539C631852944A9
:1092800020E32103318539C631A531A6318521245A
:1092900018E331852924420739C62945296439C68E
:1092A00052AA296510A218C210A218E3212418C2DC
:1092B0000000108220E318C32924296518E3210443
:1092C00042284A8A638E4AAA532C7CB384F484F3DE
:1092D0009555957484D27CB284F384F38D558D3486
:1092E0007491536D532C532B534C749295978D5608
:1092F00084F463CF3A8A32493A6A3A8A532C63AE8D
:10930000534C42AA326A3AAB4AEC4AEB42CB42CBCC
:109310003AAB324A2A492A292A093249324A328A40
:1093200052EB5AEB4ACB3A4A320942AB532C4B2C04
:109330004B0C4ACA3A8A2A4A21E84AEBAD54BD95F9
:10934000B595AD54B575A4F39CD2AD54BDB6AD542E
:10935000B595CEB9D6BAE71CBE183228198621A712
:1093600029C742AA532C42AA426A4AAB3A4A31E977
:109370002187190429C73A283A087C30A575AD958C
:1093800084308C508C7073AD7BEF94D2BE37B5F7C0
:10939000A53484518C916BAE424942CB4A6A9C7190
:1093A000EF9DE77C3A484289E77DF7DE7C0F4AAAC9
:1093B0008471EF9DC658B5F6BE58DF3CD6FAE75C1F
:1093C000FFFFEFBDF79DD6B9A53494D27C106BEFAB
:1093D0008CD2A575B5F7A57594F384B28CD2CE570F
:1093E000C6179CF3B5D5B5D594B28CB274107C7108
:1093F000B5D6C638C6588CB27C50AD75949173CF33
:1094000094F3A553AD74BDF7FFFFC6788CB28CB250
:10941000740FAD96A555849294F394F484729D755F
:109420008CF3A554847174107C5163AF7C31BE17EA
:10943000C616BDF67C50B5D7DEFBADD69D75743033
:109440007431A5757BEE4A886B4C738D4A685289DE
:10945000630B528939E739A631652944210329650F
:109460004208316520E329032924292421242124C9
:1094700018A210A218C239E739C739C718E3084142
:10948000294531852965294518E331852985212418
:1094900018E4000008411082084118E318E318E3BB
:1094A00019243A08530B18E3428A84D374306C10A1
:1094B00084D38D1384F384D284D27C917C91749173
:1094C0005B8D42EB4ACB42CA42EB84D395756C71FB
:1094D000745063AE42AA3A8942CA4B4C4B4C3AAAEA
:1094E0003A89326A3249326A4ACC530C532C42CB05
:1094F0003A693249322A42AB52EC4ACB32092A4904
:109500005B0C732D630C3A6A3A6942CB4B0A532BBE
:109510004B0B42CA3A89324921E83A69A534B5B6BB
:10952000AD54AD54AD75B5B6BDF6BE17B595A554E1
:10953000AD75BE38C679C638A575638D7C30951378
:10954000AD956B8D298531E739E74A6AADD8BE39CB
:10955000845184707C2F8CB194F3ADB5C637B5B50A
:10956000AD95C637CE78ADB59CF3B5F6C637B5D652
:10957000CE99BE38BE178CD24AAB530D3A2894719F
:10958000F7FEE79D7C70A595EF7DEF9DC679B61738
:10959000C679DF5CD6FACED9CEDABE5894D2A5749D
:1095A0008CB1C658FFFFBE375B0B634C7C316BF050
:1095B0008CD2AD95B618A57594B28C928CB2BDF6CE
:1095C000CE3794D2ADB5BDF59CF38451636E6BF08C
:1095D000AD95C617BE37845173EF9D129CF284512E
:1095E0008CD2A533AD74B5B5FFFFE75C9D14A5958E
:1095F0008CD28CB2849194D2A5559D55741095143B
:109600009514ADB58CB273F073F05B4E73F0BE176A
:10961000C616AD948C916BEF6C307C7184B2743053
:1096200063AE6B6D526952A962E9734B62EA4207FD
:10963000398629642944292420E318C2292420E3F7
:109640002904396528E310201861188220E318C224
:10965000000010A218C221243185210318C21081F4
:1096600021042104108210A22124212418C310C334
:1096700010A3108208410841084108810881108226
:1096800031C710A2004100004228740F530B428AD8
:1096900074517C717C71745174517C9184B2745199
:1096A000534C42CA42AA3A69534C84D26BEF3A896E
:1096B00042A9536C532C4B2C4B2C42EA42EA3A8A77
:1096C00032693AAA326A32494AEC5B6D4AEB4AEB9C
:1096D00042CB32293A8B5ACC732D6B0D3A6A2A0849
:1096E00062EC7B4E6B2D3A8A42EB3AA93A8942AA48
:1096F0004AEB3AAA3A89426A29E83A8AAD95CE58A5
:10970000A554AD9595138CD28C9184508C91845036
:10971000A5549513B5D6CE58BE17CE99DF1BEF5C76
:10972000FFDEAD745AEA6B6C73AD7BCE8C919CD22C
:10973000A4F39CD2C678A57594D2A554AD95CE79E4
:109740008CB18C9194B2636D73AECE99B5B69D33E6
:10975000740F94F2D6FAADB55B2D5B2D73EFBE3767
:10976000F7FEF7DEF7FFF7FEEF7DE77DC679ADB6D2
:10977000ADD6E79D9D5452EA94F2DF3CC6797C5009
:1097800029C5B5D6FFFFCE99A554ADD694D2741095
:109790008471A57494F2ADB6ADB68CB28492B5D591
:1097A000CE579CF3A554BDD5A4F394D373F0741194
:1097B000A575B5B6B5D69D348450AD53A534847126
:1097C0008CB19D13AD74AD75E77DCE9A94D3ADB6D3
:1097D00094F38CB294D39D54A575A5767C729D5557
:1097E0009514AD9594B2638F73F0636E638FADB5CE
:1097F000C636AD9484716BEF74306BCF5B4C52AA5C
:109800004A484A274A0741E63164210229232904AC
:109810002945210318A218A22103210318A21881A7
:10982000188118A2314420C20820080020C31882E1
:1098300018E32124002018C32965084021032103CF
:1098400010A210A2108108611082108210820841BB
:10985000002010C219241082084110A2088118E4C7
:109860002124002008610821296552AA42283A08CB
:1098700063CE6C0F747174516C30745174307430E9
:10988000534C3A893AAA42CB4AEB42AA428A4AEA64
:10989000532B4B0B534C534C42EA42AA42CB3ACB8C
:1098A00042EB4ACB52AB4AAB3A8B530C52EB5B2D9B
:1098B0006BAE428A326A5AEC7B6E6B2D428A324919
:1098C0005AEC6B4D5AEC32493A8A5B4C5B4C4B0C70
:1098D00032492207422983F0740F530B6BAE9D135C
:1098E0009CD26BAD94F29D53A594BE37E75CBE3716
:1098F000D6DACE58ADB5D6DADEFAE73CE71BE71B81
:10990000BDD6DEDADF1B8C716B4C738D632B4A88FE
:1099100039C65B0BEFDDD6B994F26B6C9512E73C60
:109920009D138C50A5349D13A534D6BAC617BE37E7
:1099300073CE8CD1D6FA9513634D52CB6BCEC678CD
:10994000FFFFE77CA5958490DF1BF7DE84916BAE6B
:109950006BCFE77D9D133A278CD2E77DCEB9ADD68C
:10996000A575CED9F7BEEF7DF7DEEFBD94F373EFAB
:10997000741094F39D13BDF79D5494D28491AD74EB
:10998000CE57A5139D13BDD5A5139D3484926BD0DE
:109990008CB3ADB6BDD69CF373EFA5139CD273EF19
:1099A0008CB29CF3B595AD74A5969D758CD3A575B9
:1099B0009D1394D39D149D34A575ADB794F49D76F5
:1099C0008CF49D1394B2638E73CF52EC4AECA57560
:1099D000CE36AD948CB073AD630B5248420741C68E
:1099E0003985398431643144290418A220C2188190
:1099F000108120E318C208400841106118A31061CB
:109A00001040188220C2290318A220A120E320E3DD
:109A1000294418C3084018E3316518C3292418C223
:109A200018A200000020108210A218E318C318E347
:109A3000210318E32124214410A20881108118C3B6
:109A4000108208610861108210A231C6210318E358
:109A5000532C7C916BEF5B6D6BEF5B6D5B6D6BEF14
:109A60005B8D42CA42AA3AAA32493A69532C5B6DCD
:109A70004B0B42AA4AEB4B0B3A893A8A3AAA224A42
:109A80003A6A630C838E630C2A0952CB7B4D7B4E62
:109A9000736E29E809263A4952CB4AAB42AA4ACB0F
:109AA0005B2C530B530C428A5B4DD6FBB59673EF80
:109AB0005B4D52EC62ECB5B6BE3784718CD2C658A1
:109AC000CE9994B2EF9DF7FFEFBEE77CD71ACE99FF
:109AD000B5D6BDF7CE79CE78D699C678BE179D1388
:109AE0003A075AEA7C2F73EF6B6D73EF7C508CB1A1
:109AF000A534BE37D71BFFDEF7DE8450AD95D6DA2E
:109B0000B5B6BE17BE17B5D6AD74C638BDF6C638E5
:109B1000D6BAC658C65894D373EF636D31E7AD75A6
:109B2000FFFFCEDA42C9534BE77CF7FFA57594F3EC
:109B30009D14DF3CC658A574BE38E79ED6FBDF5C9B
:109B4000EFDEEF7CFFDECEB9A574A57494D37C3034
:109B50007C3094F3B616BE38A5758CB28491A533CB
:109B6000D657AD3394D2B5D5A5338C718C726BF0CA
:109B700094F3B5F7B5D6A5346BCF8C719CF27BEF1F
:109B8000847194B2AD74ADD5A5969D9684B2ADB6F0
:109B90009D548CB29D148CB28CD3ADD78CD38CD405
:109BA00095359D1494D2638E7C51636F6BD0B5B69E
:109BB000BDD59D126B6C52684A274A0741C639A52C
:109BC00031652924290318C210811882106118A256
:109BD0000861084020C3292420C2102118A229248A
:109BE00020A218A120E23923418549E639A439840D
:109BF0002923314431442903316539A620E318A2D1
:109C000018A21061002010A2212418E3294518E3AE
:109C10001061108118A218C2190318C30841086105
:109C20000841086108610861084118E3002018E351
:109C300074105B2C31E75AEB52EB4A896BAD7430F0
:109C40006BEF42CB3A8A3A8A32693AAA430B42CA4C
:109C50003AAA42AB324932693ACB328A2A4A2A4A74
:109C6000326A630C834E62CC3A8A428A626A7B0C07
:109C70007B6D6BAE6BEF740F84915B2C3A695B0C60
:109C8000636D4AAA31E729A64AAAB5D69492842FD1
:109C90007C2F840F9492B5F6DF1BE77DF7BEE73C7F
:109CA000CE79ADB5C679C678BE37B617B617CEB978
:109CB0009D54738DEF9DA534632C5B0B632B634C1C
:109CC0004A685B0B8C70ADB6D6DAE75CD6FBC6781B
:109CD000BE17ADB5DF1BDEFBCEB9ADD6B5B5E71C03
:109CE000A554636B73ED7C2E846FBE17CEB9A5743B
:109CF0008471AD75D6BA8CB2740E636D31C6AD7415
:109D0000FFFFE77CA574C678EF9DE75CBE58C67977
:109D1000CE99E75CCEB9C678C679E79EEFBEADB501
:109D2000740ECE78FFFF9D1329C64AA9AD54743036
:109D30007C518CF3ADB5C6589513740FADB5CE7884
:109D4000C636AD3394B2B5D5A55384308472638FD3
:109D50007451B5D6AD759D13740F8C91A5138430D5
:109D60007C518491A533B5B5B5F79D767C71A596E8
:109D70009D357C519D348C928451ADB695148CB335
:109D80009D559D349CF46B8E73F0636E6BCF9CF38A
:109D90009CD26B8C4A2841C6420739C6294421030C
:109DA000210320C320C318C210611081106120C399
:109DB00018C2084018A231243144310228E34185F9
:109DC00049C531223963498449845A275A265A4859
:109DD00041A541A541A5312339A53985294320C392
:109DE00018A2108110A2212421241061210318C37C
:109DF0001081086018C218A220E318A2106108415F
:109E00001041086110811061084118E3088231C7D0
:109E100052AA18C3294531C729655B0B63AD63AEF0
:109E20005B8D3A693A6A3AAB3ACA42EB42CB3AAAFC
:109E3000328A32692A493AAA3ACB2A492229328AF5
:109E4000326A52CB6AEC528B2A0963AEAD54AD54E0
:109E5000A574C678DF1BDF3BFFFFAD95194529C709
:109E60005B0C5B2C6BAE9CF394D28470B5B5E75C55
:109E7000DEDAD6BACEB9C637C678ADB59D33AD9564
:109E8000ADB6A554B5F7BE57C678CEDAD71BDF3BC3
:109E9000CE79C637EF5CB5B65B4C7BEFA554B5D633
:109EA000B596BDF7C658B5D69D337C1073CE73AE4C
:109EB00052CA636DE73CD6BA9CF394D29D13E73C3B
:109EC000B5F673EB742B7C6C7C4DA592ADD47C6E97
:109ED0004AC88CB0BE175B4B638B532942A9BE1690
:109EE000FFFFF7BEFFFEE75CE75CE75CA5957C3013
:109EF0008CB1EF9D9D334A688471EFBEF7FF84718A
:109F00002164B5B6FFFFD6DB9D338CB1AD9584518E
:109F100084718CD3ADB6C658A5758491ADB6C658BC
:109F2000C5F5B5748C91AD74B57494D28C925B6E9A
:109F30007411B5F7A575A5348C928471AD5394B1A5
:109F4000740F84719CF3B5B5ADB69D758CF3A59671
:109F5000A59673CF8CB28CD38C92AD96A555741008
:109F600095149D34AD757C106BAF73EF636D632CEE
:109F7000630A4A4739C639A639A531652924210320
:109F800020E218A118A118A220C220C3210329236E
:109F9000398531232902394352265A0649C5498455
:109FA0005A266A8851E55A055A0562266A676AA8E0
:109FB0006A8851E55A2641A441A539843984292368
:109FC000188218A220E3292418A218A220C3290469
:109FD00020C2084020E32903316420C210611861C7
:109FE00010201061106110610861086118C22124FD
:109FF00010811081212410A2318652EA532B63AEC6
:10A00000536D32AA2A49328A3A8A42CB3A8A324975
:10A0100022082A08324A328B326A21C822082A29A9
:10A0200021E93A6A4AAB428B32298CF3FFFFDF1BEE
:10A03000ADD6ADB5B5B5A574AD538CD15B2B6BADBD
:10A040008C919CD2A55494B2CE58D699A574FFFF9A
:10A05000FFFFFFFFF7DEAD94C6779D12A575C679A9
:10A06000C679B5F7D71BE77CDF1BDF1BD6FAD6DA3C
:10A07000C617B5D6E75CCE998450ADB4D6DAAD95A7
:10A0800073EE6BAD6BAD52EB4ACA320742897C303E
:10A090006B8E73EFD6BAFFFFD6FA7C2F9512BE56A1
:10A0A0007C6E63E96C2A6C0A744C742C6BCB53493C
:10A0B00063CB848E638B4AE85B69534942889D5326
:10A0C000FFFFDF1B7C706BEED6FBFFFF8430296443
:10A0D00052CAFFFFA57429856B8DD73CEFBECEDA3F
:10A0E000B5D6DEFBFFFFE77C9D3263ACB5B69CF3D3
:10A0F00073F08471A575CE99C679AD95951394F2D8
:10A10000C616BDB594D2AD74B5B594B28CB2741008
:10A110007C51ADB6ADB5AD9584917C50AD548C718C
:10A12000740F849194D2BDF694B27C519D75ADB6F6
:10A13000B6187C3084718CD38C92A575AD96741052
:10A14000A5B6A5759D338CB16BAE7C2F6B6C4A4761
:10A150004A2641E639C639A5314428E320E320C226
:10A1600018A118A218A218A228E328E320E2396453
:10A170005A26624751C54984622672A872C77AE896
:10A1800062268B6A832A6A666A667AC8832983098B
:10A1900093AC6A676A8772E949844164418428E222
:10A1A00020C220C220A220C218A220C220C229237D
:10A1B00020C2188120E231433164316420E220E280
:10A1C00020A21061108208410020084010A218C28D
:10A1D000108110A218A218C2212431A652CA5B2BEA
:10A1E0004ACA42CA3A693A693249534D426A1965C4
:10A1F0006BCF6BD029E721C72A083229532C740F63
:10A200007C306BCF6BAE636D5B4D6BEF94D28C91FA
:10A210009CF294918C50A533AD54636C6B8DC658F1
:10A2200094B2840F84504ACABE37EFBDD6BAFFFF3E
:10A23000EF9EE75DFFFFDF1BD6DAC659CEBACEDB55
:10A24000C67AC69ACEBAC678C678C678C698D6FAFE
:10A25000BDD673ADEF7DBDD6844F742E94D17C2FC7
:10A260003A47742FAD9684517C3084916BAD84B1A4
:10A270008CB28491D6D9E71ADF3A742D4B0763C9A3
:10A280005B895B8963CA5B895B694B0842C74B0981
:10A290005B8A4AE842A85B8A5B6A5B8A322594F251
:10A2A000FFFFFFFF9533638CCEB9FFFF95127BEF65
:10A2B00094F3EF9DBDF78C7194F3D6FBBE58C6B8EE
:10A2C000D719E73BFFFFADB43A4542E7BDF69D1312
:10A2D000638E6BCF9D33BE58BE17B5F6A59595130B
:10A2E000BDD5BDD59CF3AD74AD7494D2847173EFBC
:10A2F0007C72A595ADB5ADD58CD27C30A5348C9152
:10A3000073EF849194F2BDF68C91638E9514A575CC
:10A31000B5D795138CB2847184719D349D147C5192
:10A320009D54849184307BEF630B5ACA5289524802
:10A33000524839852944292418C2108110A218C214
:10A3400018C218C218C220E241A5520641A53943DD
:10A350005A067B0983297AC882E8938B9BABAC0DA4
:10A360009BAB8B49A3EC9B8B8B29936A936B936A72
:10A37000AC4E83298B4A834A62466267520639642F
:10A3800039643123290220C2290220E220C131642C
:10A39000290320C228E3314439A529242102292395
:10A3A000316418C220E318A208410841084008415E
:10A3B000004110A21082084118C239C631C639E7DF
:10A3C000422842494289428A4ACB638E7410849261
:10A3D000C67AB5F8847184917C51845094D38C9161
:10A3E0006B8D636C5B0B84508C718C719D348450CD
:10A3F000CE99D6BAB5B6F7BEDEFB73EF31E7DEFB1A
:10A40000B5D673CE8C9184718CD29513DF1BFFFF70
:10A41000FFFFFFFFFFFFE71BCE78D6BAADB58CD3A9
:10A4200084917C51ADB5CEBACEBAD6FBDF5CE7BE27
:10A43000D6FAB5B5DEDABDD68CD06BAC7C2F530A1C
:10A4400032279512ADF68CD294F29D549D53742E02
:10A450007C2D7C4E9D31740C63CA53693A855348F8
:10A4600053284AE842A83A6742A753095B6A532A2D
:10A470004B083A873AA83AA842A853493267742E43
:10A48000DF1BADD59DB4B5F5DEFBE71CADB6C678D8
:10A49000D6FBDF3CCEBBADB6ADB6F7FFAE1742E89C
:10A4A00042C6742C953163CC4B094B09A53394B14A
:10A4B000534D6C10ADB6ADD6B5D6B5F79D349D14E1
:10A4C000B594C63594D29CF3BDB594F384717410E1
:10A4D00063D08CD3AD95A59594F27C309D1394D127
:10A4E0007C3094D28491B59594B25B4D8CF4ADD709
:10A4F000A57573EF84718CB2845194D294F37C501F
:10A500008CF27C2F6B6D5248420741C642074A07C6
:10A5100039C6318531652104210418E318A218C217
:10A5200028E32902314349E551E6626772C97AE9B5
:10A530007AE88B4A9BABB44DB48EC4CFC4D0C4AFC1
:10A54000C4F0B44DB44EBCAFA3CCA3ECABEC9B8A2F
:10A55000B46EA40CA3EC9BCB8B4A83095A265A06F3
:10A56000522741853123312331232902314349E6E2
:10A57000314420C2316449E6398418A220C23164D2
:10A58000398520C2292320E320E318A208410020B6
:10A5900008610881108118C32924210318C22945A4
:10A5A00042084ACA63CF84B2A596BE38BE59A555A3
:10A5B000847194D39CF48C928C717BEF9D139CF2EC
:10A5C00094D2C6176B6CC637D6B9C637FFFFD6DA3A
:10A5D000CE79C617AD95AD74A554B5F78C9284307D
:10A5E00084717C307C107C516B8E5B2CB5F6FFFF48
:10A5F000FFFFEF7DF7DEB5949CF26BAC5B4C7430E3
:10A600006C0F84B2B617EFBEDF5DDF1CCEDBCEDB96
:10A61000BE17BDF6F79ED6DA740D42A84AE94AC9BC
:10A6200052E96BCC73EC73EC73EB8CAF95316368D0
:10A6300052A552A752E85B6A42C73A874AC85349B3
:10A6400042A73A8742C842A74B084AE842A842C9F3
:10A6500042A842C842C921E62A073A883A873266A8
:10A66000957153CA2A65BE97EFBDE73CADF5950FCE
:10A670009D72E79DBE174AC984B1BE7963CD3AA7E2
:10A680003266326621E52A0632473247AD959D1380
:10A690005B8E74518CD2AD95BDF794F37C519D14B3
:10A6A000AD73CE36A4F29492BDD594F38451845107
:10A6B0005B8F8CB3A575BE179D14740F9CF29CD252
:10A6C0007C5084918C50A533A533636D7C51A57566
:10A6D0009D54636D6BAE9D348CD29D13AD957C7192
:10A6E0006BAD632C5ACA4A484A4839A639A6292470
:10A6F0002104292420E328E4210420E220E2290384
:10A70000396551E6520659E662057287936AAC2DA7
:10A71000B44DB44DBC8EC4AFCCF0D531DD72D55143
:10A72000D531D531BC8FBC6EBC4DB44DC4CFBC6EE1
:10A73000BC8EBCAFB46EA40C9BAB9BCC7AE86246DB
:10A740006226624751E649C549C549C55A4752275D
:10A75000396431235A47524739842923398541C600
:10A7600020A1292341C631433164314420E31061E3
:10A770000861086120E3292418C3084020C331443C
:10A780004A287C10953494F38C927C2F6B8C632B2D
:10A79000840FA513632C630CCE79F77DC617C637DB
:10A7A000EF7DE73B9CF3ADB5A53484709D1394D247
:10A7B00094B29D336BAD6B8D9D1394F384516BCF2D
:10A7C00073CF638E73EF6BCE634D6B6DDF1BFFFF3B
:10A7D000FFFFE75CF7BEB595B5B56BCE7410CEDB69
:10A7E0008CD39D55ADD7ADD6A5B6A575A595AD7540
:10A7F0009D12738CCE59CE99424742675B2963AB59
:10A80000638A5B285B0853075B286BCB6BAA5B07EB
:10A810005AE85AC852C84AA832063A27428742869E
:10A820004B0863AA5B8963CA742B5B8A21C529C65E
:10A830003A682A062A0721E619A62A06430942E8A9
:10A8400063EB5BCA42C67C6EBE77BE366BEA5B8743
:10A8500063A9950F8C8D42657C6D742D32665BAA61
:10A86000536943084B293AA83A8742E9A574AD9544
:10A8700073F06BEF7C51A575BE17A55594F39D340D
:10A88000A553CE15B5748C92B5B59D137C308471EB
:10A890006C1184B2A575ADB594D273EF94B2AD13BB
:10A8A00073CF7C509CD2A512AD546BAE74318CD357
:10A8B00094F384706BAE94F39D149D54ADD68CB11B
:10A8C00052CA39C6316539A6318518C210A2108224
:10A8D000108108610840108218A220E22902314448
:10A8E00041A55A266A6672A78329938AABECB44DB8
:10A8F000CCD0CCF0D531D531DD52E5B3E5B3E5B3FD
:10A90000DD72DD52C4CFC48ED510CD10D551DD71AE
:10A91000CCEFC4CFBC8EAC2DA3CCA3EC938A936AAE
:10A9200083297AE972C86267624772C972C962682C
:10A93000394349E5628849C5520641C541C5396474
:10A9400028E25227522731234184394428E23164D6
:10A9500018C2106118A218C210A118A23965314599
:10A9600039A662EB5ACA630B7BEE9491B594DF1A59
:10A97000ADB69CF3A5338470C659D6BA94F37C0F58
:10A9800094D294F29D138CB184308430A55473CE4C
:10A9900094D2CEB98430AD75B5D6530B636D7C308F
:10A9A00073EF6BAE84518430738E738DA533F79D36
:10A9B000FFFFFFFFFFFFBE179CF2AD349CD38471F5
:10A9C000743094F394D28CB19512B5B5D6BACE78D2
:10A9D0008C905B2A94D19D124AA8632A5B295B491B
:10A9E000636A5B0952E85B2A52E94A875AE763299E
:10A9F00052A842475AC8426731E631C63A473A46FA
:10AA00004B0863CA63C963A94AC7532932262A0679
:10AA10002A262A27324811A511642A4742E94B49C0
:10AA20003A863A6653274B08B5D5CE9753484B28FC
:10AA30005B8953475BA86C0B4B493AA73A874B2974
:10AA400042E84B494B2942E9534A4B298CB2BDF6A7
:10AA5000951374307C5194F3BE17B5D694F39D349E
:10AA6000A554CE15B5948C92AD74A53384518C72D7
:10AA70006BF07430AD7594F2849184718C70A4F194
:10AA80007BEF7BEF9D139CF2AD537410741194D344
:10AA900094F3847173EF94F38CB394F3A59584507D
:10AAA0004A6841E73145210339A629441061106104
:10AAB0001081108118A218A220C32923396441846F
:10AAC00051C56A2682E89BCBB44EB44DBC8ECD10E6
:10AAD000DD72E592E592E5D3EDD4EDD4E5D3E593CF
:10AAE000DD92CCF0D530DD92DD71DD51D510D53160
:10AAF000D530CD10CD10C4AEB44DAC0CABECAC0C1D
:10AB0000A3EC9BAB8B4A7AC88329936A832972E8AA
:10AB1000624672C972C962475A2749E551E649C57A
:10AB20005A68626841A552065A48394331232903BD
:10AB300018811061106110611081294428E33144AB
:10AB400041E741C7630B94F2AD95D6B9F7FFCEDA72
:10AB50005B6D636EA5546C2F9D748CB15B4C7C5007
:10AB60007C50A55473AD8C71C63894D2DEFBBDF712
:10AB7000AD95AD95BDD6CE58A59573EF73CF73EF58
:10AB80007BEF73EF6B8E73CF8C918C91840FDF1BF7
:10AB9000FFFFFFFFF7DEBDB5840E738D738D5B0A7B
:10ABA000638DADF6BE18B5F7BE37B61794F273EEE7
:10ABB0004A8742465B0A636B5B095AE852A85B0905
:10ABC000636B4A88424742683A073A2652C863098B
:10ABD0004A8842474A873A2631E63A674AC84AC80D
:10ABE000532853494AE93247322642C72A063A8750
:10ABF0004B293A882A2719C632682A2719C632886B
:10AC00003AC74B274AE73AA68CEFA5924B293AC799
:10AC100053295BEB5B8A5B8A536942E832673A8768
:10AC20004B09328721C532473AA72A679D13B5954C
:10AC30008CB274517C728CF3ADB6B5D694F4847139
:10AC400094D2CE36BDD594B2AD54AD7484718451D6
:10AC50006BF07431A555B5D6AD7584718C70A4D1E7
:10AC60007C107C109D1294D2AD337C106BCF953448
:10AC70009D5495137C2F94D294F49D148CB173AE93
:10AC80004A692944210331653185294418A220C32A
:10AC900020E321043145294420E2316449C65A06A3
:10ACA0006A6783099BABB44DC48ED531E5D3EDF310
:10ACB000EDF4F655F655EDD4EDF4E5D3E5B3E5B393
:10ACC000DD72E592E5B3EDD3E5B3DD92D551E5B2A2
:10ACD000E5B2DD71DD71DD51D510CCCFC4CFBC6ED6
:10ACE000B40CB42CAC0CA3CBA3ECA3CB938B9BAB3D
:10ACF0008B6A8B6B832A7B096A886A676A88628899
:10AD00006A8851C56A88834B5A474184398429032C
:10AD1000292320E318A218811882292429243165C7
:10AD200039A64A4873AD73EE73EE9D33F7FF7C305E
:10AD300021666B8E94D27C50AD95BE178CB1951365
:10AD4000BE58CEDA73EE94F2AD967C0FA554AD9555
:10AD50009CF39CF38C708450847173EF73AE73AE6C
:10AD60007C0F73EF6B8E8471ADB6B5D6AD33EF7DCE
:10AD7000FFFFF7DFCEDAAD74AD748CB29D55BE37F0
:10AD8000740F7C508CD27C7084717C7052E939E5F0
:10AD90004A4752874A4752A8630952884A684A88F4
:10ADA0004AA73A273A483A0729A53A4752E842477C
:10ADB000420652C952A94A67426742673A6742A7A8
:10ADC0004B2842E82A0621A5324732472A0642A8E4
:10ADD0003AA73A88118521E6328819C522072A69DF
:10ADE00022063AA642C742E7538942C8326653490F
:10ADF00042C842C853294B085349324621C53AA894
:10AE0000324721E62A2721E619A52A069D33AD748B
:10AE10008CB2741074518CD3AD95BE179513849277
:10AE20008CB2BDD5C5F594B2AD33B57484518C7276
:10AE300073F06BF09D34AD75AD9584718C30ACB210
:10AE4000843063AE847094B1B5747BEF530C84B2DC
:10AE500094F3A5557C508C919D348C924A69294479
:10AE60003165210318A20840084118A218A218A2AF
:10AE700018C218C3210329243144398449C56A679B
:10AE8000938BAC4DC4CFCCCFDD51EDD3EE14EDF3AD
:10AE9000EDF3EE14E5D3E5B3EDF4EDF3EDF4EE14DC
:10AEA000EDD3EDF3EDD3EDF4EDF4F635EE14EDF373
:10AEB000EDD3EDB2E592DD71DD30DD30D531CCCFB3
:10AEC000CCAECCAEC48EC48EBC4DB42CB40CB42D60
:10AED000B42DB42DA3CCA3CC938B8B4A832A832A85
:10AEE00072A772A893AC8B6B6A88624751E63944AB
:10AEF00049C641A518A120E33185292329033144FE
:10AF000039854A0742064207422773ADC65894B2B4
:10AF10006BAE73CFB5D79CF2A574CEB99D137C30C0
:10AF20009D349D5495138C9173EF6BAE849173EFA8
:10AF30006BCEADB5638D6BAD8CD27C107C5173EF55
:10AF40006BCE740F73CE7C107C1084309491E73CF0
:10AF5000FFFFFFFFFFFFC638CE99D71BD6DAC61713
:10AF6000636C3A675B4B5B2A5B0A634A6B4A5AC85D
:10AF70005AA95AA84A6752A852A839E63A2742471E
:10AF800039C632076BCC6BAB42273A26322629E50D
:10AF90004A885AC94A684A474AA84AA83A8742E8AA
:10AFA0003A673A682A061964322732472A265B4BE9
:10AFB00042EA19A519E62A672A2719C6222711A6E7
:10AFC00021E73AA853495B6A42A732052A263A8804
:10AFD0003A682A062A063A683AC8326721C52A071B
:10AFE00019A52A063A892A0632272A0794D2A55497
:10AFF0009D136BCF74319514B5F7BE38A5759513B5
:10B000009514BDB5D6579CD29CF3BDD68C928C714D
:10B010007C105B6E8CB2A554AD948CB27C0F9C906E
:10B020008C70636D740F8C71AD33845063AF7C5141
:10B030008C929D358CB284918CB2630B39C631856C
:10B04000292418C21081106118C218A218A21081F8
:10B0500010A120E3316441C64A06520662878B4A3A
:10B06000AC2DCCF0DD72E5D3EDF4F634F614F61425
:10B07000EDF3EDD3EE14F634F635F655F655F63419
:10B08000EDF3EDF4EDF4EE14F634FE75EE14EDF39D
:10B09000EDB2E5B2E591E551DD50DD51E551DD3030
:10B0A000DD10D4EFD4EFD4EFCCCFCCAEC48EC48EB1
:10B0B000C4AEC48EBC4DBC6EBC4EB40DABECA3CBC9
:10B0C000936A9BCB9BCC936B834A93CC72C95A27D0
:10B0D00041A5310341A5398529033985292320A1BB
:10B0E0003144316439A54A2762EA738D738EDEFBE1
:10B0F000DEFB7C2FB5B68CD284719D5594D36BAF9B
:10B100005B2C73CF634D5B4C6BAE5B2CA574B5D6DB
:10B11000AD95C658C638ADB594D26BAE94D29D14D9
:10B1200094F395137C3073CF7C306BAE9CF3EFBE01
:10B13000FFFFEF7CE71BA5538CB08C6F948F83CC03
:10B140006B29634A6B8B634A6B296B0A6B2A62E932
:10B150004A4842264A8852A93A264267530942671A
:10B1600031A63A2753095B095B0A52A84227424796
:10B170004AA939E631C629A53A4753495B8A32477D
:10B18000198521C511642A06326742C93267534BBB
:10B190007C5029E619A521E7220719E611651184DB
:10B1A00043095B8A4B084B0842C8324721C62A260E
:10B1B0003A8842A93227322642C83AC82A2632673C
:10B1C0003A681984198529E63A682A069D13AD5410
:10B1D000A5346BEF84B294F39D55BE389D5584B26F
:10B1E0008CF3B574D657A5139CD2B5B58C91845108
:10B1F00084715B6E8CD3AD75B5D694F37C309CB006
:10B200009CB173AE74108471A5128CB16BF07C523A
:10B210009D149D148C92740F73EF422721232924CF
:10B22000210418C218C220E318A218A220E3316436
:10B23000398549E649E64A065A677AE99BCCAC6EFD
:10B24000C4CFD551DD92EE14F634F635F634F6144B
:10B25000EE13F634F654F634F634F634F635EE14CE
:10B26000EDF3EDF4F614F614F614EE14F614EDD333
:10B27000E592E5B2E592E592EDB2E592E571DD5138
:10B28000DD51DD30DD10DD30DD30D510D510D4EFEF
:10B29000D510CCCFCCAFCCCFCCCFCC8EC46EBC4DE8
:10B2A000BC4DAC0C8B29936AA40D9C0D93AC7B090F
:10B2B0004184396449E6418541A5520751E631434D
:10B2C000312341A54A2752485AC96B4C94B1E73CF7
:10B2D000BE387C0F7C50849274317C3184726BCF89
:10B2E00084719D145B2C6BAE7C30634C9513CE79CE
:10B2F000AD95B5B69CF394B295138C9194F394F3F9
:10B3000094D39D1473CF73EFBE39951394D2EFBDD0
:10B31000E75B638B53295B495B495B4983EC83CBD8
:10B32000734A738C736A62E852874A674A47426776
:10B330003A28320731E631C6426753294AA73A26EE
:10B340003206320742684AA84A885AE9528839E6E2
:10B3500029C61965194429E543094B293AA832271A
:10B36000114421C5324742E942E93267534B9D956A
:10B37000B6178D1321C600A209440944094442E8C6
:10B380005BC9534842C8328732872A0621A521E685
:10B3900032673A6821E62A252A0619A519842A4720
:10B3A0002A271124196521A629C721E6AD74AD54B9
:10B3B000AD5473EF6BAF8CD39534B5F7ADD78CF339
:10B3C0008D13AD54CE16A55394D2B59494D28491D6
:10B3D0008CB2532E8CF3A5549D338CB17C309CB130
:10B3E0009CB17BEF73CF8C71A51394B14AEC6C11B7
:10B3F0009D349D138CB28C9173AE39C6210318C253
:10B4000018C318C2292418A218A22103316541C605
:10B4100041A5416449C552266A888B4AAC4DC4CFC8
:10B42000D530DD72E5D3EDF3F634F635F614EE13D0
:10B43000EDF3F634F654F634F634F634F634EE140E
:10B44000EE14F634F634F634EE14E5D3EDF3EDD322
:10B45000EDD3F5F3EDD3EDB2EDB3EDB2DD51DD306B
:10B46000E571E551DD30DD30DD30DD30DD51DD51C0
:10B47000DD30DD30DD30DD30D510D4F0D4F0D4CF88
:10B48000D4CFBC2DA3ABB44DB46EA40C9BCC8B6AB3
:10B4900072C85A4649A451E652066268834B7B0A39
:10B4A0003943312341A539844A06736C94B19CD148
:10B4B0007C0E632A52EA638D4AEB42A952EB3A288A
:10B4C0005B4C951484717C1073CF636D7C5094B287
:10B4D000634C7C2F7C0F8471ADD6A5758450634D71
:10B4E00052EB7C3184716BAE8491847073CEADB4B9
:10B4F0007C4E3245324532462A0632475AE95B09CC
:10B500004AC752C85AE95287422642674AA842A807
:10B51000426952EA3A4719433A474AE842664AA81A
:10B520004AA93A0742885B2A426741E642273A27FE
:10B5300000C24B0C324921A53AA83A8821E621C520
:10B5400021E632474B29326621E622064B2B9D131A
:10B55000845042C9324742A8534B21E709644B4902
:10B560004B08430842C72A062A0629E62A062A0764
:10B570001124194421E53AC821C51145198421E651
:10B5800019A61165198621A61985198594D2A55485
:10B59000AD7573EF5B6EA575ADD6BE17BE398CF475
:10B5A00084F39D54C5F6A5128C50B595AD346BCF80
:10B5B00073F05B4E7430A595AD7594F2740F8C707A
:10B5C0009CD17BEF7C3094B2A4D29CD2532D5B8F64
:10B5D000951394F29D337C2F630B52695269314568
:10B5E000292420E318C218A218A2210331443143B0
:10B5F000396441855A4762887AE99BABB44DCCCF18
:10B60000DD51E5B2EE14EDF4EE14F634EE14EE1363
:10B61000F614F634EE14F634F634EE14EE14EE347A
:10B62000F634F634EE14EE14EE14EDF3EDD3F5F338
:10B63000F5F3EDF3EDF3EDD3EDB2EDB2E592E59276
:10B64000E592E551E571E571DD51DD51DD51DD51E9
:10B65000DD30DD51DD51DD10D50FDD50DD30DD3069
:10B66000DD10CC8ECCAFC48EC4AFC4AFB46DA3EC30
:10B670009BCB8B497AE87B0972A872C9834B93ED07
:10B68000836B41A431024A066B0A7BAD8C2F842E5A
:10B69000738C5AE952A852C94ACA4AA942A94AC94E
:10B6A0003A497C519D55636D5B4C638D84718C71FF
:10B6B0006BAE8C919D148CB394F37C108C928CB2F5
:10B6C00074108C92A5967C4F638B6BAB6BAB5B6AF3
:10B6D0003A663A874B285329322629C53A4742878A
:10B6E0004AE842A7424642264A87530963AB5B6A4F
:10B6F0003A67532A63AB4AE942883A4632254A8878
:10B70000428942883A473A67426731A6320729C6DA
:10B710002A289575A5B63AC921C5220621C62A064A
:10B720003A883AA842C82A060923118419C55AC979
:10B7300062E932665B4963AB534A3AA832873AA85A
:10B74000322721A53A873A8832272A2621E632284D
:10B750006BAE32072A273AA821E621A619651144C3
:10B7600021A532682A072A0721E619449CF394F39D
:10B77000B59584715B6D84B29D55B5F7AD9584D355
:10B7800084F394F2BDB4AD538450AD54AD547C30C9
:10B790006BCF532D63AFA5759CF2A5748C917C0F74
:10B7A000A4F17BEF7430845094B1A5125B4D5B4ED5
:10B7B00094F38CB19D136B4B39C639C5316520E3C9
:10B7C00018C218A218A220E3290331243143396496
:10B7D00049C549E65A266AA893ABB48EC4F0D55140
:10B7E000E592EDF3EDF3EDF4EDF4EE14EE14F61452
:10B7F000F634F614EE14F634EE14EE14EE14F634B9
:10B80000EE14EDF3EDF3EE13EE13F5F3EE13EE1489
:10B81000F634F614F614EDF3EDD2EDB2EDB3EDB26D
:10B82000E592E592E571E592E5B2E592E591E551A3
:10B83000E571DD30DD30DD50E551E551DD51DD30C4
:10B84000D4EFD4CFD4EFCCCFCCCFC4D0CCAFBC8E40
:10B85000B44DAC2DA3EC93AB8B6A836A9BEDB4B073
:10B86000C5529C2E418441A55A8862C95AA85AA83B
:10B870005AC94A685AC9634B6B8C638B52E94AEACE
:10B8800052EA6BCD6C0E5B8C5BAC638C7C508CD3C2
:10B8900084927C5084717C0F6BAD6BCE847284710A
:10B8A0007C50636C638D63CC5B6B4B093AA842C8D8
:10B8B0005BAA534942E85329534A4B083AA742C866
:10B8C00042A842A74AE94AE853295B8A5B6A4B29A6
:10B8D00042C83AC74B295B8A3A683A273A273A075F
:10B8E00031E632063247322731E631C6322621A50B
:10B8F0006C2FA5D5A5B55BAC118321C62A2721E6FF
:10B9000029E642C921E611451164198511A55AC9D4
:10B910007B4B3AC842E83A8732873AE94B0A2A27F2
:10B920001985196432473A882A2619C5198621854E
:10B9300052AB5AEB21851985116519651145112402
:10B94000196521A521A519A519651944B5D694B283
:10B950009CF28491532C7C51A5B69D549D1384B2C6
:10B9600095149CF2BD94B5948CB1A513AD7394D28B
:10B970008C915B4E74119D339D34A53474107BEF14
:10B98000A4D1842F638E7BF09491A533636E530E04
:10B99000951394D26B8D52884206290218A118A1E2
:10B9A00018A218A220E320E328E3312341A5520680
:10B9B00049E562686AA9832A93ABA42DC4F0D551E6
:10B9C000D551E5B2EDF3EDD3EDF4F614F614F6141B
:10B9D000F614EDF3F634EE14EE14EE14EE14F63421
:10B9E000EE13EE13F634EE13EDD3F5F3F614F6344E
:10B9F000F654F614F5F4EDF3EDF3F5F3EDB2EDB224
:10BA0000EDB2ED92ED92E592ED92EDB2E591E57138
:10BA1000ED92E571E571ED92E571E551E551DD518C
:10BA2000DD10D4EFD4EFD50FD4F0CCF0D4F0D4F0B7
:10BA3000C4AFC48FBC8EBC8FBCAFB46EB48FBCD04F
:10BA4000B4B0BD119C2E49A54184524752885A88F2
:10BA5000630952A85AE973ED6BAB5B4A530853096B
:10BA6000638A63AA5B695B8A5B8A63AB740E8CD161
:10BA70009D5473ED6BCB740C742C638A846F8CD1E2
:10BA800063AB4AE742C8534A42E93AA84AE85B8AAC
:10BA900053494B093A88320642A8532A4B294AE8AF
:10BAA000320642675B6A5329534A53694B084B2954
:10BAB00063AB53494B0942C83207320729E629C50F
:10BAC00029E632473A4729E631E63A474AC93A4732
:10BAD00032066B8B4287196421C621C621E619A55F
:10BAE000114419A511241144196421A519A55AA9B5
:10BAF000834B19E51A0619C621E632882A061985EC
:10BB0000112432683A8821A5196519661166112534
:10BB100029C652EA08C2090421A721C6198611259F
:10BB200008C300822186196500A208C28C918C92FC
:10BB3000A5339D13636D7410A596A554A575951432
:10BB400095149CF3AD33BDB48C919CD2AD7494919B
:10BB50008C926BAF63AF8CD3A574B59573EF73AF55
:10BB60009490842F6BAE7C308450AD5373CF42CC15
:10BB70008CD3AD747BCE41E631442923292329039C
:10BB800020E3210320E320A2290341C65A4762880B
:10BB90005A67626772E97B0993ABAC4EBC6ECD10FD
:10BBA000DD71E5B2E5D2EDF3F614EE14EE13EE130B
:10BBB000EDF3EE13F614F614F614EE13EE13EDF3A4
:10BBC000EDF3F614F614EDF3EE14F614F614F61481
:10BBD000F5F3F5F3F613EDF3EDF3EDD2EDD3EDD38D
:10BBE000EDD2EDD2EDD3EDD3ED92EDB2ED92E59243
:10BBF000E592EDB2E592E592E572E572EDB3E5719D
:10BC0000DD31DD51DD30DD10DD30D510D510D53022
:10BC1000D510D511D510CD10CD10BCB0BCCFCD31C5
:10BC2000DD94CD73D5B3AC6F49A549E662E9734B9A
:10BC3000736B6B8B634A52E952E853274B07638956
:10BC40005B8942C63A663AA74B286BEC6C0C63AB37
:10BC50006BCC5B6953275B686BEA63A86BE963CACB
:10BC6000534863C963EA5B8A3A6732474AE95B8AA9
:10BC700053294B085BAB3A8721C521C5324742881F
:10BC80004AC84AC932062A064B0943083AA73A87E6
:10BC900042E842E83A873A88322721A521C632474E
:10BCA00042893A273A2721A529E64AA84AE842A824
:10BCB0003227738B4A8722062A2719A61165198510
:10BCC00019851986114509242A072A2711845A68DB
:10BCD00072C908E321A619451165196519451104B2
:10BCE000090332482A07114509041125194608E4B9
:10BCF00031E75B2C006200E4116509241986110408
:10BD0000004208A231E7192542494AAA8CB18CD2D7
:10BD1000AD749D1363AF638E8CB2A5349D347C717A
:10BD200084929D14AD74BDD494B19490AD9494B2AA
:10BD30008C9173CF530C847194D2AD758CB26B8E91
:10BD40008C508C30636E73EF7C30AD5384304ACCB2
:10BD50007C519CF26B6C39A529232924290328E303
:10BD600028E328E32923396449C649E549E5520611
:10BD70005A4762886AA8834A9BCCAC0DBC8ED530EA
:10BD8000D530DD71E5D2EDF3EDF4EDF3EDD3EDD388
:10BD9000EDF3F634F634F614EDF3EE14EDF3EDD3E3
:10BDA000EDD3EDF3F614EE14EE14F634F614EDF3D1
:10BDB000EDD3EDF3EDF3F5F3EDD3EDD3EDF3EDD3FB
:10BDC000EDD3EDD3EDD3F5D3EDB3E5B2E5B2EDD3DD
:10BDD000E5B2ED92EDB2ED92E571ED92EDB2EDB21C
:10BDE000E592ED92E592DD71E571DD51DD10DD103A
:10BDF000D510D510DD51DD71DD72D552D551D5523A
:10BE0000DDB3DDD4E615E636AC7049E54A2652A826
:10BE10004A4752875AE95B095B49534863AA5B4822
:10BE20004B0742A732663A865349536A53694B0817
:10BE30003A664AE8530853286BCA63C95B6842A64E
:10BE40005329744B6C0A536942C83A8832462A45D2
:10BE50004B0942E74B493AA721C629E621C52A06E4
:10BE60003A6832073207428842E83A87324632451A
:10BE70002A2632272A0732273206322732483A88C2
:10BE80003206318531A621452185324742A74287B6
:10BE90003246632A4AA8198529E619A619A619A5C2
:10BEA00021A6196521A62A072A072A06118539A67F
:10BEB0008BEE944F72EB2125110408E40904112440
:10BEC000112411241124194508E408A3090500A32D
:10BED00029C66B8D08A3008229E729C708E332072A
:10BEE0005B2C2165194511035B4CAD7594F284916F
:10BEF0009D13A5546BAE63AE74108C91A55494D26F
:10BF00008472A575A533B5939CF28C90AD949CF288
:10BF10007C307C305B4D7C508C91A5549D136BAE76
:10BF2000842F9491634D6BAE8C71A53384504AEC91
:10BF300073F07BEF4A4841C641E6294420C318A26A
:10BF40001881312341C54A0651E649E552266AC99E
:10BF500072E96AA872A88B8B938B9BCBC4AFC4EF9A
:10BF6000CCEFE592E5B2E5B2EDF3EDF3E5D3E5D341
:10BF7000EDF3F614EE14F614EDF3EDD3E5D2EDF394
:10BF8000EDF3EDF3EDF3EDF3EDF3F613F614EDF35E
:10BF9000F613F614EDF3EDF3EDD3F613F5F3EDD35D
:10BFA000EDD3EDD3EDB3EDD3EDD3EDB2E5B2EDD3FB
:10BFB000EDB3E5B2EDB2EDB3EDD2EDB2ED92EDD36E
:10BFC000EDF3EDD3EDB2EDD3EDB2E592DD31D51069
:10BFD000DD30DD30DD51DD72E5B3E5B3DD92DD93BB
:10BFE000E5D4EE35E635E615E6369BED49E65267D3
:10BFF00052A8526852885B0952E853085B6A4B08A2
:10C000003266324632464B094B293A863A873267C6
:10C010002A0632475B49740B6BCA4AE73AA742A823
:10C02000534953484AC753494B082A262A0642C84F
:10C030003A8732672A2721C621C62A0721C621E767
:10C0400021C619862A073A6842E832663A873A8753
:10C050002A06196421A53247320732273247324770
:10C0600031E62985216519453A48324732063206BC
:10C0700021C55B2B5B2A19A4326829E621C621C69B
:10C0800019A50903114429E729E621C611442124F1
:10C09000AD33B59541E71944008229A62186214593
:10C0A000192408A310E408A311452A08112508E45F
:10C0B00032287C303A493A287C0F8470428963AD3B
:10C0C00094F2638D5B4C6BAD6BCE9CF29D1394F33D
:10C0D000A533AD9573EF638E7C5194F3B5B5BDF682
:10C0E0009D3494F38C71BDB4A4F28C50AD74A5133F
:10C0F00073EF73EF532C73EF95139CD26BCE5B2DC4
:10C100007C0F9CB16BAD638D84509D1294914ACC91
:10C1100063AF84705ACA39A531853165210420E2A4
:10C120002903396441A549C552275A475A476288AD
:10C130005A4762267B098B4A8B6AA40CB44DBC8E8D
:10C14000DD30DD31E592EDD3EDD3EDD3EE13EDF33C
:10C15000EDF3EDD2EDF3EDF3EDD2EDB2EDD3EDF382
:10C16000EE13EDF3EDD3EDF3EE13EDF3EDF3EDF3AD
:10C17000F5F3EDF3EDF3EDF3EDF3F5F3F5F3EDD3C7
:10C18000EDD3EDD3EDB2EDD3EDD3E5B2E5B2EDD322
:10C19000EDD3EDB2EDB2EDD3EDD3EDF3EDD3EDB3E1
:10C1A000EDD3EDD2EDD3F614EDD3E592E592E57142
:10C1B000E572E571DD71DD92E593E5B3E5D3E5B3B5
:10C1C000E5F4E614E615E615EE35EE768B6C41A443
:10C1D000526752885AC95B0952E84AC8428842A746
:10C1E000430842A83A883AA83AA73A663AA732677B
:10C1F00021C63227534A5BAA53493A46322642A700
:10C2000053494B093A6642C65B6953285B695B8AAE
:10C210004B29324719651965116421A519A619859D
:10C2200019861166112521C553494B093AA73AA72A
:10C230003A8829E629E629E621C62A0621C519A455
:10C2400021C621A6194519453208322721852165C5
:10C2500011245B2B634B19A529E721C611651985AC
:10C2600019851124196519651944112400C2320772
:10C27000420700622166216529853A4910E37BCF98
:10C280006B6E0041192510E442AB95147C717C5112
:10C290007C308471740F7C707C508C9184917C70A4
:10C2A00073CE73EE7C2F7C306BAD634C9D338C92E0
:10C2B0009CF3B5B58471636D74108CB29D13B5B5E4
:10C2C000AD9594B28C71B593A5338450A533A53345
:10C2D0007C3074105B4D741095139CF28C716BAEB6
:10C2E0007BCE9491738D5B2C73AE94B194D24ACB78
:10C2F000638E84505ACA41C6318520E318A220E2D9
:10C30000316439853985418552275A4752265A2743
:10C310006A677B098B4A938B9BABA3ECB42DC4CF8C
:10C32000D530E591E5B2EDF3EDD2EDD3F5F3EDF3D4
:10C33000EDF3EDD2EDF3EDD2EDF2EDF3EDF3EDF340
:10C34000EDF3EDF3EDF3F614F614EDF3EDF3F6146F
:10C35000EDD3EDF3EDF3F5F3F5F3EDD3EDF3F5F305
:10C36000F5F4F614EDF3EDD3EDD3EDD3EDD3EDB25B
:10C37000EDD3EDB2EDB3EDD3EDD3EDD3EDD3EDD3FE
:10C38000EDF3F614EDF3EDF3EDD3E5B2EDB2E59296
:10C39000E551E551E592EDB3E592DD91E592DD934E
:10C3A000E5B3E5F4EE35EE15EE35EE76D5D46AC894
:10C3B00049E55AA86B6B634A5B295B294B083AA78E
:10C3C0004B2A744F740E532A3A674B094B083AA70D
:10C3D00032272A07324642E642C742C84AE92A05BE
:10C3E00021E521A54AE86BEA6BCA6BEA5B4942A7E3
:10C3F00042E9326729E721C619C621C619C619C6FE
:10C4000019A619A611252A2742E83A87322632466C
:10C410003A673A682A0619841164092408E311036B
:10C4200011242186196519241944216521A521A605
:10C430001124636C5B0B19853207114400A3006162
:10C4400008C308E308E308C300611924112431A6D6
:10C450007BCE320829A63A4973AE73AE4288A55402
:10C4600094D25B2C740F73EF843084508CB28C9216
:10C470007C306BAE6BCE6BAD636C5B0B5B0A52EAD0
:10C4800052CA4A884A6842084208528994F2845142
:10C490008C92AD958C91636D74108471A554B5B573
:10C4A000A534A5339CD2AD53A533842F9CF2AD3374
:10C4B0007C107C305B6D636E94F3AD54A554634C7B
:10C4C0006B4C8C307BEF5B2C638D84509D1352EB57
:10C4D0005B4D636C420741C6294320C220C2292319
:10C4E000314441854A075A675A47520662886A684A
:10C4F00072E99BED93AC8B4A9BABA3ECB46DCD1072
:10C50000DD51EDB2E5B2E592E5B2EDF3EDF3EDD339
:10C51000F5F3EDF3EDF3F613F613EDF3EDF3EDF3C1
:10C52000EDF3EDF3EDF3EDF3F5F3EDD3EDF3F613FA
:10C53000EDF3F5F3F614F5F3F5F4EDF3EDF3F5F3B0
:10C54000F5F3F614F614EDF3EDD3EDF3EDD3EDD3EF
:10C55000EDD3EDD3EDD3EDD3EDD3EDF3EDD3EDF39B
:10C56000EDF3F614EDF3EDD3EDD3EDD3EDD3E5B26A
:10C57000E571E571E592E592E5B2E592E5B3E5B3E3
:10C58000E5B3E5D3E5B3E5F4EE15E635F696CD7300
:10C5900062A85A88734B6B4A52E8428742C842E904
:10C5A0005309530952E942A9322742C93AA83268CD
:10C5B0002A0719864B086C2A53683A6732272A06DD
:10C5C000322642E85BAA5BA93AA721A519A52A074A
:10C5D0002A26326821E719A52A2721E719A521E78C
:10C5E00021C61165112429E63A8732462A061984A4
:10C5F000198521A5218508E3090442893A6910E3D8
:10C6000000A219A621A7194510E400002A0742CB71
:10C6100011456BCE634C3A28638D2145630B738EB5
:10C6200042696BAE3A28110429864AAA530B5B0B68
:10C63000AD54A5547C3073EE7C0F73EE8C917BEF80
:10C6400073AE7BEF6B8D6B8D738D6B2C4A8952892A
:10C650004A894A8852895AC952A95AE962C95AA9CB
:10C6600062C96AAA72CB83CE9C307B0B9D1394D295
:10C6700094D2B5B694F2638E6BCF8CB2A554BDD66E
:10C68000A5549CF39CD2A512AD338C2F94B1AD74FC
:10C690008C917C30636D532C94F3AD75949173AE93
:10C6A00083EF8C0F6B4C52CB73AE840F8C916BAEBF
:10C6B0006B8E634C41E629232103210329032903BF
:10C6C00041A55A685A4852275A4762676AA86A8839
:10C6D0007B098B6A7B098B6AA3ECA40CB46ECCF04B
:10C6E000DD51E571E571E591EDD2EDF3EDF3EDF39B
:10C6F000F613EDF3F5F3F5F3EDF3F5F3EDF3EE13D8
:10C70000EDF3EDF3EDD3EDD3EDF3EDF3EDF3EDD389
:10C71000EDD3EDD3EDD3EDD3F5F3F5F3EDF3F6145F
:10C72000F614F634F614EDF3EDD3EDF3EDB3EDB30B
:10C73000EDF3F5F3F5F3EDF3EDD3EDD3EDD3EDD369
:10C74000EDD3EDF3F614F614EDF3EDD3EDD3EDB236
:10C75000EDB2E592E592E5B2E592E572E5B3EDD38F
:10C76000E5D3E5D3E5B3E5F4EE15E614EE35F6765C
:10C77000A46F4A0652685AA852E83A67198521C63A
:10C780003A464AA7426729E6220721C619A619A5F3
:10C79000094511655B6963A953493A6729C553295E
:10C7A0004B2942E84B294AE8324621C52A2721C6AF
:10C7B000198621C619A6198529E721A6198519A563
:10C7C0001165114521E632673A883227198521A57E
:10C7D00021A51985090329E731E6A4AFBDB308C235
:10C7E00029A7322821E708E308E33A283A483A071C
:10C7F00031E773EE844F951384914A699CF1C5F635
:10C800009CD2AD758C9184508CB194B194D294F338
:10C8100073EE842F7C506BAC632B5AEA62C962EAD8
:10C820005AC95AC95AC96B0A62EA5AC95ACA6B0A22
:10C830006B0A732A72E96AC96ACA6ACA72EA72EA38
:10C840007AEAB3AFC4B3B554C5339B8D94D2A55522
:10C850008CD29D33A55473EF6BAE7C309CF3AD74DA
:10C86000AD757C1073AE9CF2B5738C508C50AD538B
:10C87000949184516BCF530C84917BEF740F9D5432
:10C88000CE79BD95842F4ACB5B0C6B6C5ACB52EBA7
:10C89000634D6B4C52682923294429442923396468
:10C8A00049E641A541C551E652076AC97AEA7B0AC1
:10C8B0007AE962468B4AA40DA40CAC2CC4CFCCEF11
:10C8C000D510E551E592ED92EDB2EDD3EDD2EDF359
:10C8D000F613EDF3EDF3EDB2EDF3EDF3EDF3EE134F
:10C8E000EDF3E5D3EDF3EDD3EDD3EDF3EDF3EDF3B0
:10C8F000EDD3EDF3EDD3EDD3EDD3F5F3F614F6145C
:10C90000F614F614EDF3EDF3F5F3F5F3EDD3EDB224
:10C91000EDD3EDD3EDF3EDF3EDF3F5F3EDF3EDF34F
:10C92000EDF3F5F3EDF3EDF3EDF3EDD3E5B2E5B2B1
:10C93000E592E572E592E5B2E5B2E592DD72E5B227
:10C94000E5B3EDD4E5F4E5F4E615E614E614EE34CB
:10C95000E6147B4A522762C963094AC8324629E66F
:10C9600029E752EA3A07198611C719A6092409448A
:10C970001165326763AA4AE83A673A474288532901
:10C980004B2942C842E842A73A873268326819A563
:10C99000114429E721A6198619851145114511254C
:10C9A00000E4090432482A2721C519851144196475
:10C9B00011641985090221A642485A267B297BEF7A
:10C9C00073CF73AE5B4C32074AA9846F945093AD1A
:10C9D0008B8D838D52898C709D138C908C707BEE27
:10C9E00084707BCE738D7BEE83EE6B2C6B2C734C43
:10C9F0006ACA62896A8972EA7B4B8B8C93ED7B6B86
:10CA0000734B7B6C836C6AE98BEDACD29C70ACD2BF
:10CA10009BEE82CA7AEA7AC97AAA7ACA82EB830B37
:10CA200082CAAB6ECD55BDB5B4B19B4C7C2FB5D68B
:10CA30008CB18CB1BDF68451638E7C3084919CF3B3
:10CA400094B26BAE8430AD33BDB494B1842FAD5489
:10CA500094D273EF73EF4AEB8CD3B5B6A555ADD531
:10CA6000C678A5969DB663AE42696B6D738D6BAD4E
:10CA70005B0B5ACA41E639A539A52904292341E6A9
:10CA800049E649C55A4752075A4772C972C96AA747
:10CA900072C88329A42DA3EC9BABB46DC4CFCCEF9B
:10CAA000D510DD50E591EDB2E5B2E5B2EDD2EDF392
:10CAB000EDF3EDD2EDD2EDD2EDF3EE13EE14EDF396
:10CAC000EDF3EDF3EDF3EDD2EDB2EDF3F5F3F5F3B8
:10CAD000EDD3EDF3F614EDF3EDD3F5F3F613F5F333
:10CAE000F614EDF3EDF3EDF3EDF3EDF3EDF3EDD33C
:10CAF000EDF3EDB2EDD3EDD3EDF3F614EDF3EDF38D
:10CB0000EDF3EDF3EDF3EDD3EDD3EDF3E5B2E5B2F7
:10CB1000E5B2DD71DD51E572E592E5B2E572DD72F7
:10CB2000E592E5B2DD92E5D3EE14E5D3DDB2DDD3D7
:10CB3000EE75B4B049C562C96B4A42A73A6732483C
:10CB400021C64AAA32081186118519651145118539
:10CB50001165324742873A464AE8218519643247CF
:10CB600042A83A672A06322642A932471924090305
:10CB7000218421A421C60062004211062168110609
:10CB8000196621A619861104112429C629E629E669
:10CB9000428942894AAA6B8D8C917BCE7B6D9CD257
:10CBA0007BEF5B0B6BAD7C0E844F73EE946FC574A3
:10CBB000A4919470840E73CE7C50630A632A632B15
:10CBC000634B62C95A685A896AEA732B730A830BEA
:10CBD0009B4C9B4C92AAAC92BDF7C618CD348B6C83
:10CBE0007B6B83AC838C7B6BB594D657CE78ACD102
:10CBF000ABEF8ACA82CA82CA7AC982EA830B832BC4
:10CC000082EBB36FDDB6D699CDB68B0C740FA5341D
:10CC100094928C92A53484515B2C638E73EF8CD2EA
:10CC200084B28C928C5194B1AD538C5073EF84507C
:10CC300073CF5B4D5B6D42AA6BEFAD95B5B6BE5839
:10CC4000BE177430536E42AB5B2CB5D5D6B8BDF66B
:10CC50007BEF630B39A541E639A52903316439A57A
:10CC600049E66AA85A065A066AA86A887AE88B4A88
:10CC7000A42DAC6E93AB936A9BABAC2CBC8ECCCF8B
:10CC8000D530DD51E571E592EDB2EDD2EDD2EDD2C8
:10CC9000EDD2EDF3EDF2EDD2EDF3F614F614EDD3A3
:10CCA000EDD2EDF3EDD2E5B2EDD3EE13EDD3EDD34E
:10CCB000EDD3EDD3EDF3EDD3EDD3EDD3EE13F634A9
:10CCC000F634F5F3EDF3F614F614EDF3EDD3EDF3DE
:10CCD000EDF3EDD3EDF3EDF3EDD3EDD3E5B2EDF3FD
:10CCE000EDD3EDD3EDB2EDD3EDF3E5B2EDD3EDD36E
:10CCF000EDB3E592E571E571DD51E592E592DD7206
:10CD0000DD92DD72DD72E5B2E5D3DDB3DD92DD9259
:10CD1000E5F4DDD46AC852265AA93A0729C6110497
:10CD200009045B2C428A094511851165116611655C
:10CD3000092421C621A621A632071104006211256B
:10CD4000216511241124218529E729C608C23A68E2
:10CD50006BCC532A4288636B4A6884316B8E296599
:10CD60004A8A5AEB4A6A4A8A52AA5AEB5B0C6B6DA2
:10CD70008C7073CE843094B194F384305B0B52CAC0
:10CD8000632B5AEA52A96B2B6B6C6B6C630A7B8C1E
:10CD9000736B734B5A885B2B73CE41A452466B0A5C
:10CDA000736C83ED840E8C4F7BAD6B0A7B0A9B2CDE
:10CDB000AB8DAB6DA2EBCDF7DFBFDEBBC473936C65
:10CDC000838C732A6AC9942FDEFAD6D9DF1ACD7400
:10CDD000A36D82698ACA8ACA7AEA834B832B832B22
:10CDE0008B6CABEFA42F9C90942E7B6A42AA6BEFC6
:10CDF00063CE743084B384B274517C927451747273
:10CE00007CD3A5969CD27B8E736D632D4B0C428A8E
:10CE10003228428A5B4D3228428AA5559D14A57559
:10CE2000B5F77C714AEB5B2D94D2F7BDFFFEE77C32
:10CE3000B5F67BEE4A2739A52923316439A549E6A1
:10CE40005A2762686A887AEA72E972C9834AA40D2D
:10CE5000A40C938A938A9BCBAC0CB44DC4CFD53031
:10CE6000DD51DD71E591E591E5B2EDF3EDF3EDD244
:10CE7000EDD2EDD2EDB2EDF2EDF3E5D2EDD2EDD3A0
:10CE8000EDD2EDD2EDD2EDD2EDD3EDF3EDD3EDD386
:10CE9000EDD3EDD3EDF3EDD2EDB2EDD3EDD3F6342A
:10CEA000F634F5F3EDB2EDF3F614F5F3EDD3E5B2A8
:10CEB000EDD3EDF3EDF3EDF3EDD3EDD3EDD3EDD312
:10CEC000E592E591E591E5B2E5B2EDD3EDD3E5B3B9
:10CED000E5B2EDB3E5B2E571DD71DD71E572DD71ED
:10CEE000DD51DD72DD71D551DD71E5D3DDB3D55294
:10CEF000D552E614ACAF522652674A483A0721662B
:10CF000000A35B2C3208010419A71145090511661D
:10CF1000114508E408C400A300622986424A21455D
:10CF2000002110E342693A4929A65B4D4AA95B0BEF
:10CF3000A53394B173AE9CF1948F842F7BEE6B6D0F
:10CF40007BCE73AE73AE738D6B4C6B4C632B630BEC
:10CF5000634B634A5B095B0A52C952C94A8852272C
:10CF60005A686AA872A97AA97AEA51A459C582C8EE
:10CF70008AC992C98B2B7BAE94F39CF3A554A5B6BA
:10CF8000A5D7ADF7BE39E7DFBE175A677207A34CC6
:10CF9000BBAEAB8EAB4DC4B3DEBAEEDCD4D48B4C9F
:10CFA000838C7B2B62A8732ABD54CD75C513A44F07
:10CFB0008B8C7AEA830B7B0A62C95A67730A7B6B94
:10CFC0007BCB7C0C52E752A752A75B08632C849260
:10CFD0009DD6959595758CF384F3953463D05B8FCE
:10CFE0006BF09D55B5555A8A41E829A729C742AA31
:10CFF0005B2D52EC6BCF6BAE6BCFC679C6799D546F
:10D00000AD968CB2ADB6C638CE99F7DEDEFAC6580C
:10D01000ADB552A9420639853165316439A552272B
:10D0200062886AA9730A8B6B7B0A834A8B6A8B4975
:10D030008309936AA3CBA3ECB44DC4AFC4AECCEFC9
:10D04000D510DD50E592EDD2EDB2EDB2EDD2EDB2FC
:10D05000EDB2EDB2EDB2EDF2EDF3EDF3EDD3E5D2DD
:10D06000E5D2EDD3EDF3EDD3EDD3E5B2E5B2EDB21C
:10D07000EDD3E592E5B2EDB3E5B2EDB3EDB3EDD3AB
:10D08000ED92EDD3EDD3EDD3EDB2E5B2EDD3EDF30B
:10D09000EDF3EDD3EDD3EDB2EDB2EDD3E5B2E59224
:10D0A000E592E592E592E592E5B2E592E572E572E8
:10D0B000E592E592ED92E592DD51DD51DD72DD7193
:10D0C000DD51DD72D551D531D531DD92E5B3D57263
:10D0D000CCF0D571D59272E94A0652884A893A084D
:10D0E00008C35B4D42AA008308E500A400833A69A7
:10D0F0004AAB190431E729C708C35B0C8C927BEF5C
:10D100004AAA5B0C7C318C9273CF7C308C91636C1F
:10D110006B6D7BCF7C0F6B6C634C5B0A5B0B6B8D19
:10D120006B6C634C632B52C952C95AC952C95AE934
:10D130005B0952C852C85B095AE952A86AC982AA57
:10D140007A698ACABCB2DDD6EDF77A6851A58B0A36
:10D15000ABCECD54D6DBA6599639C77EBEDCA65AD7
:10D1600095F8AE18AD76B5968C71730B830A9B6DEE
:10D17000A3F0B40FBC0FC493BCF2BD12B470834BC8
:10D180007B8B734A7B8C8C0E736A73296B085308F4
:10D1900052E75AE852C74AC74AC84A874AC753287B
:10D1A00042A632254AC64AA65AE86B4A94B28C7205
:10D1B0008C9294B384717C51845184308CD28C9243
:10D1C00073EF8C519450840F8450840F8C919D3454
:10D1D000ADB6AD95A575A55594F394F394F28CB2C4
:10D1E00094F35B4CADB67C0F9512E75CB61652EA31
:10D1F0006B8C736C39C539853144290241C55A4756
:10D20000626772C97B2A832A8B8B8B8B8B6A938B89
:10D21000938B936A8B29A3ECBC8EC4AECCEFD51054
:10D22000DD50E571E591E592E591E5B2E5B2EDD22B
:10D23000EDF3EDF3EDF3EDD2EDF3EDF3EDF3E5B258
:10D24000E5D2EDD3EDF3EDD3EDB2EDB3EDD3EDB229
:10D25000EDB2E592E592E5B2EDD3EDD3EDB2E5B2F4
:10D26000E592E592E5B2EDD3EDB2E592E5B2EDD30C
:10D27000EDD3EDD3EDD3EDD3EDB3EDB2EDB2E59259
:10D28000E592E592E5B2E5B2EDB3E5B2E571DD71A7
:10D29000DD51E571E572E572DD51DD30DD51DD71A5
:10D2A000DD72DD51D531D531D531D551D572D5515C
:10D2B000CD10C4EFDDB29C0D39A54226528852A98B
:10D2C0004269530B6B8E426A428A3A2931E84A8995
:10D2D00052AA634C94D294D37C107C0F73EE7C0FD3
:10D2E00084506B8D6B8D73CE6B8D638D6B8D636C8A
:10D2F0005B2B5B2B5B0A5B0B528A4A68528952A9F3
:10D3000052A96B4B632B52A952A85AC95B096B6C8B
:10D3100052A852A75B095B0952E962C88ACA8A8A85
:10D320007A07934CDEBAEF5DD6388BAE5AAA5B0B08
:10D33000638D8430A4D38C927C718CB2841083F082
:10D34000738E8C30A451836D83EFAD55C618C679AA
:10D350009D758CD39CD2A4F484517BCD73896B686A
:10D3600063284A8563297BEC5B084AE74AC542A5E6
:10D370004A865AE752E74AA763499CB052C842A678
:10D380003A253A068C6E94AFA511BDD38CD2845148
:10D39000843173EF94D3E73DAD768BF0AD74A55433
:10D3A0009D13C617AD9594D29513A5549D13951250
:10D3B00094F294F294D284718C9195139D53ADB6EE
:10D3C000ADB66BCEA59594F3740FC638D6DA8450FB
:10D3D0006B8C5AEA39A531442923316441E56268EE
:10D3E0006A887B09830A7B09834A7B09A40D9C0C0C
:10D3F0008309936AA40CB48EBC6EC4CFD4EFD4EF6F
:10D40000D530E571E592E592E5B2EDB2E5B2EDF326
:10D41000EDF3EDD2EDF3EDF3EDD2EDD2EDD3EDF38F
:10D42000EDF3EDF3EDF3EDF3EDD3EDF3EDF3EDD33C
:10D43000EDB2EDD2EDD3EDD3EDD3EDF3EDD3E5B217
:10D44000EDD2EDB2E592EDD3EDF3F614EDF3E59206
:10D45000E5B2EDB2E5B2EDB2EDD3EDD3EDB3EDD281
:10D46000EDB2E591E572E5B2E592E592E592E571FE
:10D47000DD71E592E571DD51E571DD71D530D510D5
:10D48000DD51D530D530D530CCF0CD10CD10CD100C
:10D49000CCF0BCAFCD10C510522739C552A8632AB5
:10D4A000632B5B0B73CE8430845073CE632C5AEAAB
:10D4B0005ACA6B6C8450843073AD634C5B0B5AEA70
:10D4C0005B0B5AEA4A894A895B0B6BAD634C634B31
:10D4D000634B632B6B6C5AEA52C952C9634B634B63
:10D4E0005AEA6B6C5AEA5AE95AC95B0A6B6B5B0AD7
:10D4F00052885B095B0952E852E872A98A6982285E
:10D5000079E6930BAD149CD394318C107BCF73AE22
:10D510006B8E8C71BD54BD34C5B6BD75AD14BD5593
:10D52000BD95BDB6B5B5AD749CD26BAE63AE7C3067
:10D5300073CFA5559513636D9CF3A5327BEC4245E3
:10D5400042253A044AA65B296B6A73AA6B8A6B8AE6
:10D55000840D946F9CD0948F9CB0C5D5B552AD32DC
:10D56000AD11B593D677D678DE98D6579D756BCF2B
:10D570007C7184918471B618A57573AE843094F271
:10D5800094F3ADB6ADD68C92740FA575A554B5F6CF
:10D5900094F39D348CB29D54ADD6B618A5759D34C8
:10D5A000B5F78CB2ADD6C6594289A534FFFFB5B5E3
:10D5B0004A68318441E631643144398449E65A6726
:10D5C0007B2A7B09832A93AB93ABA40DA40C9BAB62
:10D5D000938BA40CAC4DAC2DBC6DCCCFD510D4EF3F
:10D5E000DD30E571E592E592EDD3EDB2EDB2EDB24D
:10D5F000EDB2EDD2EDF3EDF3EDF3EDD3EDF3EDF3AD
:10D60000EDF3EDD2EDD2EDD3EDF3EDF3EDF3EDD39C
:10D61000EDD3EDD3EDF3EDD3E5B2EDB2E592E592C6
:10D62000E5B2EDB2EDB2E5D3EDD3EDF3F5F3EDD325
:10D63000E5B2E5B2E592E592E592E592E5B2E5B2B2
:10D64000E592E592DD51E571E592E592E571DD71D6
:10D65000E571E592E592DD51DD51DD51DD30D5100A
:10D66000D530D510CD10D530CCF0C4CFCCF0C4CF50
:10D67000C4CFBC8EBC6DCD107B2939844A475AA8D3
:10D6800052A952A95AEA630B5B0A4AA9426852C9D5
:10D690005AC952A84AA84A6752E9634A52C952C9AC
:10D6A000634A5B0A52C9634B73CD6BAC632A632A2E
:10D6B0005B0A632A5AEA52A952C95B2B6BAC634AD4
:10D6C000632A5AC85AA8630A630A6B4B6B8C52C907
:10D6D000634A634A52E953086B6B941193F09C11AF
:10D6E0009C119452A514A51494D39CF3A513A512D0
:10D6F000B555B59594B09CF1AD54A512A553AD7335
:10D700008C6F426932289513AD7594F25B2B1081B2
:10D710002945FFDEDEFA8470D6FAC637A4B16B095C
:10D720007BAC63099491B5B694D1B59494B19CD275
:10D73000AD53A512842E73AC8C6E948F948F946F1E
:10D74000A4D0AD51948F7BCC7BCC7BED84926BEFDE
:10D750006BEF8CD3845184929D3473AE6BAD951373
:10D7600084718CB29D3494B352EB9D34B6179D54A2
:10D7700073EF8491636C6BEEB618D6FBBE386BCE3C
:10D7800073EE8CB1ADD6CE994AEA8490D71A94F153
:10D790004A88420731842923314439A55247628897
:10D7A00072E97AE98B8B938BA40DA3ECA40CAC4D9E
:10D7B000A42DAC2DB44DBC8ECCEFCCEFD4EFD53036
:10D7C000DD50E571E591E571E5B2EDD3EDB2EDB275
:10D7D000EDB2EDF3EDF3EDD3EDF3EDF3EDF3EDD2CB
:10D7E000EDD2EDD2EDD2EDD3EDF3EDD3EDB2EDB25E
:10D7F000EDB2EDD2EDD3EDB3EDB2ED92ED92EDB22F
:10D80000E592E592E5B2E592E592E592E5B2EDD3D7
:10D81000EDD3E592DD71DD71DD51E571E571DD512D
:10D82000DD51E572E592DD71DD51DD30DD71E571CF
:10D83000DD51E571E592E571DD51D530D510D5109A
:10D84000D4F0D510C4AFCCCFCCEFC4CFC4AFBC8E16
:10D85000BC8EB48EBC8EC4CF8B6A41A541E65267A4
:10D860005AE952C952A852A94AA842674AA85AE995
:10D870005AE9634A5B0952E8636A6B8B5B29634A26
:10D88000636A5B0952E95B2A634A5B2A5B095B298D
:10D890005B2A5B0A52C85B295B296BAC73CC632A99
:10D8A0006B8B634A632A52A85AE9634A632A5B0A6C
:10D8B000638A638963886389742E84B474326C319B
:10D8C00084B395347BAC7B4B8C6F8CB194D1951227
:10D8D0004247634BC636B5B431A552C9DEF9EF3BBA
:10D8E0009D12110429E6CEB9FFFFFFFFC5F67B4B61
:10D8F0007B8DE73CFFFFF7FEFFFFCE99A4F29490EB
:10D900009CB1844E73CD634C52CA634C52A94A6891
:10D91000630A738B52C831E442465AE9632A52A71C
:10D9200052C76B6A736B6B2983AB8C2C9514743064
:10D930006BCF74517C718CD28CD37C307C2F8470F3
:10D94000530B530B5B4C4A8A426994F3BE37BE17A4
:10D95000CE79B5F7A595ADD6C698C6B9C6B9742E19
:10D960004B0863CB6C0D84D063CB5349536A638AF5
:10D970005B09420731642924290341A55A686AC911
:10D9800072C972C98B8B9BECA40CA40CB46EB44D01
:10D99000B44DBC8EBCAEC4CFCCCFD510D530DD518C
:10D9A000DD71DD71E592E571E592EDD2EDF3EDD239
:10D9B000EDB2EDF3EDF3EDF3EDF3EDF3EDF2EDD2CA
:10D9C000EDD2EDF3EE13EDF3EDD3EDD2EDD3EDD2D9
:10D9D000EDB2EDD2F5F3EDD3ED92E571EDB2ED924E
:10D9E000EDB2EDB2E571E592E592E592E572E59270
:10D9F000EDB3E5B2E5B2E592E571E592E571DD31B1
:10DA0000DD31DD51DD71DD51DD51DD30DD30DD51E8
:10DA1000DD51DD71DD71DD51DD31DD31D510CCEF52
:10DA2000CCEFCCCFC4AFC4AEC4AFC4AFBC6EBC6E81
:10DA3000BC8EBC8EB46DBC8EA42C49E541C54A4752
:10DA40006309738B6B6A5AE94AC8428752E9632AB1
:10DA500073AB634952C85B2863696349636A636A4D
:10DA600063295B296BAB5B4A53295B295B49634A9A
:10DA70005B0952E9634A6BAB638A63AB5B6A6BCC4D
:10DA80008CAF953194F05B295B095B296349638A0C
:10DA9000638953275B4753273A4552EA6BAD3207F8
:10DAA0008CB1E77B5A6708008CB0E79DDF1BC67816
:10DAB000636C9513FFFFFFFE842F8C70EF5BFFFEFE
:10DAC000F79DD6BAE75CFFFFFFFFFFFFFFFFFFBC3C
:10DAD000FFFFFFFFFFFFFFFFF7BED6BAB5F6A55465
:10DAE000A513B5D6840E3A074A484A48422742272A
:10DAF000632A7BCC7BAB6B296B4A738B7BEC840CEE
:10DB0000736A83CC83EC944D8BEC8C0C6BAF638E7F
:10DB100074307C51743094D38CD3849194F1742FED
:10DB2000530B4AEA9D54AD75BDF7E73CD6DAE73CA6
:10DB3000E71C94D29D12B5F55B4A3A874B295BAB43
:10DB4000534942C73A873A874B094B094B085B6AEE
:10DB500052A841E63985210429234A0662685A47BA
:10DB60006A88832A9C0DA42DA40CB44DAC4DBC8EA8
:10DB7000C4AFC48ECCAECCEFD510DD51DD51DD711C
:10DB8000E571E5B2E592E571EDB2EDD2EDB2E5B247
:10DB9000E5B2EDD3EDF3EE13EDF3EDD2E5D2EDD238
:10DBA000F613EE13EE13EDF3EDD3EDF3EDF3EDF32A
:10DBB000EDD3EDD2EDD3EDD3EDB2EDB2EDB2EDB2EA
:10DBC000ED92EDB2E571E551E571E571E571E59232
:10DBD000E572E592E592E5B2EDB2EDB2E592E5923D
:10DBE000E572DD51DD51DD51E571DD30D510DD30FF
:10DBF000DD30D530D530D510D510D530DD30CCEF77
:10DC0000CCCFC4CEC4AFC4CFC48FBC6EBC6EBC6D11
:10DC1000BC8EB46DAC2CB42CB48E626729033985EC
:10DC20005AA8738B738B634A52E852C85B086B69BE
:10DC300063695B2853075B485B6863696389636951
:10DC40005B295B4963695B485B485B485B286349C8
:10DC5000638A5B6A5B6A4B0842A74AE842863A4697
:10DC60004AE85B8B63AB530952E853085B285B6956
:10DC70004AE73A4432043A4532048C8FF7BED699CB
:10DC8000E73BFFFFCE99A533DF3BFFFFFFFFFFDE42
:10DC9000FFFFFFFFFFFFFFFFFFFFFFFFEF3BE71A65
:10DCA000FFBDFFFEFFDED6B9BDF6BDF6C617B55304
:10DCB000A533B5749CD17BEEAD33BE1794D25ACA4E
:10DCC0005ACA6B4C630A62E96B0A6B2A734B6B4A44
:10DCD0007BAC840D9C6F942E944F9C6F944EA4AF9C
:10DCE0009C4E942D944D946E83AA8BEC4AEB52EC8F
:10DCF0006BCF8CB284518CB3A596742E4B09532AEA
:10DD0000534B42C99D33DF3BADB5BE16ADB5DEFB0F
:10DD1000FFFE9D334AE963CC534A3A673AA84288EA
:10DD200042C9532A4AE93A8742A842C942E95309FB
:10DD3000632A39C52103292339845A67730A626724
:10DD400072C993AB938B9BECAC2DB44EB44DC4AE67
:10DD5000CCAEBC6DD510DD51DD50D530DD30DD7180
:10DD6000DD51E592E591E592E5B2E592EDB2E5D2BD
:10DD7000E5D2EDB2EDD3EDF3EDF3EDF3EDF2F5F326
:10DD8000F5F3EDD3F5F3EDD2EDD3EDD2EDD3EDD345
:10DD9000EDD2EDF3EDD3EDD3F5F3EDD3EDB2EDB27E
:10DDA000E592E571E571E571E592DD71DD51DD71B9
:10DDB000E571DD71DD51E571E592E592E592E57180
:10DDC000E592E592E592DD71DD71DD51DD31DD51E8
:10DDD000DD51DD51DD30D510D4EFD510D510D4F0A4
:10DDE000C4AEC4AEBC8EBC8EBC8EBC6EB44DB44D45
:10DDF000AC0CAC0CAC0CAC0BB46D7309290329232F
:10DE000041E65267736A6B8B52C85B0963696B6941
:10DE100063695B4963A96BE963A85B685B685B69DD
:10DE2000530742C642A642A63A854AC75B084A86BD
:10DE30005B295B2842863A65426652C74AA63A2564
:10DE40004246634A634A63097BED7BEC946E946EB1
:10DE500063096B6AA511CE56D698DEB8FFFFFFFFA7
:10DE6000FFFFFFDEFFFFFFFFE6FBEF1CEF5CE73C81
:10DE7000DF1BD6D9C617B5D5C637C63784307BCE9B
:10DE80008C707BEF6B6D738D84706B6D5B0B94D2BC
:10DE9000A554BDF78C0E10A0AD74EFDE95141924B7
:10DEA00042073A2752CA736C8C0D946D7BAC736B2E
:10DEB000946F83ED83ED8BED946F9C8FAD11A4B0C7
:10DEC000A4D0A510AD11A4D0A4D19C9074306BEF58
:10DED000636D7C507C508491742F4AE942A842A91A
:10DEE0003AA93A885B4B8CD16BCD42C932476BED76
:10DEF0009D53532B3268534A534B3A683228428918
:10DF00003AA93AA83A883AA83A883AC83AA8428739
:10DF100052E939E6314439A541E552276AC972E927
:10DF20007B09834983499BCCB44DB44EC48ECCEF5E
:10DF3000CCEFCCCFD530DD71DD51DD31D530DD51C9
:10DF4000E571E571E592E592E571E591E5B2EDB235
:10DF5000E5B2E592EDD2EDF3F614EDF3EDF2F61342
:10DF6000F614F613F5F3F5F3EDF3EDF3F613F5F31D
:10DF7000EDD2EDF3F613F5F3F5F3EDF3EDD3EDB2EA
:10DF8000EDB2E592E571E571E571E571DD71E5727E
:10DF9000E572DD71DD31DD51DD51E571E592E5714F
:10DFA000DD51E592DD71DD51DD51DD51DD51DD30B9
:10DFB000DD30DD51DD51DD31D510D4F0CCCFCCAE2C
:10DFC000C4AEC48EBC8EBC6DB44DBC4DB44DAC0C57
:10DFD000ABEBAC2CAC0BABEBB44C832939642944D0
:10DFE00039A539A552676B6B634A634863485B2761
:10DFF00052A642265AE7636852E64AA6428552E78D
:10E00000424531E3422542664A666309738B842E9A
:10E010007BEC738A7BEC8C4E9CF09CD0A511AD53AD
:10E02000AD73B5739CB062E97BCC948FBDB3AD5337
:10E030006B6B94D1DEDAD658BDF7AD75AD54B5969D
:10E04000B596A5348C717C10845173CE7C307430BD
:10E050006C0F4AEA8CD2B5D65B0B7C2FBE17C65824
:10E06000BE375B0C21668CB2FFFF95144ACBC67994
:10E07000DF3CD6FBC6379490DEFBCEFD9E5B6CD6B4
:10E08000645353F27D17A597A533BDF594B19491D0
:10E090009CF17C0E632A6B6C6BAC740D842E840D2A
:10E0A000840D8C4E842E842E8C0E8C2E9D956C0EA1
:10E0B000536A5B8B63AC5B6B4AE93A893A8942AA43
:10E0C0003A893A894AC94AE842E93A883288326745
:10E0D0002A2721E721E74B0A4B0A2A272A074AC9A0
:10E0E000428921A5324742C9324721E521E629E686
:10E0F000426742063165290349E651E65A4772E90B
:10E10000834A83298B8AA40DAC2CBC6DD4F0D51026
:10E11000D50FD530DD51DD51D510E571DD51DD5024
:10E12000E591DD71DD71E571E592E5B2E591E5B26C
:10E13000DD71E5B2F5F3EDD3EDF3EDF3F614F6345E
:10E14000F634F614EE13FE54F614F5F2F634EDF34D
:10E15000F5F3F634F614F614F5F3F614EDD3EDF307
:10E16000EDD3EDD3E5B2E572E592E572E592E59384
:10E17000E592E572DD31DD31DD51DD51E572E572AB
:10E18000DD30DD51DD30DD30DD51DD30D4F0D4EF78
:10E19000D510D4F0CCEFD510D510CCCFCCAEC46E0A
:10E1A000C4AEC48EBC6DB44DB42CB42DB42CAC0C28
:10E1B000AC0CAC0CAC0BA3AAA3CB938B41C529230D
:10E1C00031644A2762E973AC738B6B69738973A9F5
:10E1D000738A6B4A738A7BCA840C8C6E6B6B5AC8C9
:10E1E0006B4A7BAC944FA4D1AD12AD32BD94D657DF
:10E1F000B5539CB0AD32A4F1AD52A4F19CB18C707A
:10E20000842E8C2E738B5AE95AE973AB7BED6B8BA2
:10E21000632A5AC973AD7BEF6BAE84729514743167
:10E220009534ADD742AB6C31AE796C71ADF7BE5958
:10E230008D143248AD96FFFF63AE9D13EFBDDF1B1B
:10E24000CED99D3394F2CEB9F7FEDF3CD6DBDF5C4E
:10E25000DF1BF7DEF7BDFFFFFFFF8D156C948DDA36
:10E2600074756C9485367432428B4ACC3A294B0CC7
:10E270004B2C42CA532C42CA3A884AEA5B096B6B60
:10E28000738B73AB73AC7BCC7C0D840D42E93A6825
:10E290004B0A4B0A3A883A8842C93A883A68530A84
:10E2A000530A52EA42884AA842A932282A2721C69C
:10E2B0001965198621A63A683A48322821C64AA922
:10E2C000634C320721C629E752EB738E4A8A6B8F63
:10E2D0006B8E42283164316452275A47626772C894
:10E2E000832A8B8A8B8AAC4EB44DC4AED510D51020
:10E2F000D50FDD30DD30D510DD30DD51DD51E5925B
:10E30000E592E591DD71E592E5B2E591E571DD71AA
:10E31000DD51EDD3F5F4EDF3EE14F634F614F634E6
:10E32000F634F614EE13F634F654F613F5F3F6134A
:10E33000F613EDF3F614F635F614EE14F614EDF4C8
:10E34000EDD3E5B2E592E592E5B2EDB3E593E57282
:10E35000DD72DD71DD71DD71DD71DD30DD30DD102F
:10E36000D510D510DD30DD51DD30DD10D4EFDD10FE
:10E37000D510D4EFD4EFD4CFCCCFCCAFCCCFC48E8C
:10E38000BC6DBC8EBC6DB42CB44CB42CB40CB40CB1
:10E39000AC0CA3ABABEBA3AAA38A938B49C5210317
:10E3A000314442065AE994B0B594B594B5B3AD93EF
:10E3B000BE15B5B4AD93BDB4B593A4F18C4E7BCD71
:10E3C0007BAD8C4F9CB1A5129CD194909CD1949024
:10E3D00094909CB19CB183EE73AC7BED6B4A632A45
:10E3E0005AE95AE9736A840C738A736A6B497369D0
:10E3F000840A73A97BEC94708C719536C6DC9555B4
:10E40000A5B7D73C9555A5B6C69ABE38D6DBDF1C56
:10E41000B6179D74CEB9FFFFF7BDFFFFFFFFFFFFEB
:10E42000FFFFFFFFFFFFFFFFF7FFFFFFFFFFCEBA7A
:10E43000740FC658FFFFEF9EDF3C84B142698471C0
:10E44000ADD7B5B694D23A8A000200230001090480
:10E4500021E719C63A884ACA42A852C973CC7BEC54
:10E460007BEC7C0D842D842D840D7C0C2A272A289E
:10E470003A893A8A2A0842AA3A682A273228320771
:10E4800042894AA93A483A484288322732473A48AC
:10E49000426929C63A684AEA42894269428A4AA9D7
:10E4A00073EE52EA3A6929A652AB738E8C32AD16DE
:10E4B0007BF1526A398541E65A485A4762876AA811
:10E4C000834A832893ABB48EBC8ECCEFD510DD305D
:10E4D000D530DD10DD10D510DD51DD51DD51E59277
:10E4E000E592DD50DD51E592E571DD71DD51DD51E3
:10E4F000E592EE14EDF4F655F635EDF4EE14EE1467
:10E50000EDF3EDF4F614EDF4EE14EE14EDF4EDF39A
:10E51000EDF4EDF4F634F635F615F614F635EDD3E4
:10E52000EDD3EDB3E5B2E592EDB3EDB3E592DD7178
:10E53000DD71DD71E571DD51DD30DD10DD10D4EF11
:10E54000DD30DD10DD30DD51DD30DD30DD30DD3062
:10E55000DD10D4EFD4CFCCAECC8ECCAEC48EBC6D9F
:10E56000BC4DBC4DB44CB42CB42CAC0CABEBABEBF5
:10E57000ABCBA3ABA3AAA38A9B8A936A49C52923E1
:10E580003144318552888C4FAD549CF28CB08C90C4
:10E5900094B08C6F842E840E7BCD6B2A734B7BAD35
:10E5A000738C7BCD73AC7BAD73AD736C6B6B630A9B
:10E5B0006B4B6B4B6B4B62EA5AC95B0A630A6B4B42
:10E5C000738C7BCC948F8C4D7BEB7BEB738A7BAB1A
:10E5D000B592BE14BDD5DEDAA5965BAFBE7AD6DBAA
:10E5E000CEDAF7DEFFFFFFFFE75BDEFBD6DAE77C84
:10E5F000EF9DFFFFE75CE77DFFFFCEDAB5D7D6FBE7
:10E60000C659BE189D547C518CD37430636D534CE5
:10E61000194532078CB1847052EA52EA3A484AAA44
:10E62000636D5B4C428A3A6929E721A729C73A689A
:10E630004AC953095B09634B636B636A6B8B73ACA9
:10E64000738B73AC7BCC73CC73CC7BCC2A2821C767
:10E6500021A621C721C73A8A3A6929E729C7320882
:10E6600042AA42895B6C532B3A8942A94289636C66
:10E670009D335B2B532B6BAD636C52EB5B2B6BEEC3
:10E680008C916BAE6BAE5B0C4AEB530D6BAF638F33
:10E69000638E4A69398652275227520662677B2A5F
:10E6A0007B098308A3ECB46EC4AED4EFD510D5308B
:10E6B000DD30DD30DD30DD31DD51DD51DD51DD516D
:10E6C000DD51D530DD51E592DD71DD51EDD3EE1434
:10E6D000EDF4DD72CD31D572CD10C511C511B46E1A
:10E6E000C4F1DD73DD52E5D3E5B3E5D3EDF4E5D355
:10E6F000EDD3F635EE14EDF4F635EE14EE14EE141B
:10E70000EDF3EDD3EDD3E5B2E592E592E572E59256
:10E71000E592DD71DD50DD30DD31DD30D510DD51CC
:10E72000DD51DD51E571E551DD30D510D510D51045
:10E73000DD10D4EFD4EFD4EFCCAEC46DBC6DBC6DA6
:10E74000BC4DB42CB42CB42CB42CAC0BABEBABEB5D
:10E75000A3CBA38A9B8A9B6993698B8A5206292340
:10E760003985396541C5632A7BCD736B6B6B738CBF
:10E770007BCD83CD736B736B7BCC7BAC83AD83CD57
:10E7800083ED83CD7B8C6B0A5AA952684A0641A55A
:10E7900041E641E5398439A539C642074228424855
:10E7A0005AEA844F8C8F842D7BEC7BEC94D0CEB9CD
:10E7B000FFFFFFFFFFFFEF9DB5F7530BB594A4F2EA
:10E7C0009D12D6FAD69AAD958CD194D2849194F3B9
:10E7D000634D63AF4AEB5B2D73CF426A21864ACB10
:10E7E00042AA4AAA4AAA3A494AEB532B4B2B63AD99
:10E7F0005B4C636C740E740E7C2F638C5B6C63AD2E
:10E8000073EE742F7C716BCE4AC8530A5B2B638CFA
:10E810006BAB6B8A6B6B6B8B634B6B4B6B8B6B6BF1
:10E820006B6B73AB7BCC840E7BED73AC3A693A496E
:10E830004B0B5B4D4ACB530C6B8E73CF530C6B8ED3
:10E84000740F5B4C73EF84714AEA32473AA85B4B12
:10E850005B4B5B4B530A5B2B6BCE636D4AAA636CBD
:10E86000638D634C530B5AEB52CB5B4D5B8E42CBAB
:10E870004AEC5AEC4A2741E541A55A2772C9832937
:10E88000728883099BCBB44EC48FD50FDD30DD3049
:10E89000DD50DD51DD30DD30E571E551E551DD5113
:10E8A000DD30DD51DD51DD51DD31EDF3E5F4D572C3
:10E8B000BCD0A40DA3EDA40E9C0D8B8B7B2A8B6B7F
:10E8C00093CCB4AFD551DD93D531DD72EDF3E5B323
:10E8D000DD92E5D3E5D3EDD4EDD3E5D3EDF4F61435
:10E8E000F614EDF3EDF4EDF4EDD3E572E571E59298
:10E8F000E592DD51DD30D510DD30DD30D510DD3075
:10E90000DD30DD30DD51DD30DD51DD30D510D510AD
:10E91000D4F0D4EFCCCFCCCFCCCFCCAEC46EBC4DEA
:10E92000BC4DB42CAC0CAC0CB42CAC0CAC0BABEBA9
:10E93000A3CBA38A9B8A936A93498B6A5A2729435C
:10E94000314431444A276B6A840D83ED944F944FD0
:10E950008C4E8C4E840D8C4E9CB09C8F942E8C0DC6
:10E96000736B5AA8524749E641A53143314331649C
:10E97000316431443144318531A631A63185318548
:10E9800039C64A886B8C630A634B94B0CEB9D6FB08
:10E99000D6FCF7DFF7DFCEBA9D535ACA41C539A579
:10E9A00042277C0F530B31C76B8D7C507C30636DDD
:10E9B00052EA5B2C636D73EF7C506BAD73EE84B1E8
:10E9C0008CD294F28CF29513A595ADD6ADF6B637F0
:10E9D00094F2A554BE57A574C678A57495139D33BB
:10E9E00094D284918CB173EE5B2A6BCC6BAC6BAC24
:10E9F0006B8B6B4A634A634A632A634B6B8B6B4A2C
:10EA00006B2A738B7BCD840E7BED73AC73EF74102C
:10EA1000845184517C0F73EF740F8450740F6BCE4C
:10EA2000638D6B8D73EE636C42883A894AE942A923
:10EA3000428942893A4842484AA94ACA4AC95AEAD6
:10EA400052A952A952AA5A8A5AEA73F05B4D322946
:10EA50005B2D6B8E4228294441A4628872E96AA723
:10EA600062878329A3ECBC6ECCCFD4EFDD51DD509F
:10EA7000DD51DD30DD30E571E592E551E572E5927D
:10EA8000DD51DD51E592DD31D551DD73C4F1BCD0EE
:10EA9000A44E834B836B834A8B6C72C86AA972C97C
:10EAA0007B2A93AC9BED9BCCBCAFDDB3DDB3D552E1
:10EAB000D552DDB3DDB3DD92E5B3EDF4EDF4EDD485
:10EAC000F5F4EDD3E5D3F5D4EDF4E5B3E592EDB28D
:10EAD000E592E571DD51DD51DD30DD51DD51DD3097
:10EAE000DD51DD51E571DD51DD30DD30DD51E571A8
:10EAF000DD31D510D4EFD4F0D4CFCCAEC46DC46D1D
:10EB0000C48DBC6DB42CAC0CABEBABEBABEBABEB9B
:10EB1000A3CBA38A9B6A93298B2983495206294355
:10EB2000314429035AA88C2E9490A4D0A4F1A4B007
:10EB3000AD129CB09CB0B552AD118C0E736C62C915
:10EB400041C5398539A541E641E631642944398614
:10EB500039A641E731A53185420739C631852945B6
:10EB600029452944422839E752A96B6C5B2B5B2C61
:10EB70006BCE6BEE7C107C106BAD630B5B0B632C70
:10EB8000636D73EE84708CB195139D139513A595E9
:10EB9000A5B5ADB5B5F6B616B617A5B5ADD5BE5883
:10EBA000B5F6ADF6A594A595B617ADD69D749D5353
:10EBB0009512ADB5BE179D33A5749D5495128491E1
:10EBC00073EE6BCD6BAD6B8C634B7C0E73EE73CDC4
:10EBD0006B8C634A6B4A634A632A632A634A6B2AD3
:10EBE0006B2A7B6B83CD7BCD7BAD736B636C634C8E
:10EBF0005B0B530B5B2B5B2B5B0B5B2B530B5B2B75
:10EC00005B2B52EA5B2B52CA3A6842C942C929C6F9
:10EC100029C642AA52EA4A69428952CA52CA5ACA03
:10EC2000738D632C5269528952CA9491ACF2A490AC
:10EC300093EE630A39E720E252265A4762886AA8AF
:10EC40006AA7938BB46EBCAFCCCFD4EFD510DD7177
:10EC5000DD71DD30DD30DD71E571ED92E571E5717D
:10EC6000E592EDB3E593B46EAC4EA40D9BED9BED38
:10EC7000832A832B8B8C834B6A8862676A885A2627
:10EC80005A066A87832A8B6BAC8FB4D0AC8FBCB02A
:10EC9000C4F1C4F1BCAFCCF0E5B3F615EDF4E5D4A6
:10ECA000F5F4EDD4E5B3EDF4EDD4EDD3EDD4EDB35F
:10ECB000E592E5B2E571DD71DD51DD71E572E57179
:10ECC000E551DD71E551E592E572DD51E572E571E1
:10ECD000E571DD30DD51E551DD30CCCFCCCFC4AEB8
:10ECE000C46DB42CB42CB44CAC0BA3CAA3CBABEB0B
:10ECF000ABEB9B8A93698B298B08830949A5210378
:10ED0000314431645AC98C4FA5119CB0842E7BCC00
:10ED1000840D8C4E8C2E7BAC6B2A42263144210311
:10ED200029033164398541C64A48420739E739C663
:10ED300039C739E739C7296529243185318529241F
:10ED4000210318E318C2214439E731A629A531A5CA
:10ED500031C64268422842284A685AEA632B6BAEA1
:10ED60007C0F94F29D3394D29D139D33A574B5F618
:10ED7000A5958CD29D54B616A5749D33A595ADD599
:10ED8000A5749D5384B18CF2A5959D548CD2846F4B
:10ED90008C90A595ADD68491849194F2849173EE74
:10EDA0006BAD73ED634A634B6B8C73EE73CD738CF9
:10EDB0006B4B5B095B095AE952C952C85AE962E9CF
:10EDC0006AE9732B7BED7C2F7BEE6B8C52EA52C988
:10EDD00052EA530A5B2A5B0A52EA5B0A5B0B632A1C
:10EDE000634B5B0B5289632B6B8D42A9322731E752
:10EDF00021656BADA533736D6B2C734D736D738D86
:10EE000084308C506B6C6B6D7BCDD593FED7FED66A
:10EE1000F613A3EC49E5294341E562886AA85A063E
:10EE20007B099BECAC4DC4CFCCEFCCCFD510DD3003
:10EE3000DD71DD51DD50D4EFDD30E571DD51DD7286
:10EE4000DD72CCF0AC2DAC4E93CC7B2B7AEA834BAD
:10EE50009BEDA40E8B8C6268394341845A476268EB
:10EE600072C97B2A8B6B832B7AE97AC8832A8B6BD6
:10EE7000938C936B936BB44ECD11DD72E5B3EDD4EF
:10EE8000F5F4F5F4F5F4EDF4EDD3F5F4F5F4EDD394
:10EE9000E5B2ED92E592E572E592E5B2ED92E5928A
:10EEA000E592E592E592E5B2E5B2E5B2E592E5716B
:10EEB000DD51E571E551DD10DD30D510D510CCEF19
:10EEC000C48DBC4CBC4CB42CB40CABEBAC0BABCB7E
:10EED000ABEBA3AA934A8B2982C872A849A5292320
:10EEE0003144292339C56B8B7BED7BED7C0C73CBD7
:10EEF000738B736B5A6741C5396429032903314405
:10EF000039A639E642074A28420739E7422739E657
:10EF100031A6318531A6298518E318C319031903D1
:10EF200018C210A20020088118C3212531A6296526
:10EF30002944318631A539E739E639E641E73A0710
:10EF40004A485ACA6B6C73CD842F94F2A574ADD61F
:10EF50009D548491A554B617A57495139D53A595FA
:10EF60009D5495338CD18CF29D54951384707C4FB5
:10EF70008490A574ADB584918CF29D547C70634BE4
:10EF80005B2A5B4A5B2A634B6BCD6BAD6BAD6B6CE5
:10EF9000636C636B638C6BAD6BAD73EE7C2F844FD6
:10EFA0007C2F7C4F84708CD18CF284905B0A52E968
:10EFB0005B0A5B0A5B2B5B0A52E97BEE738C5AE9B6
:10EFC0006B4B6B4B52A96B4C8C7173CE636D6B8D1D
:10EFD0006B8D7BEE8C507BCE7BCE738D7BEE83EF87
:10EFE000632C738D6B8E6B6DD572FE13F5B2F5B11C
:10EFF000FDF3ED50934A49E639A46AC95A276A8855
:10F000008B6A9BCBB44DCCCFD530D510D4F0DD502E
:10F01000DD30D530DD50D530D530D530DD51E593FC
:10F02000BC6E8B6A83097AA9626862476A687B0B47
:10F03000836C72C96A68624762676AA97B0A8B8CB3
:10F040009C0E8B8C72C95A2651C559E65A066AA97C
:10F050006A8872A982EA9BCDB46FC4D0D532D5112B
:10F06000E572E5B3E593E5B3EDD4EDD3EDD3EDD3A0
:10F07000EDB3EDB2EDB2E592EDB2E592EDB2EDB2E7
:10F08000EDB2E5B2EDD3EDD3EDB2E592E571E57108
:10F09000E592E551DD30DD30DD30DD30D4EFCCAE52
:10F0A000C48DBC6DBC4CBC4CB44CB42CB40CABCBC0
:10F0B000A3CB9B8A93498B0982E872A8418420E202
:10F0C0003164316439E6634A7C0D7BEC7BEC738BF5
:10F0D0005AA841E53984398539653164316539A5E6
:10F0E00039C639E64207420739A6298529452965E7
:10F0F00031A6318629652965296518C3108118C292
:10F100001081084118E329652944296539C731A6CA
:10F1100031A63186296431C639E731A631A631C618
:10F1200031A6318539C652A96B8C7C0E8470ADD660
:10F13000ADB5847094F2A5749D549D3394F294F20D
:10F140008CB18CB184707C50951395127C2F740D0A
:10F150007C4E94F29D537C4F6BEE84917C2F5B2A06
:10F16000636B638B634B6BAC740E7C707C708490B0
:10F170007C707C9084B184F184F184D18CF2849091
:10F1800084908470846F84707C4F73CD6B6C6B6CD7
:10F190006B6C6B8D6B8D73EE7C2F8C708C71842FF0
:10F1A0007C0F73EE6B6C634C6B8D73AD73AE738DB4
:10F1B0007C0F738D630B73AD738D6B6D6B4B736DC8
:10F1C000738C736C73AD8BEDDCF0C3EBC40CF5D3B7
:10F1D000ED92E570C44D6A0551C552265A477B2A07
:10F1E0007B09938AB44DD510DD30DD30D510DD308C
:10F1F000DD50DD51D50FD530D550D550CD10AC0DEB
:10F200009B8B9BCB832A728872C96A8872A96A8891
:10F2100059E6624772C8832993AC8B6C836B832A4F
:10F220007B0A836C730A5A6839643143290228E2E5
:10F23000312341845A27624772A88B6CA40DBC8F7E
:10F24000D532DD52D531E593EDD3EDF4EDF4EDB3E8
:10F25000EDB3F5F4EDD3EDB3EDB3EDB2EDD3EDD306
:10F26000EDB2EDD3EDB3EDD3EDB2E592E592EDB2B3
:10F27000E5B2DD51E571E571DD51DD51DD10CCAE5A
:10F28000C46DBC6DBC4CBC6CBC6DB42CB40CABEB95
:10F29000A3CB9B49934982C87A876A47394318A10F
:10F2A000294342065B0973AC842D7BEC630941E57D
:10F2B000398439A541C639643164316529643165C1
:10F2C00031A529642944316431852965294520E324
:10F2D00020E318E318E318E3190318E210A218C298
:10F2E00029444A07526939C62965318531A62965FD
:10F2F000294431A639C62944296531A631C639C603
:10F30000296539A639C6314442275AE96B4B7C2F0F
:10F3100095127C4F742F95138CF2847084908CD24C
:10F3200084907C507C0F6BCE849184706BCD638B0A
:10F330006B8C7C4F8CD17C4F7C4F8CD2740E634B8A
:10F340006BAD6BCD636C73EE742F7C6F7C4F740E62
:10F3500073ED638C636B638C5B8B5B4B5B4B5B2AEA
:10F360005AE96B2A73AD73CD6B8C5B0A73AD73ADC9
:10F3700073AD73CE73CE73CE73EF6B6D6BAE73AE36
:10F380006B8D634C6B8C6B4C632B634B634B7BEDD6
:10F390007BED7BED7BCD8C2E944F9C909C6FA4D00D
:10F3A000A4D1ACF1A4F1C531B36989837142CC6EAB
:10F3B000FE34F613DCEFA38A6AA7520572E96246AF
:10F3C00072C7938ABC6EDD51DD10DD30DD50D50F84
:10F3D000DD50DD71DD50D550D550D530BC6DA3EC7E
:10F3E000BC6EBCAF9BCB9BCC834A72C872C86226F2
:10F3F0006A6772C872E86A876AA86AA95A47520699
:10F40000520741C531232903290228C218A11080BF
:10F410000840084018A13102394341646A479BCC37
:10F42000B44ECCB0DD31DD52E592EDB3EDB3E592F3
:10F43000E5B3EDD4EDD3EDD3EDD3F5F4F5F3EDD3A2
:10F44000EDF3EDF3EDD3EDD3EDD3EDB2E5B2EDB3E6
:10F45000E592DD71E571E572E571DD51DD30D4EFE6
:10F46000CCAEC46DBC4CBC6DBC6DBC4DB44CABEBF8
:10F47000A3AA9329934982C872465A05290220E219
:10F4800039C6630A6BAC8C6E7BEC4A47314320C2B1
:10F49000316439A63164316431642944318539A637
:10F4A0003165316529442923210318C221032944E8
:10F4B00018E3108208610041086108A118E3318552
:10F4C00052898C0F6B0B39E72145298539E739C6FD
:10F4D00010C308612104318629652985296431A674
:10F4E00041E731C639C63185316539C64A48528946
:10F4F0005AEA6B8D7C4F94F28CB17C0F8C919512F3
:10F500008CB18470740F740F84707C50740D73ED23
:10F510006BCD7C2F84707C2F847084706BCD5B2AC4
:10F520005B2A5B2A636B5B4B5B4B638C6BAC636BE3
:10F53000634A5B0952C84AA84AC84AC952C952E933
:10F540005AEA632A73AD7C2E73CD6B8C630A632BEE
:10F55000632B630B6B6C738C738D7BCE7BCD7BCD00
:10F56000840E83ED944F948F9CB0A4D09CB0AD12C8
:10F57000A4F1AD32B552A4F1A4D1AD11AD11AD11CC
:10F58000AD11B532A510B530AB0891C378E1820555
:10F59000ED91F613E592D5308B4951C56A886A879B
:10F5A0008B49AC4DC4CFDD71DD51D510DD30D52F89
:10F5B000DD50DD91DD91DD71CCEFC4CFCD10CD51AB
:10F5C000BCCFA3ECA40DAC2E9BAC938B9BCC8B6AD5
:10F5D00083297B0972A86A685A064185396441A566
:10F5E00039A53144290320C220A1188110400840C8
:10F5F00010601061104018603944414430E26227C5
:10F600008B4BA3CCBC4ECCD0D511E572DD51E5922D
:10F61000EDB3E593E5B3EDD3EDD3EDD4EDB3EDB3B9
:10F62000EDD3F5F4F5F4EDD3EDD3EDF3E5B2E592DA
:10F63000E592E592E592E5B2E592DD51D530D50F40
:10F64000CCEFCCCEC46DBC6DBC6DBC6DB44CABEB23
:10F65000A38A93498B0882E87AA751E518A118E29A
:10F66000420673AD7C0D73AB39C51881186129232F
:10F67000292320E32103316539C6420741C6398574
:10F6800031652944294429242103190318C218C3C8
:10F6900018C318E308820020086031855A89630B7B
:10F6A0005AAA5A895AAA39E7214510A3212439E7D1
:10F6B00039E7214400201062294531A631E629446A
:10F6C000316539C739E639E63185316539A64A48A9
:10F6D000528952686B4C8CB1842F6BCD7C0F847037
:10F6E0007C507C4F73EE6BCD740E7C4F73ED6BAC26
:10F6F0006BCD73CE740E6BCD7C2F84906BED636BF2
:10F70000636B636B5B4B5B6B636B6BAC73ED6BCC75
:10F71000634B5B0952E952E952E9532A5B4A5B0A9F
:10F72000630A738C7BCD7C2E6BAC5B0A8C4E8C2E6B
:10F730008C0E8C2E946F948F946F946F9CD0A4D168
:10F74000ACF1A4F1A4D1AD11AD11AD11AD11ACF17D
:10F75000AD32A4F1A4F0AD119CB0948F9CB094AFE5
:10F760009CD09CD08C6F94AFB3CBA20489A36921A9
:10F77000AB8AED92EDB2EDF3B42D7AC772877AC8F9
:10F780009BECBC8ED510DD71DD71DD50DD50DD50A0
:10F79000DD70DD71DD71D550CCCFCD10D551BC8E73
:10F7A000B44EBC8FB44EA40D9BCBA3CCAC0DB44EC9
:10F7B000B42D9B8B8309830983097AC9626751C57C
:10F7C000392328E120C118602081208030E23123D4
:10F7D00028E228E2290320C120A149C6392320605C
:10F7E00051C58309AC0EBC4EC48FCD11DD51DD5126
:10F7F000E572E572DD72E592ED92EDB3E593E59287
:10F80000EDB3EDD4EDB3E5B3EDB3EDD3EDB3ED92E0
:10F81000E592E592E5B2E5B2E5B2DD51DD51D510F4
:10F82000CCCFCCCFCCAEC4AEBC6DBC4DB42CABEB0E
:10F830009B8A932983087AA66A454184188118C156
:10F8400031846B6B632A210208201061188220C268
:10F8500020C3292439A6294429653185210321247F
:10F86000212418E32103212418E310C218E3108295
:10F8700008610040084118A239856B0B9470734BE6
:10F880005AA9422839C742083A08298518E32104B1
:10F89000296539E739E71903108210A22965422743
:10F8A0002964292439A641C63185316539A641E745
:10F8B0004A4852484A075AEA7BEE7C0E73EE94F2AD
:10F8C00095138C907C4F73EE7C508CB17C2E6B8C9E
:10F8D00073ED8CD194F27C2F84708CB073ED638CBB
:10F8E0006BCC6BAC5B4B6BAC6BCD6BAC6BAC636BD9
:10F8F0005B2B5B0A530A5B2A4AE94B0A5B4B5B0AA8
:10F90000630A6B6B73CD6B8C6B6B5B0BA4F09CAF62
:10F910008C2E944F9CB09CD09CD0946F946FA4D0AC
:10F92000948F9CB09CB0946F948F8C6F842E842E97
:10F93000840D7C2E842D844E7C0D7C0D7C2E842D9C
:10F940007C2E7C2D6C0D740EAC2DAA6689A392259D
:10F950009AE7CC4DE571EDD2D531A3CB7AC793AC04
:10F960009C0CB46DD530E591E591E591E571DD71C3
:10F97000DD50DD71D550D52FCD0FD530C4AEB46E6E
:10F98000B44DAC0DAC0C9BCB9BABA3ECAC0CAC0C5A
:10F99000AC0DA3EC9BAB93499B6A932982C87AA8D0
:10F9A000726759E551C541443923418449A451C581
:10F9B00049A53943416439433102392351E63102C3
:10F9C00030E26A68A3EDABEDABECBC6ECCAFCCCF54
:10F9D000D510D530D531DD31E551E572DD52DD523E
:10F9E000E5B3EDD3EDB3EDB3E5B3DD51DD51DD713D
:10F9F000DD51DD31DD51E571E571DD71DD71D53050
:10FA0000CCCFCCCFD4F0CCCFC46DBC4DB42CABEBB1
:10FA10009B898B0882E77A866A253122108118E259
:10FA200039E5422610A1000008200820106118C204
:10FA30002103210318C218E320E318C218E218E2D8
:10FA400010A210A210A21081086110820882086121
:10FA50000860004020E352276B0A840E83CE6B0BB4
:10FA60004A2831C731C7318639E73A072965190372
:10FA7000212429443A074207296518C310822144EA
:10FA800039C62965294439A64A283185294439A629
:10FA9000420752685A694A47528873AD7C0E847097
:10FAA00095128CB17C4F7C2F94D29D13846F73CDB3
:10FAB00073CD84B094F27C2F740E846F7C2E638C93
:10FAC000636B5B2A530A5B2A5B4B636B636B5B4A1A
:10FAD0005B0A5B0A5B2A530942A84AC94AEA52E90F
:10FAE0005AE9632B6B8C634A5B2A5B0A7BCD7BCD27
:10FAF00073CD73CD73CE73EE7C2E7C0E7C0E7C0E9C
:10FB000073ED73CD73CD73CD73CD6BCD6BAC6BCC0F
:10FB10006BAC6BCD6BCD6BAC6BAC6BCD6BCC6BACAA
:10FB20006BCC6BAC63CD5B8C8BEDBB6A91A3B349A3
:10FB3000C42CAB8ACCCFE5B2E5B2CD10938A9BED55
:10FB40009C0CBCAED551E5B2E591E591E591E5712E
:10FB5000DD70E591DD71D50FCD0FC4CFC4AEC4AE5D
:10FB6000BC8EB44DAC2DAC2DAC0DAC2DB44EAC0D4B
:10FB7000ABECB42DBC4EAC0D9B8B934982C87A87FD
:10FB80007AA8726661E5726761E559E559E64984CC
:10FB900059E65A0651C549A549A5416449A551C52B
:10FBA000498551C67AC98B2A9B8BAC0CBC4ECCAF15
:10FBB000CCF0D4F0D510D4F0DD11DD10DD31DD5204
:10FBC000DD72DD72DD52DD72D531D510CCCFCCEFD8
:10FBD000CCEFC4CFD531D510CCF0D511D531CCF088
:10FBE000CCF0D510D510CCCFC48EBC4DB40CA3CB6B
:10FBF0009B698B087AA67A865A0420C1082020E2E5
:10FC000039C518C10000000000000820106110A2D2
:10FC100018C218A218C22124210318E318E32103F3
:10FC20001081108110A20861086110620040084034
:10FC30000860210352477B6B8C0F6B4C4A284A2883
:10FC4000420731A731A7318629453186296521240C
:10FC500029652965214431C639E731A6210410A25E
:10FC600018E331A63165210339C652693185316502
:10FC700039A64A2752685A8952474A276B4B842E25
:10FC800084708470740E7C0F95129513844F7C0ED3
:10FC90006BCD63AD7C2E740E740E846F73ED5B2A96
:10FCA000636B636B530A52E95B2A634B5B4B636B79
:10FCB0005B2A5AE95B2B5B0A4AC94B0A42A952C923
:10FCC000632B6B4B73AC73CD6B6B52EA638C638DA0
:10FCD000638D638D638C638C638D638C636C5B6CF1
:10FCE0005B6C5B4B5B4B5B6C5B6C636C5B6B5B4B38
:10FCF000636C636C636C638C636B5B6B5B4B5B2BE8
:10FD00005B2A5B2A5B2B532B73ADC44DA225B38AB0
:10FD1000DD10BC0BCC8EDD30E5B2DD92AC2D93CC8A
:10FD2000A42DC4CFDD30E591E591E591DD71DD7164
:10FD3000E5B2E591D52FD530D50FCCCFCCF0BCAE08
:10FD4000AC0CAC0CAC0DAC0DAC2DB44DB44EBC8EAB
:10FD5000BC6EB44DB42DBC6EBC8EB44DAC0CA3CCFB
:10FD6000A3CC9B8A8B097A877246620561E56A2675
:10FD700062066247626762275A065A0651A56227E1
:10FD8000624759E65A056A678B29A3ABABEDBC4EB7
:10FD9000CCAFCCCFD4F0D4CFCCAFD4F0D510DD11D4
:10FDA000D4F1CCF0C4AFBC6EB44DBC4EC46FBC4EED
:10FDB000B40DBC6EC4AFBC8FBC8FB46FAC2DAC0D9A
:10FDC000BC8FCCD0CCF0CCCFC48EBC4DB40CA3CB6C
:10FDD000934982C77A867A8751C41060104018C24E
:10FDE00010810000000000000000080008400861C9
:10FDF00010A22124292418C218E318C2210329655E
:10FE00002124210418E310A210A208610840002058
:10FE100018E24A0762C97B8C62EA41E739E731A6FA
:10FE200031863A07296531A63186212431C621243D
:10FE3000296529442103296539C63A0731862124D9
:10FE400010A210C231A6294418A239C6528939C657
:10FE5000316431444A275A694A274A0641E66B4BC6
:10FE60008C707C2F6BCE73CE7C2F84707BEF6BCE2F
:10FE70006BAD6BAD6BCD638C73ED7C2E6BCD5B4A44
:10FE80005B4B5B4B52E95B2A5B4B5B4B5B4B638B86
:10FE90005B2A5B0A638C5B4B530A4B0A42A95B0AE1
:10FEA0006B6B634B636B636B636B52E95B6C5B6C9B
:10FEB000534B536B5B6C5B6C5B6C5B4C530A530A30
:10FEC000530A532B5B4C5B4B5B4C5B6C5B6C5B4B2F
:10FED000532B532B530A5B6C5B6B532B5B2B5B2BB2
:10FEE000532A5B0A530A5B4B740FC4AFB2E7BBEBF8
:10FEF000DD30D4CFCCAED4EFDD71EDD2BC8F836BCF
:10FF0000B48FCCEFDD51E591E571E592DD91E5919E
:10FF1000E592D530D50FD50FCCEFCCEFCCCFBC8E42
:10FF2000AC0CA3CBAC2DB42DBC6EAC0CA3CBB44DA0
:10FF3000BC6DBC6ECCAFCCCFCCEFCCD0C4D0CD1090
:10FF4000C4AFBC4EB40DA38A93298AE97A677A8735
:10FF500072666A466A466A676A676A676A6862477B
:10FF600072C862266A6772A882E9A38BABEDBC4EA9
:10FF7000BC4DCC8FCC8FC48ED4D0D4F0CCCFCCAFF2
:10FF8000C46EC48FC48FAC0DABECABCDABEDA3ACEA
:10FF9000A3EDA40DA3EDA3CC9BAC834A834A93AC01
:10FFA0009BCCAC2DB44EBCAFBC8EC4AEBC4DA38AB2
:10FFB0008AE872667266726649A4106010611081E8
:10FFC00000200000000000000000082010611081E7
:10FFD000210318C210A218C221032124296518C3C5
:10FFE00010A210820841002000200840084118C2D9
:10FFF00039A55A898C0E83ED39A5316531C731A6F3
:020000040801F1
:10000000318531852965296531A62125298529452F
:1000100018E3296521442124294539E739E7318549
:100020002144086110A24207318518A2398552483F
:100030004A0739A531644A2752474A274A2739A532
:100040006B4B7C0F7C2F6BCD638C73EE6BAD5B4B7E
:100050005B4B636C6BAD638C638C6BAC63AC73EDAF
:10006000636B52E9532A5309636B6BCD638C5B2B33
:1000700052EA5B0A5B2A52EA428842A94AEA530AD8
:100080005B0A52E95B4B634B638C52E9530B532B76
:10009000532B532B532B534B5B6C5B8C5B4B532B76
:1000A000534B5B4C5B6C5B4C5B6C638C5B6C534B82
:1000B0004B0A530A532B5B8C638C5B4C5B4B5B2B67
:1000C000638C638D638D6BCE7430BCB0CBAAD48D42
:1000D000DD50D530D4CFCCCED52FDD90BCAE8BABA0
:1000E000BCCFDD51E571DD71E5B2E5B2EDB2E59170
:1000F000E591DD50D52FD530C4ADBC8DC48EBC8EFE
:10010000BC6EAC0CABECA3CBA3CBA38BA3ABB42C3E
:10011000C4AED510D510D510D551DD51DD93DD938A
:10012000D531C48FB42DABECABABABCCA36A8B0891
:1001300082C77AA772667287728772A872A86A8766
:1001400072C86A467AC872888309A3ABB42DBC4EC4
:10015000BC4EC46EC46EC48FCCAFC48FCCAFCCB019
:10016000BC6EB40DAC0DA3CC9BAC9BAD832A7B0ABB
:100170007B2A72A96A886A68624862276A887B0A51
:100180008B6B93AC936B936BA40CBC8EBC8EABCC83
:100190008AE8726672466A253102084008410840C2
:1001A00000000000000000000020084018A218C253
:1001B00010C210A218E318E3108221032124086161
:1001C00008400861108200200000106118A239A5C3
:1001D0005A89734C8C2F630A39A62104292431854E
:1001E00031A629452965296529652945212431A696
:1001F000190410C2318629652944296531A64207B0
:1002000031A52944086118C239A6316520E341C6E9
:100210004A2841E739A631854A4752485AA94A0730
:100220003184632B6BAC638C6BCD73EE636B532AA1
:10023000530B5B0B638D638C638C5B6B63AC6BAC40
:1002400063AC530A5309532A5B4B6BCD638C530A3F
:100250005AEA5B2A530A52EA4AC94AE95B6C532AB2
:1002600052E953095B2A63AC6BCD5B6B5B8C5B8C97
:10027000638D6BAD6BCD63AD63AD63AD5B8C5B6C60
:10028000638C5B4C5B6C638C5B6C63AD6BCE63CDE2
:100290006C0E6C0E742F742F6C0E6BEE6C0E740F54
:1002A0007C718CD284D28D138D13BD12D42CDCCEF4
:1002B000D50FC48DCCAEBC2CC4CECD2FBCAF9C0D05
:1002C000BCCFDD71DD71E571EDD2E5B1E5B2E5B22E
:1002D000EDB2DD71D52FDD30D50FC4AEB44CB42CEA
:1002E000AC0CABEBABEBABEB9B6AA3CBBC6ECCEF3C
:1002F000D551DD72EDF4EDF4E572DD31D510D51197
:10030000D531D551D552C4AFB40CB40CB40CA3AB99
:10031000932993298B097AA7728772A7728772A78C
:100320007AC87AC87AC87287934AA3ABAC0DB40D69
:10033000C46EC48FC48FC48FBC4EB42DBC6EBC6F52
:10034000B42DA38B8B0A82E96A885A2741843944E9
:1003500030E328C128C228A2208220A131235207DD
:1003600052066268730A6AA86AA8830993ABA3CC91
:1003700093297A87726659C41881002008600000AA
:1003800000000000000000000820104110811081D2
:1003900010C218E318C318C310A218E318E30861C9
:1003A000088110A2106108401061210341E662EA51
:1003B00062EA62EA5AC94A2839C7212418A22104EC
:1003C000212431862965296529443186212429651E
:1003D00039C718C3294531A621242965296531A6C5
:1003E00039C629652965084018C239E7318520E3F7
:1003F00041E742074A27420739854A2752475A8927
:100400004A063984634B73EE73EE740E5B6B532AAA
:10041000532B5B4B6BAD638C52E9530A6BCC63ACD3
:100420005B4A5B4A4AC853095B2A5B2A5B4B5B4BBE
:10043000638C73ED638B5B4B5B6B5B6B534B530A52
:10044000428852E95B4A5B2A5B2A63AC6BEE6C0F15
:10045000742F742F6C0E63CD6BCE6BEE6BEE6BEE68
:100460006BEE740E7C507C9084B184B184D184D1C5
:1004700084D18D138D138D138D33953395339D74E6
:100480009D7495749D759DB5A5B6CD73DC4DDCAEA0
:10049000CC6DB3CBAB8A9308C48DDD70A3CB93AB8B
:1004A000D531E591E551EDB2EDD2E5B2E5B2EDB26F
:1004B000E5B2DD50DD50D4EFD4EFCCEFC48EB42CD8
:1004C000ABEBA3CBB42CAC0CABEBBC6DD531DD925C
:1004D000D530BC4DABEBABAAABAAABCAABAAB3CA87
:1004E000B3CBAB8AA3AABC6ECCF0BC8EB42DB42D1A
:1004F000ABEC9B8A936A8B087AA77A877A877AA86B
:100500007A8782C87AA882C8934AA3ABB42DB40D67
:10051000BC6EC48EBC4EBC4EBC4DBC4EB40DABCC00
:100520009B6A82E9622649A54984414331022060E1
:10053000104018811040082000000820104020E3DF
:100540003964312349C65A4852065A2762678309DB
:100550009B8A72866A254143082000200020000003
:10056000000000000000000008001040084010A13A
:1005700018C218C318C318C318C310A22104212419
:1005800018E318A208401061316441C562895AA974
:1005900052884A474A2839E7294539A6210410C319
:1005A00018E33185296521242104212429452124AA
:1005B0003186294518E3318529453185298521244E
:1005C00039C631A6318529650861292442072944A5
:1005D0002103422842074A0739A539C54A2752282C
:1005E0005248398439C573CD7C4F6C0E53094AE9A2
:1005F000638C636C530A5B2A52E963AC63AC638B14
:100600004AE94AE95309532A530A4AC94AE9532A8B
:10061000636B6BAC532A530A532B534A638C5B4B6B
:1006200052EA634B6BCC5B6B63AC6BCC8CF28CD2C1
:1006300084917C707C9084B18CD284B184B184B17B
:1006400084908CF295339D549D749D949D749D95DA
:100650009D949D95A5B5A5B5ADF6A5D69D949D9403
:100660009D949D9495538D1284D2BCF0DC4CD46D36
:10067000C42CAB6A9B098246AC0BD52F8B4A9BECF2
:10068000D551EDB2EDB2EDB2EDB2EDD2F5D3EDD282
:10069000DD70DD71E571DD30CCCFCCCEBC8DB44CDE
:1006A000B42CABCBAC0CB42CC4AEDD52CCEFABEB6A
:1006B000ABCBB40BBC4CCCCED50FD50FCD0FD52FBB
:1006C000D52FCCCEB40B9B498AE8A38ABC6FBC6EF5
:1006D000ABEBA3AAA3AA9B8A8B097A6672867AA837
:1006E00082C882E87AC78B09936AA3CBAC0DB40D9C
:1006F000BC4EBC4EBC4DBC4DB42DB40CABCC9B6AB7
:100700008AE96A264143498451C641643923392321
:10071000310220E210811081106108400840084039
:1007200018A13984418549E549E549A549E662664C
:1007300083297A8669E53902000000200000000064
:10074000000000000000000008001040108118E2C6
:1007500010C2106118A218E32965294529651903FB
:10076000084008201081316449E54A065A884A0742
:1007700041C639E639C6294521033185296518C3A3
:1007800018C3294529652103294418C2294429652C
:10079000210431862124210331A6294431A629656B
:1007A0002944420742072944212418C2318539C609
:1007B00020E329444A4839C639C639854A064A479A
:1007C0004A274A2731645288842F6BED5B6B4B09B3
:1007D0006BCD5B2B428852E9636B6BCD5B4A5B4B05
:1007E000532A5B4A5B4A530A4AE952E9532A5B4A55
:1007F000638B6B8C5B4B52E942C95B6B7C706BEE1D
:100800005B2A6B8C740D740D7C2E63AC84D2849146
:10081000742F742F7C5084907C707C507C708490FA
:1008200084B194F39D549D5495339D549D539533B9
:100830009D949DB5955395539D949D949D949D94A1
:100840009DB59D9495339D949D54C511DC4CD42C3D
:10085000CC2CAB499AC88246A369CD0E936AAC4EA4
:10086000E5B2EDB2EDB2EDD2F613EDF3F5D3EDD284
:10087000E591E570E591EDB2D50FC48EBC6DBC4C31
:10088000B40CABEBB40CBC4DBC6DA3AB9B48B40B30
:10089000CCF0C4F0A40C936A728872A87287726755
:1008A00082C89BAAB42DC48EB42C930882A7ABCB6C
:1008B000B44EABECAC0CA3CB934982C87A877A8751
:1008C00082A782E882C88B099B6AA3ABABECB42DEC
:1008D000BC4EBC2DBC6EC48EB40DABCBA3AB932968
:1008E000726751A551C5622749844184498449846E
:1008F000416428C2188110401060186110601060B7
:100900001060312349C549C541A43943396449C5FB
:100910005A067A866A0528A200000000000000003E
:1009200000000000000000000800104110610841B4
:10093000106118C2294439C6296518E318A2086154
:100940000840104020C24A065A6752674A2739A514
:10095000316429442965212418C32104294420E352
:10096000210418E3318521032124210418E329659A
:10097000210429453186212431A6296431A531A5D8
:10098000294429654A2839C629442124210331A64E
:1009900039A618C239A6420731644A2741E639C54B
:1009A00052684A2741C639A55AEA73EE638C4B2A2E
:1009B0005B2B5B0A530A636B7C2E6BAC636B5B4BEC
:1009C0005B6B532A52E95B2A638B63CD638C638C28
:1009D000740D740D740E6BCD6BCD6BED63CD638CAC
:1009E0005B2B5B4B6BCD6BCD5B2A4B0A740F740F8B
:1009F000742F7C4F7C4F7C507C70849184B18CD25E
:100A00009513951395339D539533953395139533DE
:100A10009D749D749D949D749D549D7495549533BF
:100A2000953395128CB184907C50BCAFE48EE4AFCA
:100A3000D44DA2E89AA892A6B3EBD550A3EDC51069
:100A4000E5B3EDB2E592EDD2F634F613EDD2EDD288
:100A5000EDD2EDB1E591DD50D4EECCEEC4AEBC6D7F
:100A6000B42CBC4DABCBAC0CB44CB42CBC8EA3ECB6
:100A70006A46410230E22080186028E318401000E6
:100A80001000204038E261E58329ABEC9B497225D8
:100A9000934AAC0CA3CBA38B9B49932982C87A665B
:100AA0007AA78AE88B2993499B6AA3ABAC0DBC4E0D
:100AB000BC4EBC4EBC4EB40DB40DABCC9B4A82E8D0
:100AC000622659E5626751C5518551C551A54984D2
:100AD000394328C120A120A1186010601060108146
:100AE00020C2310339643943418441843964520658
:100AF00052067AA761E41020000000000000000008
:100B0000000000000000002008200800080010611C
:100B1000292431852944210318A218A210811081AB
:100B200020C228E339845227628862A94A27318586
:100B30003185294429452104086118E331852103C1
:100B4000212418C3294421032124294518C3212421
:100B5000294521042945318539C62944294439C606
:100B60002965294439E74A2831A629652103294402
:100B700039E7294421034A28398541E6526831443E
:100B800041C5524849E739A539C66B8C532B42EA17
:100B9000534B532A42E942C842A86BCC6BCD4AE979
:100BA0005309532A638C638C5B8C744F6BCD638BBE
:100BB000636B5B6B63AC6BED6BCE5B8C532B4AC989
:100BC0004AE963AC740D5B8C4B0A42C97C707C4F64
:100BD0007C7084B184B184B18CF28CF28CF2951269
:100BE0008CD17C50740F740E740E6BEE6BCE6BCE8A
:100BF00063AD63AD6BCE6BCE740F7C4F740F6BEE39
:100C000063AD636C5B2B530B4B0ABC6EECCFED31C9
:100C1000D44E9AC7A309B3AAE5D2C4F0938BDDD30F
:100C2000DD92EDB2EDD3EDF3F614EDB2EDD2F613A5
:100C3000F612EDF2EDD1DD70D50FD50FD530D4EF32
:100C4000B40B9B488AE89329ABEB9B8A59C41820C4
:100C500008002081310349E7734C29030820106103
:100C6000106110620800186128A141227A878B095F
:100C70006A049308A3CCA3AB9B6A934A8AE87A8759
:100C800082A782C88B099B8AA3ABABCCB44EBC6E47
:100C9000B42DB42DB42DABECABEC9BAB8B097287B0
:100CA0006A266246624751A459C559E559E5498308
:100CB000414339233923312328C2188008200000FA
:100CC000102020C2418441A449A5396431234164E4
:100CD00051E6728751A400000000000000000000EF
:100CE00000000000000000000000080020E3314484
:100CF000292418A21862186120A220A2188228C2F2
:100D0000418541A541C641A552075A4741C53164B5
:100D10002965212418E32924108110A229442924BB
:100D200018C210A2210418E32104294518E3210365
:100D3000296521032124294439C63185292439A66E
:100D40003165294431A6420739E729652944292418
:100D5000296531A6316539854A07292341E641C60F
:100D600029024A274A4739C539A54A47534A3AA86A
:100D700042C9534B3AC93A8832473A8842A8324767
:100D8000532A5B6B5B8B5B4B4B0A63AD63AC5B6B5A
:100D900063AD6BCD5B6B4AC94AC94ACA4B0A5B8CCF
:100DA0005B6B5B6B6BED6BED63CD5B6C8CF28CF214
:100DB0008CD184B184B184D18CD28CF295338CF2F5
:100DC00084917C70742F6BEE740E740E740E740F1D
:100DD000742F740E742F7C5084B1849184B18CF282
:100DE0008D128D139D7495749D74D4F0ECEFED51BC
:100DF000C3CCA2A6C40CE5B2FF17AC4D938ADDB3F9
:100E0000DD92E5B2EDF3F5F3F613F5F2F633F613F2
:100E1000EE12EDF2EDF2E5D1E591E5B1E5B2DD716D
:100E2000B40B8285720471E4596238602040182046
:100E300018405A88734B9CD27BAD18C2318639C694
:100E4000422839C6210300001061206130A161E50C
:100E500082A7720593099349934993298B0882C706
:100E60007AA782C88B299B6AA3ABAC0CB42DBC4E6D
:100E7000B42DB40DB44EB42DA3AB93497AC76A46D2
:100E80006A256A466205622661E559A45983518341
:100E9000518451845163494341433902310230E264
:100EA000208120A13102418449C549C539643123DB
:100EB00039646226390200000000000000000000D2
:100EC000000000000000000010212904290418A2DD
:100ED0001041188228E320A220C228A228C2394348
:100EE00062485A275227418539854A0639852903A0
:100EF0002944296518E3212418E3086120E32965C2
:100F000018C310822104210418E329452103210379
:100F10002124294429442123212431A6294431654F
:100F200039A62944294441E74A2839A6318529654B
:100F3000212329443185316441E639A531234A070B
:100F400031643164528941E639A539E652C942A873
:100F500042A942C94AE942C9326721E52A2642A884
:100F6000532A534B532A4B2A5B6B63AD63AC5B6BC9
:100F7000638C6BCD6BCD532A4AEA5B6C638C63AD9B
:100F80005B8B5B6B5B6B63CD63CD532B95339D7438
:100F9000A595A595A5B5ADD5A5B5A595A5B5A595D9
:100FA0009D54A594A5B5A5949D749D749D74A59418
:100FB000A5949D539D549D5495338D1295338CF279
:100FC0008CF28D128CF27CD29D12DCF0ED0FECF0E5
:100FD000AAC7AB08E550FEF7F695AC0DB46ED55038
:100FE000DD71EDF3EDF3F633F633FE54F633F6131D
:100FF000EDF2EDF2F5F2EDD2EDD2EDF2EDF2D52F0C
:10100000ABAA92E7828682867A67516449646A480D
:1010100061E6832BA4B1A4F239A5082018A218A276
:1010200020A310A13165188218A241A528A238C1B9
:1010300061A4720572258AC88B098B0882C88AE868
:1010400082C78AE89B6AA38BABECB42DBC4DBC4E27
:10105000BC4EBC2DB42DAC0D9B6A8B0972876A46C1
:101060006A466A256205620561E561E46A057246C1
:101070007A467A4672466A056A0569E46A0561E558
:1010800059A449634123498441845206520631439D
:1010900020C241A428C2000000000000000000009F
:1010A000000000000000084118A220A210201040FB
:1010B00018A23144310328E23122310249846247C7
:1010C0007B0A62475A276289396439844A062903B0
:1010D00018C339C6294518E3212410821082292417
:1010E000212410A218C2294418C229242124212411
:1010F000296431A63165210321033185294429243E
:1011000039A63986314531854A2841E72965318537
:10111000296521232964398539A54A06316441A509
:1011200049E7312441C6524841E649E64A47532B34
:10113000740E4B0A42C95B6B534B534B740E740EC7
:10114000536B534B5B8C5BAC5B8C63CD534B534B02
:101150006BCD742F740E5B6C5B6C7C4F7C7063ADDD
:101160006BED7C6F7C9084B17C6F63ADADF69D952B
:101170009D5495138CD18CD184B184907C507C4F3C
:10118000740E740F744F742F740E742F7C707C70F7
:101190007C907C706C0E63CD63AD63AD63AD5B6CB6
:1011A000532B5B4C5B4C4AEA8C2EED51F530E4F04E
:1011B000B308CBCBE591FEF8DD72AC2DCD30DD91DF
:1011C000E5B2EDD3F613EDD2F613F634F613F613BB
:1011D000EDF2F613F633F5F2EDD2EDD2EDD1DD708E
:1011E000C48EBC4DC48EBC4D9B8B7AC872889B8CC0
:1011F000B3CD82C99C2FA4D231441000182008001E
:1012000008000000104010411061736B5A2738C26B
:1012100040C269E472257A468AC88AE782C88B0987
:101220008AE893299B8AABECB40CB42CB42CB44D53
:10123000BC4DB44DABECA3AB934A8AE872666A2509
:1012400061E561C46A2672467A8782C78B099B6A08
:10125000A38B9B8BA3ACA38B932A8AE88AE882C8D2
:10126000724659A4494349644143412349C54185D4
:10127000106020E21081000000000000000000006B
:1012800000000000084018A210400800208228E357
:101290003123396439634163496362257AE88309FC
:1012A000938B72A849C55A4751E6394441A539651F
:1012B00018A23165316510A2294518C308612103C0
:1012C000296510A20861294521032103296421030E
:1012D0002124318531A6294521033165294429245A
:1012E000292439C639A63185316539E7294429448D
:1012F00031A631852124294439C641E63985316436
:101300004A07396431444A0749E649E652686B8C1A
:101310007C7063CD5B8C6C0E63ED63CD6BED5B8B92
:101320005B8C63AC63CD6C0E63CD6C0E6C0E63EDA9
:10133000744F742F6BED5B4B534B63CD6BEE6BCDEA
:1013400063CD6C0E740E740E6BED63CD7450740E21
:10135000638D532B532B5B4C63AD6BCD6BEE6BCE20
:101360006BCD63CD63AD5B6C5B6C5B4C638C6BEE88
:10137000742F740E63AD63AD63CD63AD638D63CEC7
:1013800063CD6C0E6BEE63CDACF1ED0FE4CEED9260
:10139000D3CCBB08DD30FEF7D531A42CCD51EDD236
:1013A000E5D3E5D2EDD2F613F613F613EDF2F6130C
:1013B000F633F613EDF2EDF2EDF2EDD2EDF2E5B12A
:1013C000DD50D530CD10C4CEB42CB40D9BAB9B4AB0
:1013D000CC6FB3EC9BACA47052270800184020607F
:1013E000184018202061080018C2A4D0A48F51A56D
:1013F000306059837A677A057A46828782C7932953
:101400008AE893499B8AABECBC4DBC4DBC4DBC8D6E
:10141000BC6DB42DABCC9B6A8AE982A7724661E4AD
:1014200061E46A2582C88B09934A9B8B9BABABEC2A
:10143000ABECB40DB44EBC6EAC0DA3ABABCCA3AB5C
:1014400093097A6661E46A0561E549644143496448
:1014500039230840000000000000000000000000E8
:101460000000082010411020082018822903314371
:101470003943416459C559C46A258309936B936AFA
:101480009BCB8309522649E55A0749A5292339A64A
:1014900020E320E3318518A221042104086118C249
:1014A000318510A210812924316518C229442103F5
:1014B0002103294431A6294421233185316529445A
:1014C0002944294539C63986210341E731A620E35D
:1014D000318531A629652924316441C639A52903FE
:1014E00041A541E63164398541A549E6522752A913
:1014F000532A4B0A530A42A832462A062A263A673A
:101500004B2A532A3A8842C8534A532A536B5B8C5E
:1015100063AD5B8C5B4B534B5B6C6C0E6BCD63CDE7
:1015200063CC6BCD7C6F740E63AD5B8C742F742FAA
:101530006C0F742F742F742F7C4F7C4F7C708491B0
:1015400084907C50742F6BEE6BCD63AD63AD6BEE0E
:101550006BEE740E7C707C707C507C70744F740FDA
:10156000742F742F6C2F63EDB532F530D40BF5D397
:10157000ED119A25C40CFE96BC8EA40CDD91E5B24B
:10158000E5B2E5B2EDD2F613F613F613F613F61242
:10159000F633F613F5F2F613F613EDF2EDF2E591EC
:1015A000DD30CCCECCEEC48DBC6DB42CB44D9B8B59
:1015B0008AE9C44EBC2EA3ED7B4B1020182028A234
:1015C0001840206110000000736CBDB49C6E6A2648
:1015D000388041017A4682877A677A6682A78AE8EC
:1015E0008B089B499B8AB42CBC8DBC8DC4AEC4CEE9
:1015F000C4AEB44DA38B93298B087A666A056A251D
:101600007A6682A893099B6A9BABA3ACABCCB44D22
:10161000B42DB42DBC6EBC4EBC2DB44EBC2EB40D3E
:10162000A3CB9B4982C872866A2561E5414330C2DB
:1016300051C518A1000000000000000000000000DB
:101640000020084008001041188120C231233123B6
:10165000394359C5728782E8936A9BAB938AA3CCBE
:10166000A3EC936A72C8624741A449E6394429034E
:101670003144292439C6296510A2210310C21081E2
:101680003185294408812124316518C2210331851F
:10169000294418C231A5294520E33165296429452B
:1016A00039A62903318539A63165294439C6210374
:1016B00029442985316529442103318549E73123AE
:1016C000314449E63984398539853985522741A520
:1016D00042673AA832473AA83AC832873AC842E93C
:1016E0004B0A5B8C5B6B534A63AD63CD5B6B63AD45
:1016F00063CD63CC63AC534B532B6BEE63CD534B39
:10170000534A5B8C744F744E5B8B5B4B7C70745094
:101710007450744F742F740F7C907C707C707C506C
:10172000742F740F6BEE63AD5B8C638D5B8C5B4CC5
:101730005B6C63CD740E6BEE6BCD742F6BEE638CB4
:101740005B6C63AD5B8C532BBD51FE33DC4CDCEF2B
:10175000FE96D4CFC44CEE13AC0CAC2DE5D2DD928A
:10176000E5B2EDB2EDD2EDF2F613F613F613EDF2AB
:10177000F613F613F613F613F613EDF2EDD2E59128
:10178000DD50CCEFCCCED50FCCCFBC6EBC6EB40D43
:101790009B6A9329A34AB3CDB46F7AC92861080024
:1017A0000800080008006A89BD52ACAF93AC82877C
:1017B00071C540A159848AE982A77A6682868AC760
:1017C0009329A3AAABEBB44CBC8DC48EBC8EBC8D4C
:1017D000C48EB44DA3AB934982C77225724672661C
:1017E0007A878AE88AE9934AA3CCABECB40DABCCF8
:1017F000ABCCAC0DBC6EC4CFCD10CD11BC8FAC0C3E
:10180000A3ABA38A9B8A7AA76A256A4659C449630F
:1018100041431061000000000000000000000820AB
:10182000084100001020188128A231033103312221
:10183000622682E88B4AA3ECA40CB42DAC0CAC2D30
:10184000AC2CAC0C8B4A622651E65206396420A2BD
:101850002904316539A63985108218E318C2086158
:1018600029653186086118E3292421032944296563
:10187000294418E3296539C620E318E33185292472
:10188000316528E3316539A62944292439C629243C
:1018900010A22944294529442924292439A5398419
:1018A000292341C63985396441C5314441A55206D1
:1018B0004205532A43094B2A534B4B2A534A5B8B0D
:1018C0006C0E63CD63CD6C0E7C6F742F63CD6BEEAD
:1018D0006BEE6C2E742F6C0E638D7C7084F16C0E2D
:1018E0005B6B6BEE7C4F742F7C4F7C906BEE742F98
:1018F000742F6BEE63AD6BEE740F742F740F6BEE81
:101900006BEE6BCE63CD63AD638C638C5B6C5B6C99
:10191000638D638C638C63AD638D638D638D5B8C32
:101920005B6C5B4C532B5B4BD5B2FE53ED0FED3133
:10193000FE55F5D3D4AEDD71A3ECBCAEDD92DD92E5
:10194000EDB2E5B2EDD2F613F613F633F633F61335
:10195000F633F613F613F613EDD2EDD2EDD2E5928F
:10196000E551D50FCCEFD530D510C4AEC48EC46EC2
:10197000BC6EA3AB8AC892A8A34AC46FA3AD6A2762
:1019800059A551856A06A3CD9BAC82C972267A26D9
:1019900079E6384038608AE9932993099329932995
:1019A0009B6AA3ABBC4DC48ECCCED50FCCEFBC6D27
:1019B000B40CABCBA3AA93087A667A667A667245B2
:1019C000726682A78AE88AE882A782677A667A6660
:1019D000828682A682A782C79309ABECCD10CD1078
:1019E000BC6DB40CA3AA83087A8772666A2559C4B1
:1019F000392300000000000000000000000010403B
:101A0000102008001060208031033923392259E565
:101A10007AC7936AA3ECB44DBCAFBC8EBCAFBCAF6D
:101A2000BC6EBC8EA3EC7AC862675A06416420C2C1
:101A300020A229443985396518C32103210318C21E
:101A400021243185108120E32944212329442124A4
:101A500029242124294439C6292418A239A631650C
:101A600029242924292439C6314431653164398532
:101A700018C2210329443165294420E341C639A510
:101A8000290341E641C6314441E639842902520620
:101A900049E65B2A6C2D538B4B0A534A536B5BCC44
:101AA00063ED6C0E6C0E742E6C0E7C7084F17CB049
:101AB00084D17CB17C907C706BEE5B8D742F742E26
:101AC00063AC742E84917C707C4F7C4F6BEE6BEE1C
:101AD0006BEE6BCD63AD63AD638D63AD6BCE6BCDE4
:101AE0006BCD63AD6BCE6BCE63AD5B8C638C638C67
:101AF00063AD6BCD6BCD6BCD6BAD63AC5B6C5B4B9A
:101B00005B6C5B4C534C532ADD92FEB5FE54FE14C5
:101B1000F613DCCFB38ACD10AC2DCD10DD72DD9283
:101B2000E592E5B2EDF3EDF3F613F613F613F613C3
:101B3000F613FE34F613EDD2EDD2EDD2EDD3E592ED
:101B4000ED92E592DD51DD30D510CCCFC46DBC6D8A
:101B5000BC6DBC6EB42D92E9824792C8A36BBC2EBB
:101B6000BC2EBC4EA38C932A932A92E97A47720525
:101B7000720671E669C59B4993299B6A9B6A9B49DA
:101B8000A38AB40CC46DC4AED510DD50DD51D510A0
:101B9000BC6DA3AA932882A67A657A867A666A05BE
:101BA00061E469E56A0561C4618361A36A257A8796
:101BB0008AE89329932993098AC882867A679B6A5F
:101BC000C4AEBC6DABEB9B8A8AE86A2561C461E553
:101BD00020A20000000000000000000008200820F3
:101BE0000800184120A131223923414361E57AC818
:101BF0009369A3ECBC6EC4AFD511CCCFC4F0CD318A
:101C0000C4F0CD31BC8FA3EC83296A675A264164A6
:101C100020E2210339A5398528E420E22124190393
:101C20002103318518C218E320E321032103210396
:101C30002124294421243185316520C2294539A632
:101C4000294431452923316431652923314441C672
:101C5000292418A22904316531652924316441A55C
:101C60003123396441C53985396439A5314341840B
:101C700051E64247534A42E9536B536B3AC842E933
:101C8000536B6C0E5B8C4AE94B2A6C0E7C90744F44
:101C9000744F7C9074705B6C5B6C6BEE7C707C90B2
:101CA0006C2E6BEE7C9084D1742E6BCC6BEE6BCE75
:101CB0006BCE6BCE63AD638D63AD63CD6BCD63CD0A
:101CC0006BCD6BCD63AD6BCE63AD5B8C63AD63AD44
:101CD000638C6BCD6BCD6BAC6BCD6BCC638D5B6C68
:101CE0005B4B5B6C4B0B83EDF6B6FF38FED6ED918C
:101CF000D4CECC6CBBEBD510B48EC510DD72DD71CB
:101D0000E5B2E5B2EDF3EDF3F633F5F3EDF2F613EC
:101D1000F634FE54F5F3EDD2F613EDF3EDD2EDB259
:101D2000E592E592DD71D530D4EFCCEFC4AEBC4D79
:101D3000BC2CAC0CAC0DB40DABCC92E992E99AE999
:101D400092C8A34A92E9A34AABECA38BA38B9B8ACC
:101D5000A3CBB42CB40C93088B08A3CCA3ABABCB14
:101D6000ABEBBC4CC48ED4EFDD51DD71DD71D51011
:101D7000BC8DABEB93287A6572457A87722561E456
:101D800061E461E4596349224964394328A1186038
:101D9000208128A1412351A472678B098AE9722509
:101DA00072249BABB40DA3AB82C759C4516251A43A
:101DB00018A2000000000000000000000800080059
:101DC000102028A239033942498362057AC89B8AC8
:101DD000AC2DBC6ECCF0D511D511CCF0D531DD7267
:101DE000CD10CD31CD10B46EA40C832972875A0664
:101DF000394420E2316441C6290428E32124212307
:101E000020E33165294418E318E32924290420E359
:101E10002124214421242965318529242103318568
:101E2000292429242923398521232923316439852B
:101E3000316518C220E3294429443165314441A564
:101E40003964312341A541C6398431643984392349
:101E500049E541E64AA83A883A8842C842C84B2A2E
:101E600063AC63CC63AC740E63CD63CD6BED742E49
:101E70006C0E7C7084D2742F6BEE7C706C0E63AD34
:101E80005BAC6BED7C706C0E63AD63CC6BEE740E73
:101E9000740E6BEE6BCE6BCE63AD63AD6BCD6BCD65
:101EA0006BCD63AD63AD63AD638D638D638D638D0A
:101EB00063AD6BCD6BED6BCD6BCD6BCD638D638CFB
:101EC0005B6C536B5B2AE5F4FF78FE54F5D2DCEFD4
:101ED000C3EBDCEFED91CCCFAC4DBCCFDD92DD712F
:101EE000E5B2EDD2EDF3F613F613F633F613F6136F
:101EF000F613F5F2F5F3F613EDD2F5F3EDF3EDB2DB
:101F0000E592E592DD51D530D530D4EFCCEFCCCF92
:101F1000C48EBC4DABECABCBABECABCCA36A92E9C3
:101F200092E892C88A8782879B2992E993089B2925
:101F30009B29ABCA9B698AE7ABEBBC4DB40CBC2CAC
:101F4000B42CBC4CCCEFDD30DD71E592DD71CCEF13
:101F5000BC8DABEB93287A8582A67A876A0582A727
:101F600082C75183308030A11021000010C3294561
:101F700010820821080010401840288059E58B295C
:101F8000722569E4A3AAA3CB7AA759C361E44143AC
:101F90000020000000000000080008000000080009
:101FA000184030E238E151A47AA77AC79349B44E79
:101FB000BC8ECCF0D511D531D531D531D552D552D5
:101FC000DD72DD71D551BC8FB46EAC2D830972A862
:101FD00051E62903292449E739852903316521245C
:101FE00029043165294518C22103292429442103E4
:101FF00020E32924292421043185316518A2318563
:102000002944292329033144314529443985314460
:102010003185210320E3294429443165312441A538
:102020003985314441C639A541C5312331644185E3
:10203000396449E6424742A83267534A744F744FA5
:102040006C0E6C0E742F7C907C70740E6BED6C0EAD
:10205000740E6BEE7C907C706BEE5B6C4B2A536B5A
:102060005B8B63AC744F742F742E6C0E6BCE6BEE67
:102070006BEE6BEE6BCD63AD5B6C638D63AD63AD8F
:1020800063AD63AD63AD63AD638D638D638D638C51
:102090006BEE6BEE6BCD6BCD6BCD6BAD6BCD6BCD5E
:1020A00063AC4B0A8BEDFE95FE54ED91ED91E5701E
:1020B000ED51F5F3EDF3CCF0BCAFC50FDD71DD7183
:1020C000E571EDD2EDF3EDD2EDF3F613EDF2F6138B
:1020D000F613F5F2F613EDF3EDD2F613F5F3E5B2E0
:1020E000E592E571DD71DD30D510D510D510D4EF56
:1020F000CCAEC48EBC2CABEBABABA36BA36A9B4A40
:102100009B2992E892C892A792C8930892E992E913
:102110009B299B699349B42CC4AEBC4CBC6DC48E46
:10212000BC6DCCAED4EFE572E5D2EDD3DD92D53007
:10213000C4AEA3AA8B0782A68AE7724682A78AC882
:102140004902200051645A2708000841294431857A
:1021500020C220C30800294439C51860186030C166
:1021600061E561E472459B8A728659A3622531025A
:1021700000000000000000000800080008001840EF
:1021800030C138E151837AA78B099349A3ECBC6E27
:10219000C4AFD510D510D551DD72DD52D552D55210
:1021A000DD72E5B3DD52CD11B46EB48E9BCC8309E4
:1021B0007AC8418420E3316441E629243165292429
:1021C00029243145314518A218C2296529442924FA
:1021D000292429242924210329442945106129443B
:1021E0003144292331442903314420C2314431444C
:1021F000314420E318C2210429443165290339649C
:1022000041A53964398439A539A53944292341A523
:10221000418541C639A552E94B094B095BAC63AC1A
:10222000532A5B4B63AD6BEE6C0E6BEE63CC63AC11
:1022300063AD6C0F6C0E742F742F6C0E742E7CB00B
:1022400084B17C908CD19533955495536BCE6BEEC5
:102250006BCD63AD63AD5B6C5B6C638C6BCE6BCE37
:10226000638D63AD63AD638D638C63AD63AD638C70
:102270006BCD6BEE6BED6BCD6BAD6BAD73CD6BEE74
:1022800063AD4B2B8C0EFE34FE13FE55FE55F5F25E
:10229000EDB2EDD2DD71CCD0B44EBCAFD551DD7115
:1022A000DD71E5B2EDF3EDD2E571EDB2F613EDF3CC
:1022B000EDF2EDD2EDD2EDD3EDD3F5F4F613E5B2B8
:1022C000DD71E592DD51DD50D530DD30D4EFD50F35
:1022D000CCCFCCCFC48EBC4DB3ECABABA3ABA36A1D
:1022E000A34AA3499B499B299B099B29A3499B4A34
:1022F000A36AA36AB40CCCCFC4AEC48DCCCEC48EBA
:10230000CCAED4EFE551E592EDD3EDD3EDF3DD7135
:10231000C4AEA3AA8B078AE782C782A7934948C2A3
:102320003020516582C95A47080018610800000032
:1023300000001020000039E68C2F39A5080020612C
:102340002860494361C48B086A2551A261C320A15A
:10235000000000000000000008000800102030C14C
:102360004102518372878B088B289BCBBC6EBC8F3C
:10237000C4D0D530DD71DD92E593DD92DD72DD9262
:10238000DD72DD72D572DD71C4EFB46EBCAF8B4A05
:102390007AC86A8820C229234A0739852904290472
:1023A00021033124398620C3188229442924292471
:1023B000294421032104210329242945108120E3F4
:1023C0003165290331442903316420E320C331649A
:1023D00039852103108221032944314431233123DB
:1023E000312339643164314431433943290341C5D0
:1023F00049C541A5398452EA5BAC43093AA83A87FA
:102400004B2A6C0E744F84B184D18CF28D128D12D4
:102410008D128D1295338CF28CF28D12953395338B
:1024200095549D949D749D749D7495336BCD63CD2F
:1024300063CD638D63AD638C5B6C638C63AD638DC7
:102440005B6C638D5B8C5B6C638D63AD63AD5B6C50
:10245000638C63AD6BCD6BCD6BCC6BAC6BAD63CD77
:1024600063AD5B8C73CDE592FE14FE75FE55EDD227
:10247000E571EDD3E592BC8EA3ECBCCFD530DD7118
:10248000E592E5B2EDD2EDD2EDB1EDB2F613F5F392
:10249000EDD2EDB2F5F3F614EDF3EDF3EDF3EDD28D
:1024A000E591E571DD51DD71E571DD51D530D51076
:1024B000D4F0CCAECCAEC46DBC4DBC2DB3ECABAB4C
:1024C000ABABABABA38AA38AA38AAB8AABAAA38A22
:1024D000ABABB40CC4AECCEFCCCFD4CFD4EFD4EFF5
:1024E000D4CFDD10E592EDF3EDF3EE14F635DDB269
:1024F000C48EABCB93289308932993299B8A69A414
:10250000512451247A68728810001861208110408B
:1025100010401040000049E7946F7BAC3963100015
:102520002881412359A372666A0561E359A41841C1
:1025300000000000000008000000080020813902AF
:102540004942726683088B49A3ABB44EC4AFC4CF73
:10255000D551E5B3E593E5B3E5B3E5B3E593E5B36D
:10256000E5B3DD72DD52DD52D551BCAFBCAFB46E08
:1025700082E97AC949A5312341C641C631243124B3
:10258000292429033965292410A121032924292478
:1025900029242123210320E320E331652904290391
:1025A00031652103314420E23144314418A229230A
:1025B0003985294418A218C3210339A5396428E2B2
:1025C000312339643144312331443964292339A515
:1025D00041A549C53964424763AC5BAC5B8B6C2E4B
:1025E0007C8F7CB084D17CB084B17C907C907C90DA
:1025F00084D184B17C907CB18CF28CD28CF28CF240
:102600008D129532953395339D7495546BCE6BCD69
:1026100063AD638D638C638C5B6C5B6C63AD6BEEE5
:10262000742F6C0E638C63CD63AD63AD63AD638D4E
:10263000638D638D63AD6BAD73ED740E740D6BEDD7
:1026400063AD5B8C530A9C0EFDF4FE13F614FE552D
:10265000FEB6F634E592B44EB48ECD30CCEFD53024
:10266000DD50E571E5B2E571EDD2EDB2EDB1EDB25F
:10267000EDD2EDD2EDD2F5F3F5D3EDD3EDD3E59276
:10268000E571DD51E551E572E592E592DD31DD3030
:10269000D510CCCFCCAECCAEC48EBC4DB42CB40CCB
:1026A000B40CB3ECABCBB3ECB40CABCBB40CBC2CD8
:1026B000BC4DC48ECCEFD510D4EFD4EFD50FDD10C8
:1026C000DD30D510E591EDD3EE14F655F634DD92FC
:1026D000C4AEABCA9B489B48A3AA93299B4AABEDC7
:1026E000932A722671E57A672081000018602080A5
:1026F000186000001020838D946F83ED5A0610003F
:10270000100038E261E46A456A256A245182082093
:102710000000000008000800080018404123494359
:1027200072668B298B499BAAB44DC4AFCD10CCF0F7
:10273000DD92E5D3E5B3E593E5B3DD93E5B3E5D409
:10274000E5B3E5B3DD72DD72D551C4CFB46EC4CF4D
:10275000938B7AA862473123314441E639852904B5
:10276000290420E32904314418C218C22103292472
:10277000210429442924210320C23165314529241B
:1027800031652923292329032903316420C320C269
:102790002924318520E310A120E3398539643123D0
:1027A000292331433964316431233964314331445D
:1027B00041C541C5312331A4742E8D1195338CF25E
:1027C00084D17C6F744F744F744F6BED63AC63CCEA
:1027D0006C0D744F744F84B18CF28D128D138CF28A
:1027E00084D18D129553953395549D9463AD63AD0B
:1027F0006BCD6BCE6BCE63AD63AD6BCD6BEE742FDB
:10280000742F6BEE6BCD6BEE63CD638D63AD63ADFB
:1028100063AD63AD6BEE6BEE6BCD740E6BED63CDA4
:102820005B6C5B8B534B5B2AC48FFD92FE34FEB610
:10283000FEF7EDF3C4AEAC4DBCCFBC6DC4AED5302D
:10284000DD30DD71E571E571EDB1EDB1E591E59159
:10285000EDB1EDB2EDB2EDD3EDB2EDB2EDB2E5B268
:10286000E592E571E571E592E571DD51DD51DD300F
:10287000D4EFCCCFCCAFCCAFCCAFCC8EBC4DBC2D3D
:10288000BC4DBC4DBC4DBC2CBC2CBC4DBC6DC48ED9
:10289000CCAECCEFDD30D510D4EFDD10DD30DD5027
:1028A000DD30DD51EDB2EDF3F634FE75EE14DD7181
:1028B000BC6DA3A99B68A369ABCB93499B4A9B8A38
:1028C0009B6AA38B932992E882C9414410000000BF
:1028D000000010206ACA9C4F8BCC7B0959A430C2DF
:1028E000100028A172666A057265724541220000D7
:1028F00000000000082008001000410251636A2512
:10290000830882E89B6AB44DBC8ECCD0CCF0D53124
:10291000E592E592E5B3E5D3E5D3E5B3E5B3EDF4B0
:10292000E5D3DD92DD92DD93D552D531C4CFBC8E97
:10293000B46E8B2A6A4741A52924398541C52924CB
:10294000290420C32903314418C218A218A2210463
:10295000290329242944210320E33165312420C29D
:10296000396531442903292329032923290320C256
:102970002102316520E3084120E3314441A5396457
:10298000316429233144314431443122292329231C
:102990003963418539443164740E9573953284B03E
:1029A0007C4F84D18CD17C90746F7C907C90744FE0
:1029B000744F7C4F84B184D184D195129D5495334A
:1029C0008CF295339D959D9495549D746BCE6BCEF2
:1029D0006BEE6BEE6BEE6BCD6BEE63AD6BCE6BCED9
:1029E00063CD6BEE740E63CD63AD63CD638D5B8C95
:1029F000638D638D63AD6BCD6BAD63AC6BCD638D60
:102A00005B8C63AC5B8C4B4A838CE4F0FE34FE96AB
:102A1000EE34F614CCCFAC2DBC8FB46DC4CFD51032
:102A2000D4EFDD30DD51E550E570E570E591EDB1B5
:102A3000E591EDB2EDB2EDB2EDB2ED92E592E59237
:102A4000E592E5B2E591E571E551DD51DD50D51036
:102A5000D510D510D510D4EFCCAFC48EC44DC48ED4
:102A6000C4AECCAEC48EC46DC48ECCAFCCCECCEFD5
:102A7000D4F0DD30DD51DD30DD30E571E571DD5064
:102A8000DD50E571EDD3F634F634EDF3EDF3DD71A1
:102A9000BC4C9B489B69A389ABAAA3CBA38A9B4947
:102AA0008AE88AC892C892E8AB8BABEC82EA51C63E
:102AB00051C6830A93EC7AE9726782877A676184E8
:102AC00030C120A159C46A047AA67A6638E20000AF
:102AD000000008000800100030E2496361E4830848
:102AE0008B08936AAC0CBC8EC4AFCCF0CCCFDD515C
:102AF000E5B3E593E5B3EDF4EDF4E5D3E5D3EDF41B
:102B0000EDF4E5D3E593DD52DD72D531CD11BC8E08
:102B1000B46EA3EC7AA851E62923398541C6314425
:102B2000292329032903292420E320A318A22924E7
:102B3000292420E32944290429032924292320C204
:102B4000292329232903314429032903292418A1EE
:102B500018A231442903000018C3314431643143C1
:102B6000394429033123292339643143314329234B
:102B70003123398439642902740E9553744F84D1FA
:102B80009553957395338D1284D18CF28D33955373
:102B9000953395329D539D5395339D549D549D94EB
:102BA0009D749D749533953395338CF26BEE6BCE9B
:102BB000740E6BEE63AD63AD6BCE5B6C5B8C63AD23
:102BC00063AD63CD6BCD63AD5B8C63AD63AD5B6CAF
:102BD0005B6C5B6C5B8C6BCD6BCD63AD6BCD636CF9
:102BE0005B6C5B4B5B6B638C530A832AED72FE5507
:102BF000EDD3F5F4CCEFA40CB46EC4CFD530CD0F2B
:102C0000D4EFD50FDD50DD50DD0FE550E591E591B6
:102C1000EDB2E591E591EDB2ED92EDB2EDB2E59256
:102C2000E591E592E592DD71E571DD51DD30DD5133
:102C3000DD51DD31D510CCCFCCAECCAFCC8ECCAF0E
:102C4000CCAFCCCFCCCFCCAFCC8ECCCFD510DD5150
:102C5000E551DD51E571DD51E592E591E571E55113
:102C6000E571EDB2EDF3F634EDF3E5D3EDF3DD719F
:102C7000BC4C9B69A389ABAAB3EAB40CA3AAA38AF0
:102C80009B4A82A782668246824682879B49A38BA3
:102C90009B6A936B8B2A82C982A87A4761A44901F7
:102CA00059E4410259A37AC782A7724620810000E5
:102CB00008000800080030C151A459A383089349B3
:102CC000936AAC0CBC6EC48FCCD0CCF0D531DD9205
:102CD000E5D3E5B3E5B3EDF4EDF4EDF4EDF4EDD4C7
:102CE000E5D3E5B3E5B3DD72DD93D552CD11C4D0A4
:102CF000B44DAC2D934B6A683964314441A53124FD
:102D000020E2292320C229242904188218C2210480
:102D10002924290320C2292429042904290320C2A3
:102D20002903290329032903290320E3210310612F
:102D300018A231243124106110822944314429031E
:102D40003123310331443123396431433984290338
:102D500029023984418520C152C984D18D129553ED
:102D60009D74955395539D949D749D749D949D94CD
:102D70009D739D539D53A5949D74A5949D749553E7
:102D800095128D12953384D184D184D16BEE6BEE84
:102D90006BEE63AD638C5B6C5B6C63AD638C638D5E
:102DA00063AD6BCD742E7C70744F6C0F5B8C534B8A
:102DB0005B4B5B4B63AD6BEE6BAD63AC638C638C59
:102DC0006BEE6BEE638C638C534B4A888B6AF59386
:102DD000FDD3D510AC2CB46EC4D0CD0FD551D530A9
:102DE000D4EFD530DD30DD30E571E571E571E59189
:102DF000E591E571E591EDB2E571E571EDB2EDB208
:102E0000E592E571DD51DD51E551DD51DD30E551F2
:102E1000DD51DD31DD30D4EFD4CFD4CFCCAFCC8E8B
:102E2000D4CFD4CFCCAFCCCFCCAFD4CFDD31DD51EC
:102E3000E551DD51E571E592ED92E592E571E571BF
:102E4000E571ED92F613F633EDF3EDF3EDF4D530D5
:102E5000B3EBA38AA38AB3CBB40CB40CA3CBABEB78
:102E6000A3AB934A82A77A468246826782267A4635
:102E700072056A0669E5620561C449224901516229
:102E80007A866A047A868B2882A66A04102000005B
:102E900008000000208151A451A382C8936A934A7C
:102EA000ABECB42DC48FC4AFC4CFCCF0DD71DD92D8
:102EB000E5D3E5D3EDD4EDF4EDF4F615EE14EDD451
:102EC000EDF4E5D3E5B3E5B3E5B3E5B3D531D531FD
:102ED000BCAFB44D9BAB728841A5394441A539457F
:102EE00020C3290320C32924290320A220C220E3D0
:102EF0002903290418A2292429032903292320E2CC
:102F00002903292320E22923210320E22903104158
:102F100018622923316418A210612923314420E268
:102F200028E2312331442902396431433164314488
:102F300031232902398428E231A484B08D127C70B7
:102F400084B18D1284D184D18CD18CD19553955379
:102F500095338CF18CF28D128D12953295339D53F1
:102F600084D184D19D74955395339553740E6BEE33
:102F70006C0E6BCD6BCD638D638C638C5B6C638DE2
:102F800063AD6BCD7C6F7C6F740E6BCD638C5B8C93
:102F90005B6C5B6C5B8C6BCD6BED63AC5B6C63AC47
:102FA0007C4F742E534B5B8C638C5B8B52C99BCCD8
:102FB000DD30B40CB46EBCCFC4F0D550D530CCEFFE
:102FC000CCAED50FD50FDD30E551DD50E550E550E5
:102FD000E591DD50E571E591DD30DD50ED92E59252
:102FE000DD51DD51DD51E551E551E551DD31DD3199
:102FF000E551DD31DD30DD10D510D4CFCC8ED4CF0E
:10300000D4CFD4AFD4CFD4CFCCAFD4F0DD31E551D1
:10301000E571E571ED92EDB2EDD2EDD2EDB2E59252
:10302000E572EDB2EDF3F633F633F614EDF3D53089
:10303000ABCBA38AABCBB40CBC0CB42CABECB42D97
:10304000ABECA38B932A8AC882677A468246826752
:103050007A66722569C46A0561C461A46A0572252D
:103060007A8682868B088B098AC759A300000000E4
:103070000000206059A451C47A87936B936AA3CC53
:10308000AC0DB44DC48EC48FCCAFCD10DD52DD720B
:10309000E5B3E5B3EDD4EDD4EDF4F635EE14EE146E
:1030A000EDF4EE14EDF4E5B3DD93DD92D572CD5180
:1030B000D552BC8EA3EC830949A5398549C639642C
:1030C00028E320E320C32904290320E218A220C317
:1030D00020E3312420E3290320E32903292320E2EC
:1030E0002903292320C22923290318A128E218A192
:1030F00010602103316418C3086120E2312328E203
:1031000031033944398420E23964316431433985EB
:1031100031433122396328E23184742E6C2F5B8C69
:103120006C2E63CD5B4B63AC744E742E740D742E99
:103130007C8F742E63AC6C0E7C9084B18CF29D9469
:10314000A5B59D949D7495338D138CF2740E740EF9
:103150006BCE6C0E6BEE63AD5B6C534B534C638C60
:1031600063AD63AC638C63AD63AD63CD6BCD6BEE70
:103170006BCD638D638D6BCD6BCD5B8B638C63ADE2
:103180005B8C5B6C532B5B4B5B4B5B6C5B8C5AE9D6
:103190009BEDC510BCAFBC8ECD51D551D4EFCCAE9C
:1031A000CCAED50FD510D4EFDD10DD30DD30E550DD
:1031B000E550E571E571DD50DD50DD51E551DD5142
:1031C000DD51DD51DD51E551DD51DD10DD31E551E0
:1031D000DD31DD31DD30D4EFCCCFD4F0D4CFD4CF5E
:1031E000D4D0CCAFD4AFD4CFD4F0DD31DD31DD31AC
:1031F000E571E592ED92EDB2EDD2EDD2EDD3ED9227
:10320000E572EDB3F613F653F654F634EDD3CCEF86
:10321000ABEBABCBB40CBC2CBC2CB44DB42DB42D4F
:10322000ABECA3ABA38B9B4A932982A77A467A4641
:103230008287828782877AA77A867A668287828661
:103240007A868AE88AE882E882E7518300000000F3
:1032500010004984620472A8936A8B299BCBAC0C42
:10326000B42DBC6EBC6EC48FD4F0D551DD52E59246
:10327000E5B3EDD3EDF4EDF4EE14F635EE15EE1402
:10328000EE14EDF4EE14EDF4E5B3DD93D572D55202
:10329000D552C4CFB46EABED622741645206396497
:1032A000290320E218A229032903292320C318A2F5
:1032B00018A23144290320E320E320E2292320E25D
:1032C00028E3292320E229032923188120E220E290
:1032D000104020C2316518A2082018C231433123A2
:1032E00031232902312329033144316431433985A3
:1032F000314328E23143312231434AC942C94AC9E4
:103300005BAC63ED6C0D7C8F851184B07C70740EAA
:10331000742F84B195139D74A5959D548D1295338A
:10332000953395338D1284B184D19D746C0D740ED8
:103330006BCD6BCD6BCD6BCD5B6C5B6C63AD6BCDD7
:103340006BED6BCD63AC63AD63CD63CD63AD63CD2E
:1033500063AD638C5B6C5B6B5B6B5B8C5B8B5B6B88
:103360005B4B5B4B636C5B4B5B6B5B6B5B8C4AA936
:103370008B8BDDB3B48FCD10DD71D530CCAECCCF1F
:10338000CCEFD510D4EFD50FDD0FD50FDD2FDD50ED
:10339000DD30E550E550E571E592E571E551E57107
:1033A000DD51DD71E571E551DD30DD10DD30DD3100
:1033B000DD30D4CFD4CFCCAFCCAFD4F0D4F0CCCFA1
:1033C000CCAFD4CFD4D0DD10DD10D510DD51E572F7
:1033D000E592ED92EDD2EDB2EDB2F5D3EDB2E5921C
:1033E000EDB2F5F3F634FE34FE55FE75EDD3CCCEDA
:1033F000B3EBABABB3EBB40CB42DB44CB42CB40CFA
:10340000ABECA3CBABCCABACA38B9B6B9309828710
:10341000828782A782A782A782A782A68AC78AC735
:1034200082C78B088B0882E78B07390300000820CE
:10343000390359C5622683098B0A936BA3ECAC2D23
:10344000B44EB44EC46ECCAFD510DD52DD72E5B3D0
:10345000E5B3EDD4EDF4EDF4EE14EE15F615EE153E
:10346000EE14EDF4EDF4EDF4E5D4E5B3DD92D552D0
:10347000D572C510B48EAC2D7AC8416449C649E6F0
:103480002923290318A221033964292318A220C360
:1034900018813124290318A128E320C329232903F3
:1034A00020E3292320E220C2292320E220C220E3B6
:1034B000104018A1314320E2084120C23164394450
:1034C00028E220A120C220E2314439842923398412
:1034D000316428E23984396428C24A686BED5B6B39
:1034E000744F8D328D1284B084B195338CF263ADFC
:1034F000638C744F84F184D17C70744F6C0F7C703A
:1035000084B16BEE6C0E8D1295339D946BED6BEE6A
:103510006BCE6BCE6BEE6BCD5B8C5B6C5B6C6BCDFB
:103520006BED6BCD6BCD5B8C638C63AD63AD638CEE
:10353000638C5B6C5B6B6BCD740E7C4F742F6BEE8E
:103540006BED740E740E638C534B532A5B4B528994
:103550009C0DC4F0AC2DCD10D510CCCFCCAECCEFA3
:10356000CCCECCCFCCCEDD0FDD30D4EEDD0FDD50B8
:10357000DD50DD50E550E571E551ED92ED92E571DC
:10358000E571E571E592E571DD31E551DD30DD1084
:10359000DD10DD10D4EFCCAFD4CFD4CFD4D0CCAFAE
:1035A000D4D0D4F0D4F0DD11DD10D4F0DD31ED92C3
:1035B000EDD2F5D2F5D2EDB2F5D3EDB2E592ED92C2
:1035C000EDD3F613FE34FE34FE35FE75EDD2CCCECF
:1035D000B3EBABCBB40CB3ECB40CB40BB40CB40C79
:1035E000AC0CABECABECABACA38BA38B93298AE913
:1035F00093298AE88AE88B088B08930893088AE85D
:103600009328932893088AE782C728A20000208283
:1036100030E2390259E66A4772A88B4AA3EDB44EEC
:10362000B44EB44EC4AFCCF0D531D531DD72E5B374
:10363000EDD4EE14EDF4EDF4EE15EE14F635EE15D2
:10364000EDF4EDF4E5D4EDF4E5D4E5D3DD72DD720F
:10365000DD72D531C4AFAC0D938B5A06498551E666
:103660003944290320C220E23144292318A220E34F
:1036700018A220E3290320C2292320E3292420E3E0
:1036800020C2290320C220A12903290320C220A28D
:10369000102018A231432103084020C2316439644C
:1036A00020C1188120A220E23144398428E23984E3
:1036B000292331433984312328C24A476C0D42A85B
:1036C0004AE963CD746F84D184B1849195539D741C
:1036D00095339D748D33740E6BEE6BEE6BEE7C90B8
:1036E000744F63CD744F84B1744F742F6BEE740EAE
:1036F0006BCE6BCD63AD63AD63AD532B530A638C5F
:103700006BCD63CD638C5B4C5B6C638C638C638D26
:1037100063CD6BCD6C0D7C6F84B18CF28CD17C4F02
:1037200063AC63AD63AD534B532B5B6B532B6B2B74
:10373000BCD0B42DB46ECD10CCEFCCCEDD50D510B6
:10374000C48ECCAECCCED4EFDD0FDD0FDD10DD307E
:10375000DD30DD50E550E551E551E571E571E551AC
:10376000ED92ED92E592E571DD31E571E551DD31E6
:10377000E551E531D4CFD4CFD4F0D4EFD4F0D4EFA9
:10378000D4CFD4F0DD10D4CFDD10DD31E551E572BA
:10379000ED92ED92EDB2EDB2EDB3EDB2E592EDB298
:1037A000EDD3EDD3F614F614F614FE35EDD3CCEFCD
:1037B000B40CB3EBB40CABEBB3ECB42CB42CB3EC57
:1037C000B42DAC0CABECABCCA3CBA38B9B6A9B4ACC
:1037D0009B6A934993099349934993499349934920
:1037E00093498B0893088AC77A461841000018400D
:1037F000206028E1312251A5620683099BCCAC2DC3
:10380000B44EBC8FC4AFCCF0D531DD72E5B3E5D397
:10381000E5D3EDF4F635EE14EE14F615EDF4EE14F2
:10382000EE14EDF4EDF4EDF4EDF4E5D4E5B3E59349
:10383000DD52D552C4D0BC6EAC0D6A6751A562484A
:1038400041842903290318A12923314420C22904D2
:10385000188220A2314428E329032103292320C20E
:1038600018A1290320C120A120E220E220C2186172
:10387000106120C220E22903106118A2314439648A
:1038800028E118A120C220C23124316429233964DF
:10389000312331233963312320C23184532A63AD6C
:1038A000744F7C9084B184B07C6F740E742F84B19B
:1038B0007C708CF29553744F84909D748CF26C0ED6
:1038C00063AC742F7C6F84D19D94A5D56BED6BEEAA
:1038D000740F6BCD63AD63AD63AD63AD5B8C638C17
:1038E00063AC63AD6BED63AD6BEE740F6BEE63AD0C
:1038F00063AC63ED63CD63CC6BCD6C0E740E6BCD9E
:103900005B6B532A5B4B5B4B534B63AD42896B0A3A
:10391000BCD0AC0DC4CFD531C4AFCCCFD530CCEFFB
:10392000D4CFCC8ECCAED4EFDD30D4CED4CFDD101E
:10393000DD30DD30E551E551E551E551E551E57109
:10394000ED92EDB2EDB2E572E592E592E551E55109
:10395000E551D4CFD4CFD4CFD4F0D4EFCCCFD4F062
:10396000D4CFD4D0D4D0CC8ED4EFE551DD51DD51BD
:10397000E571E551E571ED92ED72E572ED92EDB311
:10398000F5F4F5F4F5F4F5F4FE15FE35EDD3D4EFCA
:10399000B40CB3EBB40BABEBABECB42DB42DB3EC7C
:1039A000B42DB42DB40CAC0CABECA38AA3ABA38B9D
:1039B000A36A9B6A9B699B6A9B49A38AA3AA9B8A69
:1039C0009B69932893088AE7620500000000206045
:1039D00030C23923394331234985624772A88B4B62
:1039E000A3EDBCB0C4D0CCF0D531E593E5D4E5B3BC
:1039F000E5D3EE14EE15F635EE14F614EE14EDF4F0
:103A0000EDF4EDF4F635EDF4EDF4EDF4EDF4E5D48C
:103A1000DD73DD72C4D0C4AFB46E830951C5626872
:103A200051E6394328C220C228E2312420C220C3F3
:103A300018A220A2314420E220C22903290329032D
:103A4000188120E220C218A120C220C220E21881E1
:103A5000106018A12903290218A2106131233964CA
:103A6000290218A120C218A120E3396439A529022E
:103A7000290331233143312320C139A5638C6C0ED6
:103A80007C707C705B6C63CD7C6F6C0D638C63AD04
:103A9000742F740E744F8CF284D184D184B095321B
:103AA000AE16ADF69D73B636AE169D946BCD6BCD4E
:103AB0006BCD6BCE63AD638D638D5B8C5B4B532B9A
:103AC0005B6C638C63AD6BEE744F7C506C0E63ACBF
:103AD000534B4B2A4B0A5B6B5B4A5B2A532A5B4B6B
:103AE00063AC5B8C5B4B5BAC6BED5B4B31C5836A52
:103AF000CD10BC8EC4CFC4CFBC4DCCCECCCFCCEF80
:103B0000CCCFCCAED4CFD4EFD4EFD4EFCCAFD4F075
:103B1000DD10DD10E571E571DD51E531E551E5516F
:103B2000E592E572E572E572E571E551E571DD5109
:103B3000DD51DD10DD10D4CFD4CFD4CFD4CFD4CF4E
:103B4000D4CFCCAFCCAECC6ECC8ED4CFD4F0D4F01E
:103B5000D4EFDD10DD30E551DD10DD31ED93ED9377
:103B6000F5F4F614F5F4F614FE15F5F4E572D4CF79
:103B7000B40CB3EBB40CB40CB3ECB3ECB3ECB40CCA
:103B8000BC2DB42DB42DB42DAC0CABECABECABAB6D
:103B9000A38BA38BA3ABA38BA36AA3AAA38BA3CB57
:103BA000A38A9B6993288B0751C5000018404123C5
:103BB00051643903310220C1208120C230E249849E
:103BC0006A889BCDBC8FCCD0D531DD93E5B3E5B30E
:103BD000EDF4EE14F635EE15EDF4EE14F615F615DB
:103BE000EDF4EDF4EE15EDF4EDF4EDF4EDF4E5D4D3
:103BF000E5B3DD72CD10BC6EBC8EAC0D5A055A26F5
:103C00005A27396320A12903290330E320E21881D0
:103C100020C218A220E2290328E32903290329034B
:103C200020C220C220C218A120C220E220C21881D6
:103C3000188118613123292318A210403123314300
:103C4000310220A1188118A220C2316431643103ED
:103C5000292329033143292320A139C573ED746F2A
:103C60007C4F7C4F84D18CF17C6F7C8F84D084B06E
:103C7000A5948CF2742E8CD17C4F6BED63CC742E9A
:103C80008CF184B16BED6C2E742E744F6BEE63CDA2
:103C900063AD638D63AD638D532B4AEA4AEA530AE1
:103CA0006BCE84B17C4F6BEE63AD63CD5BAC5B8B55
:103CB000536B536B5B6C742E84B084B07C708490B7
:103CC000849084B07C4F63CD63AD42A94A479C0C7D
:103CD000D530C4CFC4CFB40CC48EDD50D4EFCCCE1D
:103CE000C48ECCAECCCFCCCFD4EFDD30DD10DD1028
:103CF000DD10DD10E551E571DD51DD51E571E55176
:103D0000E571E551E551E571E551E551E571E551A3
:103D1000DD10DD10DD10D4F0D4F0D4CFDD10D4F000
:103D2000D4CFC46EC46DCC8ECC6EC42DC40DC3EC88
:103D3000CC4DD48FD48EDCCFDCF0DD10ED92EDB322
:103D4000F5F4FE15F5F4F614F5F4F5B4E551CC8E62
:103D5000B3ECABCBB40CB42CB40DB3ECB42DBC4D64
:103D6000BC4DBC4EBC2DBC4DBC4DB40CB3ECABEC4F
:103D7000ABABABABABCBABABA38AA38AABECAC0B23
:103D8000A38A934993289308412318206A067A67E7
:103D90006206518438E228A12081206120A120817F
:103DA00028C162479BCDC48FCCF0DD72E5B3E5B38B
:103DB000E5D3EE14F635EE14EE15EE15EDF4F6152A
:103DC000EE15F635EE15EDF4EE14EE15EDF4EDF41A
:103DD000E5B3DD93D552BC8FBC6EB44E6A2659E56F
:103DE0006267396330E228C2290228E228E220A271
:103DF00018A2186118A12923290320C220C220E299
:103E000018A120E218A1188120E22903188118A125
:103E100020A21041290331641081104020C22903DF
:103E2000310320A21061188118A2292329233123EC
:103E3000292320E23143312320C22903530A8D1163
:103E40009D739532A5B484B09511ADD5A5946BED55
:103E50005B6B742F8CF29D528CD084AF742E63AC4C
:103E600063AC740E638C42C942E9532A6C0E63ED55
:103E700063CD6BEE638D638D6BCE63AD532B530BB4
:103E8000638D63CD63CD5B6C42EA4B0A534B534B5E
:103E90005B8C63AC5B8C63AD742F742F6BEE63AD86
:103EA000638C63AD63AD63AD5B8C5B6C52A8A3ECBC
:103EB000D531C4CFBC8EBC8ECCEFD4EFCCCEC48D6C
:103EC000CCCECCCECCEFCCCED4EFD4CFD510DD3011
:103ED000DD30DD30DD31E551E551DD31E571E57194
:103EE000E551E551E551DD30E571E551DD31DD307C
:103EF000DD30DD10D4EFDD10DD10D4CFD4CFCCAF6A
:103F0000CC8ECC6DC44DC42CBC0CB3CBB38BBBAB33
:103F1000CC4ECC4FD46FDCB0D4AFD4F0ED72EDB357
:103F2000F614F614F5F4F5D4F5D4F5D4DD31CC6EF1
:103F3000B3EBABAAB3EBB3EBB3ECABECAC0CBC4D5B
:103F4000BC4DC44EC46EBC6EBC4DBC2DBC0CB3ECA1
:103F5000B3ECABECABCCB40CABCBABCBABECA3CB03
:103F60009B8A9B4993298B0838E24123932A932A01
:103F70008B088B4A8B2A728859E64944496441442C
:103F800028E241646A689B8CC48FD531DD72DD7292
:103F9000E5B3EE15EE15EE15F615EE15E5D3EDF4D9
:103FA000EDF4F635F635EE15EE15EE14EE15E5D416
:103FB000E5B3E5B3D552CCF0C48FBC6E72A849A46A
:103FC000624749A4310228A228E2310320A120A29D
:103FD00018A2104118A118A120A220E220C228E3B3
:103FE000186120C220C2188120E220C2188120A2BC
:103FF00020A2106120A131441081104018A1290293
:10400000310318811061104118A2290329032923C3
:1040100020C228E33144314320C218815B2A953203
:104020008D1284907C6F7C4F7C4E7C6F7C6F6BED2F
:10403000740E9D74B617B616B637B616BE57C6B808
:10404000BE77B636BE77AE16A5D5ADF563AD63AD1A
:1040500063CD5B8C5B6C63AD6C0E6BEE63CE63CE3D
:104060006BEE7450742F63AD63CD63AD5B8C63CD29
:10407000536B4B094B09530A5B4B638C740E63AD56
:10408000638C5B6C5B4B638D742F638D630ABC8F99
:10409000D530C4AEC48ECCCFD4EFD4EFC48ECCCE4A
:1040A000C4AEC48DC48ECCAECCCED4EFD4F0D4EF9D
:1040B000DD30DD51DD30DD30E551E551DD51DD3103
:1040C000DD31E551DD51DD31E551DD31DD30DD3012
:1040D000DD10DD10D4CFD4F0D4CFD4CFCCAFC46EAC
:1040E000C44DBC2CBC0CB3ABAB6AAB4AB38BCC2D70
:1040F000DCD0D4B0DCF0DCD0CC8FD4F0E552EDD302
:10410000FE15F615F5F4F5D4F5D4F5B3E531CC8FFD
:10411000B3ECA36AABABABABABCCABECABEBBC2DBA
:10412000C44DC44EC46EC48EC46EBC6EBC4DB40CC3
:10413000B42DB42CB42CB42DB40CABEBABCBA38B03
:104140009B699B4993497A8638C26A2693089329CA
:104150009B8AA3ECAC0CAC0C938B7AA862266227EA
:10416000622751C662077AC9ABECCCF1D531DD527A
:10417000E5B3E5D4EDD4EDF4EDF4EDD4EDF4EDF4E8
:10418000EDF4EDD4EDF4EE15F615EE15EE15E5D3E0
:10419000DD93DD92D572CCF0C4AFC4AF8B4A4984B5
:1041A000624751E628E228C228E2312430E3208128
:1041B00018A210611881188120A2210218A120E202
:1041C0001881106018A118A118A120C2188118A286
:1041D00018A2106120A229231882106118C128E2B8
:1041E00028E218811061104018A220E22923292416
:1041F000188128E33123292328C3188152C96BCDA4
:104200006BED742E744F8D128D1284D19512A5D53D
:10421000ADF5A5B4A5B5A594ADD5BE57CEDACEFA09
:10422000ADF69533A5D5B637BE99BE98536C5B8C69
:104230006C0E742F744F84D18CF28D128CF284D159
:104240008CF28D1274706BEE744F63AD5B6B5B8C94
:10425000534B4B0A4B094B095B8B6BED6C0E6BCDD3
:1042600063AD63AD5B4B5B4B5B8C5B4B6B0AAC4DE7
:10427000CCEFBC6DBC6DC48ECCAFCCCECCAECCCEB6
:10428000CCAEBC6DBC6CCCCECCEFD4EFD4EFD4EFC5
:10429000DD30DD51DD30DD10DD51DD30DD30DD3193
:1042A000DD30DD51E531DD31DD31DD51DD10DD1099
:1042B000DD30D4F0D4EFD4CFCCAFCCAFCC8EC44D66
:1042C000BC2CB3ECAB8AAB4AAB2AAB4ACC2EDCB0ED
:1042D000E511ED52ED32E531DCD0DCF0E511ED72A7
:1042E000F5F4F614F5F4F5F5F5D4EDB3E552CC8F0D
:1042F000BBECA34AA34AABABABCBABCBBC0CBC4D2A
:10430000C46EC46EC46ECC8ECC8EC46EBC2DBC2D5F
:10431000BC4DBC2DBC2DB42DABECABCCA38BA36A98
:10432000A38A9B4A932861C438E282A893099B8B95
:10433000A3CBA40CAC2CAC2CAC0D9BAB936A82E948
:104340007A8972A87AC982C99B6BBC8ED531DD523D
:10435000E593E5B3DD93E5B3E5D4EDD4EDF4EDF409
:10436000EDF4EDF4E5B4EDF4EE15EE35EE15E5B350
:10437000DD72DD72DD72CCF0C48FC4AF9B8B51E473
:104380005A265206392328C228C23123396420A173
:1043900020A118811061188120A128C218812081D4
:1043A00020C21020188118A118A120E2188118A29B
:1043B00020A218611881292318A2106020C228E2C7
:1043C00028E218811021104118A218A229243124B2
:1043D00018812902312328E228E220C24AA8536B1F
:1043E0005B4B63AC84B084F1742E534B4B0A63ACCB
:1043F0005B6B63ED7CB07C6F742E7C8F84D18CF111
:104400008D128CF18D1295539573955284B18CF267
:104410008D138D1384B17C90744F6C2F5B8C532B58
:10442000534B534B536C534B4AEA532B6C0E6C0E4D
:104430006BEE63AD5B6B6BCD6BED744F7C4F7C6F44
:104440007C6F742E740E740E6BEE5B4C6AE9B44D87
:10445000C4AEBC4DB44CC4AEBC6DC4AECCCECCAEC0
:10446000CCAEC46DC48DCCCED510D4EFD4EFD4EF88
:10447000D510DD30DD30DD30DD30DD30D530DD3004
:10448000DD51DD30DD10DD30DD30DD30DD10D4EF2D
:10449000D4EFD4EFD4EFCCAECCAEC46EC44DBC0CD4
:1044A000B3CCA36AA34A9B09A34ACC4EE512E512FA
:1044B000E511ED52ED52E572E552DCF1E531E572C0
:1044C000ED93F5F4FE15F5F5F5D4F5D4DD31CC6FAB
:1044D000BC0DA36A9B4A9B49A36AB3EBBC2DC46E77
:1044E000C46EC46EC46ECC8EC48EC48EC46EBC4DFD
:1044F000C44DC46DBC2DB40CB40CABCCAB8AA38A38
:10450000A38A9B4A9328410241238B099B4AA3AB70
:10451000ABEBAC0CB44DB42DB46EAC2DA3CB9B8ADD
:10452000934A8B499BAB938B9B6BBC4ECCF0D531A4
:10453000DD72E593E5B3E5B3E5B3E5B3E5B3E5D403
:10454000EDF4EDD4EDD4EDD4E5B3E5B3E5B3DD930F
:10455000DD72D552D551CCF0BC6EC48FA3ED62662E
:1045600051E551C53964290328C22902392328E2BB
:104570002081208118611861188118A1188120A25A
:1045800028E21060188118611881290318811861C8
:1045900020C210201061316420C2106120C2292382
:1045A000290220A21061102118A218A23144290367
:1045B000188020E22923290328E220C2632A9532A9
:1045C000ADF5A5B4ADD5ADF59D538CD1744E6C2E23
:1045D0008CF195538D129553A594A5949DB4A5D5B2
:1045E000B637BE98B637ADF69552744E744F744FC9
:1045F0007C7074505B8D5B6C5B8D5B8C534B532B71
:10460000534B534B5B8C534B4AEA4B0A5B8C63AC6A
:104610005B6B5B4B5B6B638C63AC7C6F742E740E5B
:10462000740E742E84D08CF16BEE3A68730AC48ECB
:10463000C4AFB42DBC6DC46DCCCFCCCFCCAECC8EC2
:10464000CC8EC48DC4ADCCCED4EFD510D4EFD4CFA6
:10465000D4EFDD10DD30DD31DD10D510DD30DD5182
:10466000DD50D510D4F0DD10DD10D510D4EFD4EF2F
:10467000D4CFD4EFD4F0CCAEC46EC44DBC0CBBECE4
:10468000ABABA36B9B4A9309B3CCDCF1E552ED7263
:10469000F5B3EDB3F5D4F5D4ED92E511DD31ED933D
:1046A000EDB3F5F4FE15F5D4F5F4EDB3DD10CCAFB4
:1046B000B3CCA36BA34A92C89B29B3CBBC2CC46ECA
:1046C000C46ECC8FCCAFC48EC48ECCAFC46EBC2DA8
:1046D000BC2DBC2DBC0CB3ECABCBABABA38AA38A7B
:1046E0009B6A9B4982E838C161C58AC9934AA40C78
:1046F000B42DBC8EBC8FBCAFBC8FC4AFBC6DAC0C3A
:10470000A3ABA3CCABECAC0DAC0DAC2DC4AFD53191
:10471000DD52DD72E5B3E5B3E5D4E5B3E593E5B38A
:10472000E5B3E5B3EDD4E593E593DD52D552DD7203
:10473000DD72CD11C4D0BCAFB44EBC6EA3ED6A889F
:1047400051E551A5418428C228C228E2310330E353
:10475000208120A2186010411061188118A12081C9
:1047600029031881188110601860290318811881A5
:1047700018A10820104131642903082018A23143F0
:10478000310320A1188108411061188131442903A7
:10479000188120E22923290328E21860636BA5D43D
:1047A000A5D5ADF5A59495128CF28CD17C9095335E
:1047B000A5D59D94A5B595339553ADF6A5F59D94D6
:1047C0009D949533AE16B6577CB0536A5B8B5B6B8A
:1047D0005B8C63AC5B8C5B6C63AC638C534B4B2A24
:1047E0004B2A534B5B8C5B8C532B4B0A530A532A3B
:1047F000530A42C94AC942C94AE9638C6BED6BCD81
:104800005B6B63CC6BED5B6C4B0A42C87B6BCCAFD4
:10481000BC6DB42DBC6DC48DC4AECCAECCAECC8E54
:10482000CCAECCAEC48DC48DCCEFD50FCCCFD4EFF5
:10483000D510D530D510D510D4EFD510DD30DD51E1
:10484000DD30D510DD10DD10D4F0D4F0D4D0D4AFED
:10485000CCAFCCAFCCAFCCAFC44DBC4DBC0CABAB34
:10486000B3CB9B4A8AC89B2AC42EDCD1E551EDB359
:10487000EDF4EDD3FE14EDB2E551E551E551E572ED
:10488000EDB3F5F4F5F4F5D4EDB3E572E551CC8E66
:10489000B3ACA36BA34A92E89B29B3CCB3ECBC2D79
:1048A000CC8EC48ECCAFC48EC48EC46EC46EC46EA7
:1048B000BC4DBC2DB3ECABEBA3AAA38AA3ABA38ADC
:1048C0009B499B4A722640E172678B0982C89329F3
:1048D0009B4AA3CBB44DC4CFD531CCF0C4CFBC8E52
:1048E000AC2DABEDAC0DB42DB46EBC8EC4AFCD1100
:1048F000D552DD52DD93E5B3E5B3E5B3E5B3E5931A
:10490000E5B3E5B3E593DD73DD72D511CD11CCF0E0
:10491000BCAFBC8FB44EA40D9BAC9BCD830A624749
:1049200059E6496449A528E220A12902312328C279
:10493000188120A1106010401060186118A1184063
:1049400020C218A118A11861186120E21061188115
:10495000188110401041314429240800188129236E
:10496000312320C210610820104118822903290335
:10497000188120C2312420E320A220A252A8742F43
:10498000740E7C9095128D12953395129532953355
:104990009D94AE36B657B657B677AE16953284AFFD
:1049A000740D6BCD8490744F63AD7C8F63AC63AC3E
:1049B0005B8C5B6B534B4B0A4B0A5B6B63CD5BAC05
:1049C000744F7C905B8C534B534B532B4AEA63CD13
:1049D00084B17C4F744F6C0E742E742E63CD5B4B80
:1049E0005B2A5B8B63AC6BED7C6F84F1942EB3EC34
:1049F000BC6DC4CEC48EC4AECCAECC8EC4AECCAE78
:104A0000C48EC4AEC48DC48DC4AEC4AECCEFD50FBD
:104A1000D4F0CCCFD4EFD510D510D510DD10DD30CB
:104A2000DD30D4F0D4D0D4CFD4EFD4F0D4F0D4CF80
:104A3000CC8FCCAFC48EC44DBC4DBC2DB40CABAB35
:104A4000ABAB9B2A82679B4AC44FDCB0E4F1E531F3
:104A5000ED93ED93EDB3E572E531ED72E572DD11A5
:104A6000E552F5F4FE14F5D3E551E551CCAFC42D74
:104A7000B3ECA36BA36B9B2A9B09AB8BB3CCB3ECBE
:104A8000BC2DC46EC46ECC8ECC8EC46ECC8EC46E67
:104A9000BC2DBC2DB3ECABCBABABA38AA38B9B697A
:104AA0009B499B6A61C540C159C46A0572457A66D3
:104AB00082A78AE89B289B4AA3CBCCF1DD52C4CFC6
:104AC000BC6EB42DAC2DAC2DBC8FC4AFC4AFCD111A
:104AD000D552DD52DD72E5B3DD72DD72DD93DD931B
:104AE000E593E5B3DD93D552D531C4D0C4CFB44EF0
:104AF0009B8B936B8B4B72C95A0649A551C651C506
:104B000051C5392341433103188120C2312328E2A2
:104B1000188018A1104010201061188118A1106091
:104B20001881188118A118611060210318821040A3
:104B30001061106110402923316408201061312375
:104B4000290320A2106108201040188120E228E3E8
:104B5000186120A1292320E2188128E352C95B4B68
:104B6000638D5BAC84D09D94A5D58CF16BAC53095F
:104B7000740E7C6F740E7C6F84F17C906BED6C0D09
:104B80008CF2A5D5A5F59D74A5B5C6D95B8B5B8CBC
:104B90005B8C536B5B8C6BEE744F84B195128CF213
:104BA00084D16C0E4AE9534B63CD742F7C919513DD
:104BB0009533951384B1742F742E7C6F7C8F6BCDDD
:104BC00063AC6BED744E84B0849063CD6309ABCC61
:104BD000CCCEC4CEC4AEC4AEC4AEC48EBC6DCCAE5E
:104BE000CCAEC4AECCCECCCFBC4CBC6DD4EFD4EFED
:104BF000D4EFCCEFD4EFD530D510D4EFD4EFD4EF41
:104C0000D4EFD4EFD4CFCCAFD4CFCCAFCC8ECC8E2E
:104C1000CCAFC46EC44EBC4DBC4DBC2DB3ECB3EC9C
:104C2000AB8B9B2A8AA8A36BC44ED48FDCF0E531F2
:104C3000E531E531E551ED71DD31D4D0DD11D4F050
:104C4000DD31E551E551E572D4F0D4CFCC6EBC0C2A
:104C5000B3ECABABABABA36A92E9A32AB3CCB3CCB6
:104C6000B3ECCC8EC46EC46ECC8EC46EC46EC46EF7
:104C7000C46EB40CB3ECB3ECABCBA36AA38A9B6A4F
:104C800093299B6A516340E2514438E238C138E1CC
:104C9000410259A469E572267A4682A7B40DCCCFA9
:104CA000BC4EB44DBC6EB44EB44EBC8FC4D0CD100F
:104CB000D531DD72DD92DD72DD93DD72DD93DD9342
:104CC000DD72DD72DD72CD10C4D0BCAFB46E9BABB3
:104CD00083096A4751A54143394430E228A128C1DC
:104CE000310231023923310218A1188128E331231E
:104CF00018611881188110401061104018811060EF
:104D000018A1188118611881104020C218A21060E3
:104D100018610820082020E33985104010613123F4
:104D200029031881102108201061188120C120C298
:104D300018811881290320E220A118607C2EBE98DA
:104D4000AE37A5F6AE36AE57B67784F1530A5B4A56
:104D50006BCD6BCC63CC6BED744F84D19D94ADF671
:104D6000B657B637B637BE98BE989D73742F7C90F1
:104D700084D18CF28D128D1284D27C907C90742F11
:104D80005B4B4AEA4B0A534B532B5B6C5B8C63AD1A
:104D900063CD5B6B4B0A530A5B6B5B6B6BCC63CD78
:104DA0006BCD744F7C8F744F6BEE4B4B62C9BC4E16
:104DB000BC6DBC4DBC8DC48EC48EC4AEBC6DC46D08
:104DC000CCCEC4AECCAECCCEC48EC4CED4EFCCEF61
:104DD000CCEFD4EFD510D510D4F0D510CCEFCCAEAD
:104DE000CCAECCAECCAFCCAFCCAFCCAFCC8EC46E57
:104DF000C46EC44EBC2DBC2DBC4DBC2DB3ECB3EC6D
:104E0000AB8B9B2A82679B2ACC8FD4D0DCD0D4CFAB
:104E1000D4EFE551E531E551D4AFB40DC46ED4D033
:104E2000D4F0D4F0D4CFD4CFCC8EC46EC44DB40C57
:104E3000ABECABCCB3ECABAB93099B09A36BAB8BEB
:104E4000B3ECC44DC44DC46DC46EC46EC44EC44EE8
:104E5000C44DB40CB3EBABCBA38AA36A9B499B298B
:104E6000930982C748E138A11840080018813984A5
:104E70005A8931030000080030C259647225A3AB7F
:104E8000BC6EB44EB46EB46EB44EBC6EC4CFCCF037
:104E9000D531D552DD72DD72DD93DD92DD93DD9289
:104EA000DD72D552D531C4F0BCAFB46EA3EC9BAB70
:104EB000830972A862475A0651A5498431022081AC
:104EC00028A128C2312328E21881188120C2314349
:104ED000186118611881106018811020106110602D
:104EE00018A11881104018811040188118A118616C
:104EF00018610800080018A239A6188108202903A3
:104F00002923188108000800104018811881188191
:104F1000188118A2292320E220A118607C2FBEB995
:104F2000A5F6B677B657AE37A5D59573A5B5A5D571
:104F3000A5B59D948D33A5D5BEB9C6FACF1ACEFAC4
:104F4000C6FABE98AE17A5F69D937C8F9D95A5B524
:104F50009D7495338CF27C706BEE5B8C4AEA4AEA66
:104F60004B0A534B5B8C532A3A883A673A685B4B3F
:104F70005B8C530A4AC9532B63AD6BEE742E742FAE
:104F800084B18D33957395539533746F7BACB40CAA
:104F9000B40CC4AFB44DC48EC48EBC4CC46DC48DAF
:104FA000C48DCCAEC4AEC48DCCAECCEFD50FD4EF97
:104FB000D4EFCCEFD4F0D510D4F0CCEFCCEFCCCFF5
:104FC000CCCFCCAECC8EC46ECC8FCC8FCC8ECC6EF6
:104FD000C44DBC2DBC2DBC2DBC0DB40CB40CB3EC1D
:104FE000B3CBABAB92C88A87BC2ECC8FCC6FC44EF0
:104FF000BC2D82A839033924A3ADBC4EB40DCCAF6F
:10500000CCAFC46EC46DC44DC44DC42DB3ECA38BE2
:10501000A38AABCCBC2DBC2D9B4A8AA8A32AAB8B00
:10502000B3CCB3CBBC2CBC4DC44DC46DC44DBC2D56
:10503000BC0DB3ECB3CBA38AA36AA36A9B499309C3
:1050400093296A2530401800000020615A8983EEB8
:1050500083CD18A2000000200020102049237225D3
:10506000A3CBBC6EB46EB46EB42DBC6EC4AFCCF02A
:10507000CD11D531D552DD72DD72DD72D552DD72C2
:10508000DD52D531CD10C4D0BCAFAC4EAC0DAC0DA3
:10509000A3ED93AC938C8B2A728762265A064164E7
:1050A000390328C220C1312318A1188120A128E288
:1050B0001881186110810840188110201040188153
:1050C00018A1188118611060108118811881188149
:1050D000104108200800186241C61061080020C273
:1050E000290318810800080010401060188120C2B0
:1050F00018A1188128E328E2186018817C0EAE36CA
:105100009DB5A5F6A5D595539553A5D5B658BE9989
:10511000BEB9BEB8B657AE37AE37A5F5AE37BE98F6
:10512000BE98B678B637AE37AE16AE367CB17C9048
:1051300063CD534B638C63CD5B8C534B52EA4AC9AE
:1051400042C9532A530A4B0A4AEA4B0A534B63ADEE
:105150006BEE742F7CB184B184B18CD1848F63AC3D
:105160005B4B5B6C5B4B5B6C5B6C4B0B5268A38A61
:10517000BC6DBC6EBC4DC48EC4AEBC6DC48EBC6D6B
:10518000BC4DCCAECCAEC4AECCCECCCFCCCFD4EF1D
:10519000CCCFD4EFCCEFCCEFCCCFCCEFCCCFCCCFAF
:1051A000CCCFCCAECCAEC48EC48EC48EC46EC44E36
:1051B000BC2DBC4DBC2DB3ECBC0DB40CB40DBC2D42
:1051C000BC2DB3ECA36B7A268AA8B3EDB3CDA34A6A
:1051D00071E61800000000004944C490BC4EC46E43
:1051E000C46EBC2DB3EBB3ECB40BB3CBA34A8AE7CC
:1051F0009B4AB40CBC4DBC6E9B4A8AA7A34AA36BC6
:10520000ABABB3CCB3ECBC4DC44DC44EBC4DBC0D2C
:10521000BC0CB3ECB3CBABABA36A9B4A9B499308E2
:10522000932851431800282030604923730B8C0FBA
:105230003985000018413145528939C70000308155
:1052400082C8BC4DB42DB46EB44EB44EBC8FC4D025
:10525000CD11D531D551D552D572DD52D552DD7231
:10526000D531CD11C4D0C4AFBC8FB44EB46EAC2D0B
:10527000AC0DA40C9BCC936B936B934B8B2A72A8B5
:1052800051A439023903394320A11061188128A1A2
:1052900020A11060188108001041104010401881B2
:1052A00018611881188110601060188110611061F8
:1052B000104100200000188239A51061104120E241
:1052C00028E218610800082010401860186120C208
:1052D00018A11861188120C2184010407C2EB69881
:1052E000AE16B657B678B657B678B678B657B6573C
:1052F000B658BE78C6B8BE98B678B657B657BE98F8
:10530000BEB9BE99C6D9C6FAC6DAC6D9742E6C0E15
:1053100063AC534A534B534B5B4B5B4B5B4B63ADA3
:105320006C0E534B4AEA63CD84B17C917C907CB186
:10533000742F744F84D17470534B4AE9532A63CD50
:10534000742F84B184D184B184F27CB173ACA3CCCA
:10535000B42CAC0CB46DC48EBC6DBC6DC46DC48D6E
:10536000C46DCCAEC4AEC48DC48DCCAECCEFCCEF8E
:10537000CCCFD510D510CCAFCCCFCCCFCCCFCCCFE1
:10538000CCCFC4AEC4AEC46EC46EC48EBC4DBC4DD6
:10539000BC4DBC2DB3ECB3CBB40CBC0DBC2DBC2DA3
:1053A000BC2DBC0DB3ED92C86984824692A88206DA
:1053B0005923514359644903282082A9C4B0BC6EC3
:1053C000BC2DABCBA38A9B4A9B499B499B299B6ADB
:1053D000AB8BABCCABCCBC2D93098A879B49A36A22
:1053E000ABABB3ECBC0DBC2DBC2DBC2DBC2DB3CBDD
:1053F000B3CBB3CBABCBABABA36A93099308930806
:1054000082C838812800510269A461C57B2B7BAD1D
:1054100020A210002082188120E241C610621000F4
:1054200061E5ABCBABECB42DB44EBC4EBC6ECCD076
:10543000CD11D511D552D572D552D552DD72D55276
:10544000D531CD10C4CFBC8FBC6EB44EB44EAC2D94
:10545000A3ECA3EC9BAB9B8B9BAB9B8AA3CB9B8AC4
:10546000728759C44164416428C21061188128A11F
:1054700020A11860188108200820104010401060FA
:1054800010601881106010201020188118811020E1
:105490001040002000001061398418821041290258
:1054A00020C1106108000820104020A1186118A137
:1054B00010811881188120A1102018A18CB0BEF98C
:1054C000ADF6B657C6D9BEB9BE98BE98BEB9BE989D
:1054D000BEB9C6B9BEB9BE78B657BE98C6B9BEB9D0
:1054E000B678B637AE36AE37AE16B6375B6B536BA3
:1054F000534B532A536B5B6C6C0E8491742F6C0E60
:105500005BAD5B8C63AD742F7C706C0F7C907CB159
:105510007C9084D28D1295538D1284D184D17C706D
:105520007C70955395548D338D3395948D1293ECF7
:10553000B40CB42DBC8EBC8EBC6DBC4CBC4DC48DAB
:10554000C48EC4AEC4AEC4AEC48ECCAECCEFCCAFB1
:10555000CCCFD4EFD510CCEFCCAFCCAECCCFCCAF42
:10556000CCAFC48EC48EC46EBC6DBC6DBC4DBC4D86
:10557000BC2DB3ECB3EBB40CBC2DBC0DBC2DC44D99
:10558000BC0DC42EBC0DB3CCA32A7A0671C471C560
:105590007A0692E982A87246596340E2A3CDB40D1F
:1055A0009B4B932A9B4A93099B49A3AB6227518546
:1055B000932A9B4AA38BA38B8AA88AA89B099B4A00
:1055C000A36AABABB3ECBC0CBC2DBC0DBC0DBBECEF
:1055D000B3CBABABABABA38A9B6A93099AE99309B4
:1055E00061A440C059A37204824671E56A4793CD15
:1055F00039451000204008000000100008004A074C
:1056000051A49349ABECAC0DAC0DB42DBC6EC4CF22
:10561000CD11D531D552D572D572D552D531D5519E
:10562000D531CCF0BC8FBC6EB42EABECAC0CAC0C5A
:10563000ABECABECA3CCB42DB42DABCCA3CCABEC8E
:105640009B6A6A264102416439231860186128A1C7
:1056500020811861188118811061104008201060A5
:10566000188118A2104108200820188218A21020C2
:105670001040000000200820316418C208202903CF
:1056800020C21861080008201041188118A12903C0
:105690001060188118811880080018C18CF1B65765
:1056A00095539553A5D5A5B4A5D5ADF5AE16AE3693
:1056B000AE36B677AE369DB4955395539553955304
:1056C000957395539D73ADF5ADF5B6375BAC63CD72
:1056D0006BEE6C0E6BEE746F7C9084B195538D33D2
:1056E0008D129D94AE16AE16A5D5A5B5AE16AE1705
:1056F000AE17AE17A5D59D759D7495548CF26C0EA2
:105700006C0E84B1953395549554953363CE7B2AB2
:10571000BC2DB44DB40CBC4DBC4DB44CBC4DBC6D9B
:10572000C48DC48EC4AECCAEC48ECCAECCCFCCAE09
:10573000CCCFCCEFCCCFD4EFCCCFCCAFCCAFC48ED2
:10574000C4AEC48EC48EC48EBC6DBC4DBC2CBC2DEE
:10575000BC0DBC0CBC2CBC2DBC2DC46EC44EBC0DF1
:10576000C42EC42EBC2DBC2DBC2EBBEDA34A92E989
:105770009B0AA32B7A667A6682A840E161A49B8C7F
:105780008AE99309934A9B6B934A59A51000180024
:105790007226A36AA36A8AC882A7930993099B4ABF
:1057A000A36AA38AABCBB3ECBC0CBBEDB3ECB3ECFC
:1057B000ABABABABABCB9B6A9B4A9B29930882A755
:1057C00040C15162726682A79B4A8AE872267A6853
:1057D00051E5080008001820184000003165A4D2E7
:1057E00051C48287B42DABCCABECB40DBC6EC48F6E
:1057F000CD10DD72DD93D572D572D531CD10CD10BF
:10580000CD10C4AFBC8EB44EAC0DABEDAC0CAC0D3A
:10581000B42DB42DAC0DBC6EBC6EB42DAC0DAC0D66
:10582000A3AB72664122414349A520A1186128A17A
:1058300020A11040186118811040104010401061E4
:105840001061186110610820082020C21882082009
:105850001040000000000820314318C2000028C298
:1058600028E218A10820102010201040188120E301
:105870001060106118611860080029239D749D94C0
:105880007C6F6C2E6BED6C2E7CB095528D118CF173
:1058900084F184F19D73B657B678B637AE16A5D5A8
:1058A00095739D749D94A5F5BE77BE77640E7CB10B
:1058B0008D1395549D748D537CD18D33A5F5A5F62C
:1058C000AE37B678AE37A5D5AE37AE379D948D13CB
:1058D00084D27CB16C0E5BAD5B8C6C2F84B17C9000
:1058E000742F6BEE63CD5B8C532B532B4AEA5267BC
:1058F000ABECBC8EABECABEBB44DBC4DBC4DBC6D5E
:10590000C48EC46DC48DCCCECCAEC48EC4AECCAF70
:10591000CCCFCCCFC4AECCEFCCCFCCCFCCAFC4AF00
:10592000C46EC48EC46EBC4DBC4DBC2CBC2CBC2DF6
:10593000BC0DBC2DBC2DBC2DBC0DC44DBC0DBC0D77
:10594000BC2EBC0DBC0DC42EBC2EBC2EBC2EBC0E61
:10595000AB8BAB8B9349934A9B4A7A664902596455
:105960006A067246724769E64903302038825985D3
:105970007A888B088AC882878AC892E992E89B4A0B
:10598000A38BA38BABABABCBABCBB3CBB3ECABAB06
:10599000A38AABABA3AB9B4A9B4A9309930869E5E7
:1059A00040A16A0582A782A79329A3ABA3AB8AC8AB
:1059B0007A6849441820100000001061946F9C4FD1
:1059C00038A18288BC4EABCCABCCB40CBC4DC4AEC1
:1059D000CD10DD72DD93DDB3DD93D551D531CD1022
:1059E000C4D0BC8FBC6EB42DA3CCAC0DAC0DAC0D33
:1059F000B42DB40DB42DBC8FC4D0C4B0C4AFAC2D85
:105A00009BAB7AA751A43922394328C2186020A140
:105A100028C11040104110400800082010411041DA
:105A200010411041104010410820104118821041CF
:105A30001020082000000820290320E3080020A2ED
:105A400028E218A1080010200800104118811882CF
:105A50001061104018811881000039E6B677AE1643
:105A6000A5D5A5F59D949D94A5D5955384B084F1B5
:105A700084D184D09573A5B5ADF6AE16B657B637BA
:105A8000ADF6ADF6ADF6B637B657B6376C4F7C907F
:105A9000745074918D3384F284D16C2F63ED744F04
:105AA0008D1284D1742F6C0E63AD63AD63CD5B8CAE
:105AB0004B0A4B0A4B0A534B534B5B8B63AD63EE64
:105AC0005B8C532B5B8C6BEE5B8C4B0A534B4AC944
:105AD0008B4ABC6DB46DABECB44DBC4DB44DBC4DFC
:105AE000BC6DC48EC48ECCAEC48EC48ECCAFCCAFD5
:105AF000CCCFC4AEC4AECCCFCCCFC4AEC48EC48EDB
:105B0000BC4DBC6EC46EBC2DBC2DBC2DB42CB40CD5
:105B1000BC2DBC2DBC2DBC2DBC0DB3EDB3CCB3ED59
:105B2000BBEDBBECBC0DBC2EC44EBBEDBC0DBC2E06
:105B3000BC0DBC4EBC6EB40DABAB9B4A7A675143F7
:105B4000598461E559845144510348E348C259439B
:105B500061A47A668AC892E993099B2A93299B4A91
:105B6000A38BA3ABABABA38BABABABABABABAB8BFD
:105B7000A38AA38BA38B9B4A9B2993099308512249
:105B800051227A668AE893098B099B4AABCCB3ED24
:105B9000ABCCABAB9B6B7A886A0782C9938B72479D
:105BA00030408288C48EAC0CB42DAC0CBC6EC4CF1B
:105BB000CD31DD72DD93DDB3DD93DD72D531CCF017
:105BC000C4AFBC8EB42DABECA3ABABECAC0CABEC6C
:105BD000ABECABECABCCA3ABABECB42DC4AFC4AF74
:105BE000B44E8B49518338E2392330E21860186192
:105BF00028C12081104110201020104008201020C2
:105C000010411061082010400800106120A2188186
:105C1000082000000000080020E22903080020A15D
:105C200028E218A2080010400800102018A11061F6
:105C3000106110611861188100004A88BE98AE3664
:105C4000A5D5AE15B636B657A5B4ADF5BE77AE360A
:105C5000A5D59D949D94A5D5AE16ADF6B637BE9844
:105C6000BE98ADF6ADD6B616B616B6379D949D74F1
:105C7000957484F28D33957384F263CD5B6C5BAC69
:105C80005B8C534B534B63CD63CD5B8C4B0A4B0A00
:105C9000534B532B532B42C942C9536B63CD6C0EEC
:105CA000744F7C9084D18D128D1284B184B16C0EAE
:105CB0007B4BABECB42CBC4EABECAC0BBC6DB44D25
:105CC000BC4DBC6DC4AEC4AEC48EC48EC48EC48E76
:105CD000C4AFCCCFCCCFC4AECCCFC4AEBC6EC48E20
:105CE000C48EBC6DBC4DBC2DB40CB42DB40CB40C26
:105CF000BC2DBC2DBC2DBC2DBC2DBC0DB3CCB3CC50
:105D0000B3ACB3ABBBECBC2EBC0EBC0DC44EC44E8E
:105D1000C48EBC4EB3EDABABABAB934A8B0982C820
:105D200082C89B6A8AE982A869E55964594361A4DB
:105D30007A468AE89B2993099B2A9B2A9B4A9B6A5D
:105D4000A36AA38BA3ABA38BA38BA36AA38BA38B05
:105D5000A38A9B6A9B6A9B4A93299B49826648E176
:105D60006A258B08934A9B6A9B6A9B699B6A9B8BFB
:105D7000A38BABECB40CBC0DBC2DB40DABCCABCC3D
:105D80009B6BABEDB44DBC4DBC4DBC6EBC6ECCF052
:105D9000CD31DD92E5D4E5B3DD72D551D511C4AF77
:105DA000BC6EBC6EAC0CA3ABA3CBABECA3CB934A49
:105DB00082C87A867A8782A782C78AE88AE9932A84
:105DC000932982C859C538E241433923186010200D
:105DD00028C1208110201020102010410800102020
:105DE00018611861082010410820104118A21041C4
:105DF000082000000000080020C22923082028A253
:105E000020A11881080010411040100018A1106155
:105E1000102110401861188100005B4ABE988D3235
:105E2000742E744E84D084D0744E84F0B636B65638
:105E3000B657BE78BE98BE98B678BE98BE78BE7784
:105E4000B657A5D59553953295329532538B538BD2
:105E50005BAC63CD6C0E5BCD5BAC7CB17C905BAD21
:105E6000534B5BAC6C2E746F744F63CD5BAC5BAD0E
:105E70006C2F7C907C907C7084B18D33A5B595534C
:105E800084F184D18CF28D1395339D94ADD6A5B554
:105E9000844F8B6AABEBBC8DABEBB42CBC6DAC0B05
:105EA000BC6DBC8DC48EBC8DBC8DC4AEBC8EBC6EB6
:105EB000CCCFC4CFC4CFCCAFC4AEC4AFC4AEC48EFD
:105EC000BC6DBC4DBC4DB40CB3ECB40CB40DB40DF6
:105ED000B40DB40CBC2DBC0DB3ECB40DABCCABAB62
:105EE000ABABAB8BBBEDBBEDABACB3CCB3ECBC2D78
:105EF000BC6EABEBA38AB3ECABCC9B6A93098AC8AC
:105F000093299B4A9B2A9308826682678AE88AC8FB
:105F100093299B2A9B0993099B499B4A9B499B4A2E
:105F20009B4A9B6A9B6AA36AA38AA38A9B6A9B6A11
:105F30009B6A9B4A9B4A932993099B29616351223F
:105F400082C893499B8BA3CBABCCABCCA3ACA3AB0C
:105F50009B8BA38BA3ABA3CBABCCB3ECBC4EBC8EC7
:105F6000CD11C4AFBC4EC4CFBC6EBC4DC48ECCF002
:105F7000DD92EDF4EE15E5D4DD72CCEFCCD0C48F1C
:105F8000BC6EAC0CA3ABA3ABA3AB9B8B93097A66A3
:105F900069E559C559C562275A065A0662267267CD
:105FA00072265983414330C23902392218601000E9
:105FB00020A120811000104010400820080010612E
:105FC0001882186108201040082008201061106114
:105FD000080000200000080018812923082028C29A
:105FE00020A110600800104110610800188110A164
:105FF00010411061188118600000638BAE368D125D
:106000008CF1957395539D94ADD5B616B657B6578A
:10601000B658B657B657B677BE78BE98BE78B6773C
:10602000BE77BEB8BE97B677BE97BE98746F7CB089
:106030007C9074707C70744F84B18CF26C2E5BAC6D
:106040006BEE7CB084F284F27CB1747084D17C708D
:106050006C2E84D19D959DB48D3384F28D127C90ED
:10606000744F744F744F744F7C707CB184B184D181
:106070007C4F8BACB40CB44DB44DAC2CB42CAC0CEC
:10608000B44DBC6EC48EC4AEB44DBC6DBC8EBC8E63
:10609000CCCFC4CFC4CFCCCFC48ECCAEC48EC4AE14
:1060A000C46DBC4DBC4DB40CB3ECB40DB42DB3ED0C
:1060B000ABCCABABB3CBB3ECABABA36AA36BA36A78
:1060C000AB8BABCCB3EDABACABABBBEDABCCA38A8A
:1060D000ABECABCBABEBBC2DABABA36B934A932A36
:1060E000A3ABABCC8AC87A46828792E89B6B9309B4
:1060F00093099B4A9B299B2A9B4AA36A9B4A9B29FB
:106100009B2A9B4AA36AA36A9B6AA38AA36A9B4AA7
:106110009B299B4A9B499329932A82A748E069C4FB
:106120008B099B8AA3CCAC0CB42DB44DB42DB42DEB
:10613000B42DAC0CAC0CB42DB42DB42DB42DBC6E60
:10614000C4AFC4AFCCF0C4CFBC8EBC6EC4CFD551ED
:10615000E5D3F655F655E5D3D571D530CCF0BC8FE7
:10616000BC6EAC0CA3AB9B6A9B499B498A8669E5D4
:1061700061E66A88836D49C608201040104028A156
:106180004164416441232880208030C12081100077
:10619000186020A110201020082010410820106154
:1061A00020A2188210410820080010200820106149
:1061B000082000000020000010413144104120A2BE
:1061C00028A11040000010611861080018A1188172
:1061D00010401881188110200000846FC6D9A5D501
:1061E000B636BE98B657BE77BE98BE98BE98B6571C
:1061F000B657BE78B637AE16AE16AE16ADF6ADF5DE
:10620000A5F5AE16B616A5D5A5D5B63774706C2E05
:106210005B8C5BAD6BEE6C0E6C0E5B8C534B5B8CD6
:106220006C0E744F7C7084F2957484F2747084D117
:106230008512957495748D338D328D539553957465
:106240009D748D338D129533953395128CF284D1D4
:106250009D33AC6FABECB44EBC8EA3EC9B8BB42DDA
:10626000B44DB42CBC8DC4AEBC6DBC4DBC6DC48EE5
:10627000C48EC4AEC4CFCCCFC4AEC48EC48EC46EE4
:10628000BC6DBC2CB42CB3ECABCCABCCABCCABCBA3
:10629000ABCBA38AA3AB9B6A93099B2AA36BA34AAC
:1062A000A32AA36BA36BA38BB42DB3ECA36B9B6A44
:1062B000B42DABABB3CCBC0DAB8BA38BA38B9B6AC8
:1062C000A3CC9B8B932A8AA782879B2A9B4A9B2AD3
:1062D00092E89B099B4A9B299B4A9B4A9B299329AD
:1062E0009B499B499B4A9B6A9B4A9B6AA38A9B4901
:1062F0009B4A9B499B4A93099B4961C448E08AC8D1
:10630000A38BABECAC0DB40DB42DBC4EBC6EBC6E0F
:10631000BC6EBC6EBC6EBC4EBC6EBC6EC48EC4AFDC
:10632000CD11D531CCF0C4CFC4AFC4AFCCF0DD516A
:10633000E5F4F676F656E5B3D551D531CCEFC4AFDA
:10634000BC8EB40CA3AAAC0BB3CB822569836A06BE
:106350008BACBD73AD122103190439C72945000068
:106360000000084028C230E2206020401880102041
:1063700018602081102008200820102008001061DB
:1063800018811861186108200800102010401020A2
:10639000082000000020082010202924106118A1E6
:1063A00028C11040082010401861104018C2086031
:1063B0000820188118A1000010A19D53BE98A5F5D2
:1063C000B636AE36B636B657B657B637A5F59D7360
:1063D00095538D1184F18D118D118D129D739D94A6
:1063E0009D93A5B4A5D59D949D73A5B46C2F6BEE1C
:1063F00063CD6C0E744F744F744F74707C907CB08E
:1064000084F295539D749D94A5D5A5F6AE36AE370E
:10641000B657B637AE37AE17A5F69DB495538D1364
:10642000953395338D329D74BE37BE58B6189D97FF
:10643000B575D5B3A3EBAC0CB44DAC0CABECB42D33
:10644000B44DB42CB42CBC8EC48EBC8DB42CB44DC5
:10645000BC8EC48EBC8EC4AFC48EBC8DC46DBC4D0E
:10646000BC4DB42DABECABCBABCCABCBABABA3CB84
:10647000A3ABA38B9B4A93299B499B299309A34ACE
:106480009B2AA34BAB8BA38BABCCA36AABABB40D5A
:10649000B3ECAB8AB3ECBC0DA36B9B4AA36B9B6ABA
:1064A000934A93299B6A9B2A8A888AA792E8930930
:1064B00092E892E89B4A9B499B499B4993299B29D7
:1064C0009B2993299B299B4A9B4A9B4A9B49932939
:1064D00093299329930993297A6648E072059B8B47
:1064E000ABCCB42DBC6EBC6EBC6EBC6EBC8EBC8E18
:1064F000C48FC4AFC4AFC4AFC4AFC4CFCD10D53107
:10650000D551D531CCF0C4CFC4CFC4CFD511E5B36C
:10651000EE55F676F655E5D3DD72D511CCEFCCEF1E
:10652000C4AFB42DAC4DBCAE820650C17A479BCDF2
:10653000B512CDD55A680000296639C639E710A2D0
:10654000000000000800206028A1206018601020D2
:106550001820208110400820082010200800104139
:1065600018811041186108200800082010611040AF
:106570000820000000200820082031441061188104
:1065800031231040082010401040104118810000B5
:10659000104018A21881000031A4AE16BE77AE16C6
:1065A000B636B636AE16AE36B637B636ADF5A5D576
:1065B000ADF6ADF5AE16B636AE36AE36AE16A5D5E0
:1065C000A5D5AE16B657BE77BE98BE98957395748E
:1065D00095749D949D94A5D59DB59D949DB4A5F667
:1065E000AE36A5F59DB49DB49DB5A5F5ADF6A5B5A2
:1065F0008D127C907CB17CB07CB17CB1744F6C0E00
:1066000084B1A5B5B638B639A597849363D15B2E0E
:10661000AC91EDF3BC8DA3ECB44DB44DABEBAC0C35
:10662000B42CB44DB42CBC6DBC8EBC8EB44DB44DEA
:10663000BC6DBC8EBC6DBC6DBC6EBC6DBC6DBC4D10
:10664000BC4DB40CB3ECABABA3ABABCBA3ABA38B4C
:106650009B6AA3AB9B6A9B4A934A93099B2A9B4ADA
:10666000A34AAB8BABABABABA38BAB8BBC0DBC0D65
:10667000B3CBB3CBBC0CB3CC9B2AA34A9B4A9B6A3B
:106680009B4AA38B9B2992C88A878AC8930992E95F
:106690008AC892E89329930993299B4A9B4A9B298C
:1066A000932993099329932993299329930993294A
:1066B000930893098AE89329594248E18AE8A3CCD0
:1066C000B40DBC4EC48FC4AFC4AFC4AEC48EC48EB0
:1066D000C4AFC4CFCCD0CCF0D510D551DD52DD52F3
:1066E000D551D510CD10CCEFC4CFCCD0DD71E5F3B2
:1066F000F675F655EE14E5B3DD72D531CCF0CCCF9E
:10670000CD10BC6ECD10ABCC482079E6A3AD9C0D6E
:10671000B532BD7449A50800106110401040084012
:10672000002000003104208118402060182018400B
:1067300010201861104108200820102008000820AF
:1067400018821861106108200820080010401061AC
:10675000104000000000082008002923188118615B
:1067600039430820080010400820106118A20000DA
:10677000082020A22081000052C9B677AE16A5D508
:10678000B657B636AE16AE16B636B636B637B657B6
:10679000B657B657B637AE16AE16B657B657B65743
:1067A000BE77B657B637B637B636B65795749D949A
:1067B0009D94959495948D3284D184F29DD5A5D5E0
:1067C0009D949D94A5D5A5D5A5F6A5D595537CB04A
:1067D000742F744F7CB07C90742F63ED742E9533BE
:1067E0009D968D3674325B4F52ED8411AD56C5B611
:1067F000DDD3DD70CCEFAC0DAC2DAC4DAC0CAC2CC6
:10680000AC2CB42CBC4DB44DBC6EC4AEBC8EBC8E96
:10681000B42DB44DBC6DBC6DBC8EBC6DB44DB44DCF
:10682000B42CABEBABEBABABA38AA38B9B6B8B29F1
:106830008B0982E861A449236A07934BA38CA36B5D
:10684000ABACAB8BAB8BB3CBB40CC44DCCAFC44DAA
:10685000BBECBC0CC44EC44EA36B9AE99B2AA36B41
:106860009B4AABEBA38A92E88A878AA88AC88AA83F
:106870008AC892E98AE88AE893299B4A9B2A932945
:1068800092E893089308932993298B098AE993093D
:106890008AE98AE89309720540807205932AABCC95
:1068A000BC6EC48FCCAFCCCFCCCFCCCFCCCFCCCFE9
:1068B000CCF0CD10D510D531D551DD51D551D531D4
:1068C000D531D531CD10C4CFC4CFD551E5D3EE34B9
:1068D000F696F655EDD4DD92D551D530D4F0D530BD
:1068E000D551C4CFCCCFC4AFB3CC9B2A82A87AC831
:1068F000A44FCD9362680800186010400820104033
:106900000000000051C630C2100018601840184046
:1069100018201860102008200820082010210800E6
:10692000186118811882082010400800082018619A
:1069300010410000000008200820290318C2186137
:1069400031230800080010400820106118A1080039
:10695000082020A1184100007C4EBE97A5D5A5D5E2
:10696000B636B636AE36AE16B636B636AE36AE3607
:10697000AE16B636B636AE36B636B637B636B637E5
:10698000B636B657B637AE16AE15ADF595949DD55D
:106990009DB58512744F7C909573AE16B657AE16A2
:1069A000A5F6AE169DB59D949553746F5B8D5BAC4B
:1069B0007C7084D174905BAD5B6B9D74C6BBA5D9B4
:1069C0006BF2530E6BB09D35CE58E6FBDE38E61504
:1069D000EE14DD50D550BC8EAC4DAC2DB46EB46E03
:1069E000AC2DB42DBC6DB42CB44DBC6EBC8EBC4D66
:1069F000B44DBC4DBC6DB42DB42DB42DB44DB42DDF
:106A0000AC0CABEBA3ABABCBA3AB9B6A8B0982A863
:106A10006A06490240A23041302151447A689B8C79
:106A2000ABCDAB8CABACABACABACAB8BA36BA30AC1
:106A3000928892A8AB6BCC8FCC8FAB8BAB6BB3AB8C
:106A4000BC2CC46DA38A9B098AA78A878267828728
:106A50008AC892E98AC88AE9932993099B2A9309EB
:106A60008AE88AE88B0893098B098B098AE98AE806
:106A70008AE88AE88AE94902490182A89B6AABEC64
:106A8000BC6ECCAFCCD0D4F0D4F0D4F0D510D510AF
:106A9000D510D530DD31D551D531D531D531D531C0
:106AA000D531D511CCD0C4CFCCEFE5B2EE14F696EB
:106AB000FEB7F655EDF4E5B2DD51D530D531DD71D7
:106AC000DD92D531C4CFCD10D531C4AFB3EC9B2A04
:106AD0008AE99B4B82CA18201000186110401040B0
:106AE000000018A2622730C21000182010201840A1
:106AF00010201860186108200820080010410000CC
:106B000010611861188210200820084008201861C0
:106B10001061000000000000104128E320C218614D
:106B2000312310410820106108201040104000005F
:106B3000106020C2080018809511B656AE36B657C0
:106B4000AE16AE16AE16AE15AE16AE16B636B636D6
:106B5000B636B636B636B637B657B657B656B63672
:106B6000AE16B637B657B636B636B6369DB59DB400
:106B70009DB49DD59DB5AE37B657A5F69DB59DB4D0
:106B8000955384F1955384D163CD534B538C6C0E44
:106B900084F284B163CD7C90BE99B63B63F25350CE
:106BA0008473C618E6FBEEFBD617ACD3AC70E614C4
:106BB000EE13DD51D530C4AEAC0CB44DB44DB44D74
:106BC000B44DB44DBC4EBC6EB42DB46DBC6EB44D62
:106BD000B42DB42DBC4DB42DAC0DAC0DABECABEC69
:106BE000ABCBA3CBA38AA3AB9B6A93498B0982C887
:106BF000724669C47A0671C6590348C248E35123F4
:106C0000618572077A287A0771A6696561436924EC
:106C10007185796579A59AA8BC0DCCAFD4AFDCF0AD
:106C2000DCCF9B08822692E99B298AC88AA88AA77A
:106C30008AA88AE88AC88AE99329932A93499329DA
:106C40008B088B088B088AE88AE88AE98AE88AE850
:106C500082C8930969C4388072268AE9A3ABB44E0E
:106C6000BC6EC4CFCCD0CCF0D4F0D4F0D510DD3194
:106C7000DD31DD31D531DD31D531D531DD51D531A4
:106C8000CD10CCF0CCCFC4CFD510EDF3F634F696C2
:106C9000FE96F655EDD3E592DD51D550DD51DD92EE
:106CA000E5B2DD71D530CD10C48FB42DBC6DBC6E96
:106CB000B40D9B2A9B8B5A06182010201000000050
:106CC00020A16227620738E21840184010201020E7
:106CD000102018601861080010400800082000000B
:106CE0001882188118611041082010400820106196
:106CF00018810000000000000840290320C2104055
:106D00003122106108200840082010610820080086
:106D100010601881000039C5A59495528D12A5D533
:106D2000B636AE36AE16AE15A5F5A5D5A5D4A5D505
:106D3000A5D5AE16AE16ADF5AE16B657B657B637E4
:106D4000B637B637B636B636B657B6579D94A5F5AC
:106D5000A5D58D3385127CD16C0E5BAD4B2B42E9F2
:106D600042EA4B2B63EE63ED5BAD63EE640E84D1C0
:106D700084D17C90C6B9EFFF9D995B718C94D69AB3
:106D8000EF1BDE78C595B513A4519C2FE5F3FE7576
:106D9000E5D2D52FD50FC4AEAC0CB42DAC2DB46E4E
:106DA000B46EB46EBC4EB44DB44DB44DBC6EB44D67
:106DB000B42DB40CB42DAC0CABECA3CCAC2CABEC24
:106DC000A3CBA3ABA3AAA38B9B6A9B6A93499329EA
:106DD0008B088B088AC882677A0771A66986616505
:106DE000488240414882590471666965612460E4C3
:106DF00069256925796679457164B34BCC6EB36BAF
:106E00008A2658C250E269A48A6792E892E98AC841
:106E10008AA78AA782A78AC88AE88B088B098B0968
:106E200093098AE88AC78AC88AC88AE88AE882C831
:106E30008AE88287386051227A879309ABCCBC6E8E
:106E4000CCCFCCCFCCEFD4F0D4F0D510D510D531F9
:106E5000DD31DD31D531DD31DD31DD31DD31CD10FB
:106E6000CCF0CCCFCCCFCCCFDD72F635F676F67643
:106E7000F676F635E5D3E592DD72DD71DD92E593C8
:106E8000E5D3DD92D551D551CD10BC8EB40DABEC10
:106E9000B42EBC4EBC8EAC0D936B7AC972686A2757
:106EA00072886A0659A441022860184010201020F8
:106EB000102018601860080010200800082000004A
:106EC0001861188118611861080008200800106016
:106ED00010610000000000000800290328E31040B2
:106EE0003102106108200800104110810800104193
:106EF0001040208108004226B616A5B49574ADF660
:106F0000B657B637AE36B636AE16ADF5A5F5A5D53D
:106F1000A5D5ADF5ADF5AE36BE77BE98BE98BE9898
:106F2000BE78B636B636AE36B636B65795537470AA
:106F30006C2F744F6BEE4B0A42E9536C5BAD536C94
:106F400063EE7C907C918D329DB5A5D59DB59DB4A9
:106F50008CF1C679FFFF84F65351D65AEF1AD5F655
:106F6000BD34B554B513A472940FDD92FE75EDF3E4
:106F7000E5D2D52FCCEEC48EB42CAC0CB44DBC6F86
:106F8000B46EB46EB44DB44DB44DB44DBC6EBC6E65
:106F9000B44DB44DB42DB42DABECAC0CB42CABEC67
:106FA000A3CBA3AB9B8A9B6A9B8A9B8A9B8B9B6A86
:106FB00093299B6A9B6A8AA892C9824871A692AA61
:106FC000A30C696540414841610479A779A779A775
:106FD0007186718679867966712489E78A276924A2
:106FE00058A250C350C2408150C27A068AC892E863
:106FF0008B087A677A4682A782C882A88AE88AE8DC
:107000008B088AE882A78AE88AE88AE882A882A7A9
:1070100093085102384072468AC89B6AB3EDBC6E31
:10702000C4B0CCD0D4F0D510D4F0D511DD31DD31E1
:10703000DD31D531DD31DD51D511D531D511D51049
:10704000D4F0CCCFC4CED510E5D3F676FE96F67547
:10705000F655F614EDD3E592E592DD92E592E5B3AF
:10706000EDF3E5D3DD92DD51D551CD10C4AFB44D74
:10707000B40DB40DB40CBC6EC48FBC2DABCC9B8ACC
:1070800082C861C459C54963286018401020206136
:10709000184118202080102010000800082100004E
:1070A000084018611881186110200820080010405D
:1070B0001061000000000000080020C229021060DA
:1070C000290220811020080010601881080010405B
:1070D0001040102010206B6BAE16A5F5B636BE77AB
:1070E000BEB8BE77B657B636B636AE16AE15AE36A5
:1070F000B656AE36AE36A5D58D128D119532957336
:10710000A5D5B656B636AE36AE16ADF66C4F749003
:107110008D33A5F6AE17A5F6A5D59D949D949D95A6
:1071200095748D338D538D3284F29D74A5D59D5306
:10713000CEBAF7FFBEDC7413D6BBE6B8B533ACD11C
:10714000A4B2AD13A4919BEFD572FE94EE13E5D2D9
:10715000E5D2DD70CCEFC46DBC2CB40CAC0CB44EDD
:10716000B46EB44DB42DBC6EB44DAC0CB42DBC6D2E
:10717000B44DB42DB44DB42CAC0CB42DAC0CABEC64
:10718000A3ECA3CB9B6A9B8AA3ABA3CBA3ABA38AA1
:10719000A36A9B6A9B6A930992C992A98A6882280A
:1071A0009ACBB38E9AAB60C35041504168E489E8F2
:1071B000924989C87166714581A789C7798661043A
:1071C00050C358E45924510348C250C26184722606
:1071D00062066A0572457A867A878B098AE88AC8C8
:1071E0008AC88AC88AE88AE882C882A78266930821
:1071F00069C5280059847A879329A3CCB42EBC8F03
:10720000C4AFCCD0D4F0D4F0D510DD31DD31DD31D8
:10721000D510DD51DD51DD51DD51D531D510D4F022
:10722000CCEFCCAECCCFDD71EDF4F676FEB7FE96AA
:10723000F655EDF4EDB2E592E593E5B2E592E5D3CE
:10724000EDF4EDF4E5B3DD71DD51D531CD10CCF0C9
:10725000BC6EB40DABCCABCCABECAC0DABECA3AB20
:10726000934A7AA7724759A438A120401020206180
:107270002061184028C110000800080008200800FC
:1072800008001861188110410820084008200820D3
:1072900010610820000000000800188120C2106062
:1072A00020C120A11041000010601060104010416A
:1072B000082008001040846FAE1595528CF195326D
:1072C0008D328D329553A5D5A5B4A5F5B636AE163B
:1072D000AE16AE15AE15A5F595328D118D129532FF
:1072E000A5B4AE16AE36B636AE36AE168D539DB5D7
:1072F00095948D1284F284F284F29554A5F59553F9
:1073000074706C2F640E5BCD63EE63ED638CBE37DF
:10731000F7FFE7BFB69CC63ADE78ACB1A470A470A4
:10732000A4919410838DD572FE94F613EDF3E5D2FB
:10733000E5B2DD50D50FC48DBC4CB42CA3EBAC2D05
:10734000B44EAC2DB44DBC6EBC6EB42DB44DB44D2A
:10735000B44DB42DB42CAC0CAC0CAC0CB42DABECCB
:10736000A3ECA3CB9BCBA3CBA3CBA3CBA3ABA38AF5
:10737000A38BA38AA36AABCB9B0992889B0A9289B1
:1073800081E79AAABBAEB34D9A8A792568E460A3D7
:1073900060E461246925798689E88A08610448C225
:1073A00048E350E3590448C340814041384020201D
:1073B000080030C26A267A8782C78B0882C882A7F3
:1073C0008AC882C88AC88AC882C782878AA7724642
:1073D000302040C26A2682C89B4AABECBC6EC48F88
:1073E000C4B0CCD0D4F0D510DD31DD31DD31D531B4
:1073F000DD31DD51DD51DD51DD51D511D4F0CCCF82
:10740000CCAFC48ECD0FE5B2F635FEB7FED7FE96F3
:10741000F655EDF4E5B2EDD3E5D3E5B3E5D3EDF400
:10742000EE14EDF4E5D3DD72DD72DD72D551D55188
:10743000D511C4AFB44DABECA3ABA3ABA38B9B6A8C
:10744000934A82C87AC859C440E120401020208164
:107450002081182028A11020102008000800080012
:10746000082018611061104008200820080008203A
:1074700010410820000000200820106118A11860A9
:1074800020A028C210600000106110401040104180
:107490000800080031649533AE3695328D1295326E
:1074A0008D118D1295339D9495539D93A615ADF531
:1074B000A5F5ADF5A5F5AE36B677B657B677B6777E
:1074C000B656B636AE15AE15AE16AE169DB59D9433
:1074D0008D338D127C906C0E6C0E8D129D947C9071
:1074E0006C2E7470746F74907C905B6CA574FFFF4D
:1074F000D75ECF3ECF1DD658C5749C718C30947129
:107500008C3283CFCD72FEB4F613F612EDF2EDD2CB
:10751000E5B2DD50D50FC4ADBC4CBC6DAC0CA3CBFB
:10752000AC0DB44DB46EBC6EBC6DB42DAC2CB44D72
:10753000B46EB44DAC2DAC0CAC0CAC0CABECA3CB22
:10754000ABECA3CBA3CBA3CBA3CBABCBA3CBABEB72
:10755000ABCCABCBABEBB40CABCC9B2A92E99ACACD
:10756000922881C78A08BB8EAB0CA28BA2AB818606
:1075700060C35081508260C3692561044020384057
:1075800048A248A250C250C250C350C3408230816A
:107590001820204059C482A78AE88AC882A782A7F7
:1075A00082A782A782C882C8828782A782A83081E8
:1075B000284059A46A468B29A38BB42DBC6EC4AF56
:1075C000CCD0CCF0D511D531DD31D531DD31DD3147
:1075D000DD31DD51DD51D531D510CCF0CCCFC4AF8C
:1075E000C46EC4AEDD51EDF4FE76FEB7FEB7F6759F
:1075F000F635EDF4E5B3EDD3EDF3EDD3EE14EE1483
:10760000EE14EDF4EDF4E5D4DD92E592DD92DD9239
:10761000DD71D531D511C4AFBC4EB42DABECA3ABED
:10762000A3AB934A8B296A25410230A11840186107
:1076300020A1102020801840100008000820080019
:1076400008201041104110411040000000000820A7
:107650001041082000000000082010401861188127
:1076600020A128C2106100001061082010601040A5
:10767000104010004A48A5D5ADF69D73A5B4AE16CE
:10768000A5D5AE16B637A5D5A5B59DB49DB49DB408
:10769000A5D5ADF5AE36B656AE15ADF5AE36A5B43C
:1076A0009552957395538D32A5D4B637A5D5A5D5EA
:1076B000A5D5A5F6AE16AE16A5F59DD59DD59DB45E
:1076C0009DB5A5D5A5F6A5F59D94E75CFFFFFFDF69
:1076D000BE9BBF1ECF1C8BEF730B945294D473F2DE
:1076E0008C52E614FEB4F653EE12EDF2EDD2EDD26A
:1076F000E591DD2FD50FCCAEBC6DB42CB42CAC0C09
:10770000AC0DB44DB46EBC8EBC4EABECA3ECB42D42
:10771000B42DB46EAC0DA3ECAC2DAC0CA3CBA3CBB1
:10772000A3CBA3CBA3CBA3CBABECABECABECB42DFB
:10773000AC0CB3ECB40CABCCB40DB40DA36B92A9F0
:1077400092288A0881C789E88A08AAECAAECA28B49
:10775000920991E881C781A7716558E36104694581
:10776000718679C781E781E779C7694558E359642C
:107770004923492261C47A6682877A6782A782A7F1
:107780007A8782A77A6782A78286828738E220205A
:10779000410259847287934AA3CCAC2DBC6EC48F2E
:1077A000CCD0CCF0D511D531D531DD31D510DD11AE
:1077B000DD51DD31D510D4F0C4AEC46DC48EBC6EC5
:1077C000BC2DCCAFE5B3F635FE96FEB7FE97F65569
:1077D000F634EDF4EDD3E5D3EDF3EDF4EDF3EE1483
:1077E000EE35EE15EE15EE15E5D4E5B3E5B3DD9215
:1077F000DD72DD72DD52D531CD10CCD0BC8FB44EF0
:10780000B42DABEC8B097245516330C2208110203E
:1078100028A1182020601840100008000800080067
:10782000080018611881104110410820000008006C
:107830001040084000000000080010411861186066
:1078400020A120A11061082010410800104108006B
:10785000184010405B0BA5B5A5D6A5B4953384F1AF
:1078600085119D93A5D595338CF29553ADF5AE1545
:10787000AE15ADF5A5F59D739573A5F5AE16ADF5F1
:10788000A5B49DB4A5D5A5D5ADF5ADF69574A5D592
:10789000A5D5A5B5A5B5A5D5A5F59DB495749D941B
:1078A0009D949D948D537490C678FFFFFFFFFFFF5A
:1078B000CEDBBEDCD77F7BD031655AED4AAC838E00
:1078C000EE34FEB5F653F613EDF2EDF2EDD1E5D15F
:1078D000E591D52FD50FCCEEC48DBC4DB42CB40C96
:1078E000ABCCAC0CBC6EBC6EBC6EB44DAC0CABEC9B
:1078F000AC2DB44DAC2DAC0CAC0CAC0CA3CBA3ABF1
:10790000A3ABA3CBA3ABA3CBA3CBAC0CB40CB42D38
:10791000B40DB40CB3ECABECABCCAC0DB42DAB6C88
:107920008A6881C789E781A789C889C89A29B30D60
:10793000B32DBB2DB2ECA2CB92498A0992498A0899
:1079400081E89AAB8A2881E8716650C3596469E579
:1079500059A461C472257A867A667A667A667A66EE
:1079600082A77A867A66824682A73902100038E2B8
:10797000492359C57AA89B6BA3ABB42DBC6EC4AF89
:10798000CCF0CD10CCF0D510D511D531DD10D4F020
:10799000D4F0CCEFC48EBC4DB40CB3ECBC4DBC4D9C
:1079A000C46EDD51EE14F676FEB7FED7FE76F655C0
:1079B000F634EDD3E5B3EDD3EDF4EE14EDF4EE15BE
:1079C000EE15EE15EE15F635EDF4EDD4E5B3DD92DA
:1079D000DD92DD92DD72DD72D531D511CCF0C4AF10
:1079E000BC4EB42D8B297A8661E438E22881184098
:1079F00028C1100020611860080008000820082035
:107A000008001041188218411020080000000800EA
:107A10001040104000000000080010411861208153
:107A200020A118811040104008000820080008001C
:107A3000102020C273CEA5D5ADF6A5B4A5F5A5F549
:107A4000A5F5A5F5A5F5A5D5A5B5A5F5AE16A5F59C
:107A5000A5F5ADF59DB48D118D32A5F5ADF6ADF55D
:107A6000AE36AE16AE16AE16AE16ADF69DB49DB5DC
:107A70009DB5A5D5ADF69D7484F184D17C9084D15B
:107A80008D3395537C90ADF6FFFFFFFFFFFFFFFFA7
:107A9000EF9DAE19BEDDC67B73AF5A697B0BE5D295
:107AA000FED5F653F633EE13F613EDF2E5D1E5B15C
:107AB000E570D50FD4EED4EEC4AEBC4DB42CB40CEE
:107AC000ABECA3CBAC0DBC6EBC6EBC6EB44DB42D98
:107AD000B42DABECAC0DAC2DABECA3ECA3CCA3EC78
:107AE000A3CBA3ABA3ABABEBABEBAC0BB42DB42DE7
:107AF000B42DB40CB40CB3ECA3CC9BABABECB40D79
:107B0000A34B820781C781C789C7818689A7A26ADB
:107B1000B30CB30DAAECA28B9A6AA2CB9A8A8A29DB
:107B2000926A8A49716671456104510369E572463A
:107B30006A25724672667A877A677A667A667A8783
:107B40007A67722672257A664144000020A1492393
:107B500051646A267AC89B6BA3ECB42DBC8FC4AF6A
:107B6000CCF0CD10CD10D510D510D510D4F0D4CF89
:107B7000CCCFC48EABCBA38AB3ECBC2DB42DBC4D03
:107B8000D4F0EDD3F635F676FEB7FEB7FE76F634D2
:107B9000F634EDF3E5B2EDD3EDF3EE14EDF4EE14BF
:107BA000EDF4EDF4EE15F635F635F615EDF4E5D316
:107BB000E5B3DD92DD72DD72D551D531D511C4CF7B
:107BC000BC8EBC4E936A82E861E438E130A1184073
:107BD00028C21820206018600800000008401040EB
:107BE0000800082010411041080008200000000093
:107BF00010200820000000000820104110402081C3
:107C000028E1186018611881080008200800082081
:107C1000184039C58CB1A5B59D949D94A5B4A5F522
:107C2000AE16A5F5A5D5A5D5A5B5A5D5A5D5A5D53A
:107C3000A5D4A5D4ADF5AE15AE16A5F5A5D5A5D59B
:107C4000A5D5A5F5AE16AE16AE16AE16A5D5A5D51C
:107C5000A5B59DB59D948D3384D18D1295749D9459
:107C60008D3384F1C699FFFFFFFFFFFFFFFFFFFF8A
:107C7000FFFFCEDBA5F9C73D94B49BADEDF3FE54F9
:107C8000F653F633F633F612F613E5D1E5B1E59186
:107C9000DD50D50FD4EED4EFCCCEBC4CB42CB40C0C
:107CA000AC0CA3CBA3CBB44DB44EB44EBC6EB42E2F
:107CB000ABECAC0CB42DB42DAC0CA3ABA3CCABECA7
:107CC000AC0CA3CBABECAC0CB42CB42CB42CB42DBE
:107CD000B40CB44DB42CB40DB40DA3CC9BABA38B9E
:107CE000B40DB3CD928981A6796681A681C689C774
:107CF00091E89A089A4992089A299A698A0881E82B
:107D000079C76104610460E450C261A47A667A664E
:107D1000724672467A867A8772667A677A667A6679
:107D20007A6669E572064143000000003103496349
:107D300059A5724782E99B8CA3ECB44EBC8FC4AFAB
:107D4000C4CFCCF0D510D510D4F0CCD0D4CFCC8EBD
:107D5000BC2DABCCA38BB40DC48FC46FBC4DC4AFD2
:107D6000DD72F5F4F635F676FEB7FE96F655F63486
:107D7000EDF4EDD3E5B2E5B2E5B3EDF3EDF4EDF4FA
:107D8000EE14EE15F635F635F655F635F615F6150C
:107D9000EDF4E5D3E5B3DD92DD71D531D530CCF02E
:107DA000C48EBC8EA3CC93296A0538C030E218403B
:107DB00028A11840206120800800080008401041D8
:107DC000082008201020102008200840000008008B
:107DD0001020082000000000082010411040186109
:107DE0003122208110201880080008200820082057
:107DF00020804A689D539D7495539D749D7395731F
:107E0000957495539D94A5B5A5D5A5D5A5B4A5D52F
:107E1000A5D4A5D4A5F4A5D4A5D4A5D4A5D5A5D578
:107E2000A5F5A5F5ADF5A5D49DB4A5D49DB59D94B6
:107E30009D748D3384F28CF28D128D33955384D1E1
:107E400084D2D6BAFFFFFFFFFFFFFFFFFFFFFFFF58
:107E5000FFFFF7DFADF9AE3AB65BBCF2DD10EDD354
:107E6000F654F633F653F633EDD1E591E5B1E591ED
:107E7000DD50D50ED4EFD4EECCCEC46DB40CB40C22
:107E8000AC0CABECA3ABABECB44EB44DB44EB44EB7
:107E9000AC2DB42DB42DB42DABECA3EBABECAC2DD1
:107EA000AC2DA3ECABECAC0CAC0CB44DB42CB44D81
:107EB000B42CB44DBC4DBC4DBC4EB42DA3CC9B6A70
:107EC0009B8BA3ACAB8C9ACA8A488A2881A68986E8
:107ED000898689A689A689868986816679A671455B
:107EE00058C258A360E458C361847A8672867A8641
:107EF0007A6672667A66724572467AA87A677226E0
:107F000061E47A6751C60000000000003923516423
:107F100059C5726783099BACA3ECB42DBC8EC48F8A
:107F2000CCB0CCCFCCF0CCF0D4D0CCCFCC8EBC2D40
:107F3000A38B9B6AB42DCCD0CCAFCCAFC4AFD51043
:107F4000ED92F5F4F655F696FE96FE96FE75F6550C
:107F5000EE14E5D2E592E572DD72E5B3EDD4EDF411
:107F6000EDF4EDF4F615F655F635F655F655F6350D
:107F7000F614F614EDF4E5B3E593DD72DD52D53178
:107F8000CCF0C4CFB42D9B8B61E540E138E21820E2
:107F90002081206118402081102008000820104115
:107FA0000800082010401841102108200000082077
:107FB00010201020000000001020184118601860E8
:107FC00028E128E21020108110400820082010002D
:107FD00020C1634B9D949D748CF295539D74955371
:107FE0009553955395749D74957495749573957385
:107FF0009D94A5B4A5B4A5D4A5D4A5D5A5D4A5D53F
:10800000A5D5A5D5A5D49DB49DB49DB49D949573D7
:1080100095539D7495749D749D749D9495129D7453
:10802000EF7DFFFFFFFFFFFFFFFFFFFFFFFFFFFFF2
:10803000FFFFFFFFDF1C9D77B6BDB596BC4EEDB1CF
:10804000F634F634F633EE13EDF1EDD1EDB1E57023
:10805000D52FD50FD4EECCAECCCEC4AEBC4CB40C28
:10806000ABECA3CBA3AB9B8BAC0DBC6EB44EB44EB0
:10807000B44EB44EB44EAC0DABECABECABECAC0DC3
:10808000AC0CAC0CB40CB40CAC0CB42CB44DBC6D3E
:10809000BC4DB42DB42DBC4DBC4DBC6EB40DABCCA1
:1080A0009B6A8AE9930A9B6CA36C92C98A2889E728
:1080B00089C781A6794581258146712571457166FB
:1080C00061046124592461A572467A867A877A66AA
:1080D0007A667A6772667A867A667A66726661A46A
:1080E00049236A88290400000000000041235985C3
:1080F00061E6726783099BACAC0DB44DBC6EBC6F7E
:10810000C48FC4CFC4CFCCCFCCCFC48EBC4DABECCE
:108110009B6AABCCC48FCCCFCCF0CCF0CCF0DD5193
:10812000EDB2F614F676FE96FE96FE76F676FE76BE
:10813000EE14E5B3E572DD51DD31DD31E572E5D3F5
:10814000EDF4EDF4F614F635F635FE76F655F65503
:10815000F635F614F615EDF4EDD4EDD4DD92DD52DE
:10816000D531CCF0BC6EA3CB61E449224143184029
:108170001840208118201840182008000800082006
:108180000820080010401861102108200000080095
:108190001020102008000000102010201060208106
:1081A00028C128E210201040104010400800102084
:1081B00041A5740E955395538CF295539D749D74FF
:1081C0009D749D7495749574957495749D749D9427
:1081D0009DB4A5D4A5D4A5D4A5D4A5D5A5F5A5F5BC
:1081E000A5F5A5D5A5F5A5F5A5F5A5F59DB59DB470
:1081F0009D949D749D749D949D7495339DB5F7FFDA
:10820000FFFFFFFFFFFFFFFFFFFFFFFFFFFFFFFF7E
:10821000FFFFFFFFFFFFBE599598BE9CAD13D4CF63
:10822000EDF2F613F612F613EE12E5B1E591E55014
:10823000D50FD50ECCCECCAECCAECCCEC48DB40C3E
:10824000ABCBA3ABA3CB9B8BA3ABB44EB44EB44E82
:10825000B44EB42DB42EAC0DA3ECA3CCA3ECAC0D5A
:10826000ABECAC2DB42DBC4DB40CB42DBC6DBC4DE1
:10827000BC6EBC6EBC4DBC4DBC4DBC4EBC4DB40DBB
:10828000ABEC9B6B8AE982A882887A6882A9828992
:1082900092C992898A0881C6798679C77A077A074E
:1082A0007A0771E661C56A2672667AA782C87A87FC
:1082B0007A8672667266726672456A265963498466
:1082C0007B6D52690000000000000000416459C548
:1082D000620672678B2A9B8CAC0CB44DBC6EC48F4B
:1082E000C48FC4AFC4AFCCAFC48FBC4DB40CABCC47
:1082F0009B6AB40DC4AFCCF0D510C4CFD4F0DD71FF
:10830000ED92F614FE96FEB7FEB7FEB7F697FE7630
:10831000F614EDB3DD71D510D510D510D510E59359
:10832000EDD4F614F634F614F655FE56F655F65519
:10833000F635F635F635EE15EE15EDF4DD93DD7216
:10834000D552CCF0BC6EABEC6A05518351A41840F9
:108350001040188118401820102010200800082014
:1083600010200800102018811020080000000800CC
:108370001040102008200820082008001040188114
:1083800028E131021020080008001020080020A178
:108390005AEA84B084B19D749D748D1295539D7476
:1083A0009D749D949D949D949D949DB49DB49DB405
:1083B000A5D4A5D5A5D4A5D4A5D4A5D5A5D4A5D5F2
:1083C000A5D4A5D4A5D49DB49DB4A5B49D949D94E5
:1083D0009D949D73A59495738D32AE59C71DE77E0C
:1083E000FFFFFFFFFFFFFFFFFFFFFFFFFFFFFFFF9D
:1083F000FFFFFFFFFFFFF7BFADB79DDAB63BB4B19C
:10840000DD0FEDD1EE12EDF2F612E591E570DD50E3
:10841000D50FCCEECCCECCCECCAECCCEC4AEBC4CFC
:10842000ABCBABCBABCBA3AB9B6AA3ABB44EB44E45
:10843000B44EB44EABECA3ECA40CA3ECAC0DAC0C62
:10844000AC0CAC0DAC0DBC6DBC4DBC4DBC4DB42DDD
:10845000BC8EBC8EBC6DBC6DBC2DBC4DBC4EB3EC9B
:10846000ABECABCC9B6A9309828772476A26724752
:10847000724772477A677A477207722772277A675C
:108480007A6772266A2572467A8682A77AA77A87E1
:108490007AA7724672266A2561E5516451C68C52EC
:1084A0008CB45AEC0000000000000000416461E65A
:1084B0006A277AA8832A9BACA3EDAC2DBC4EBC6E78
:1084C000C48FC4AFC48FC46FB44EB42DB42DABCC25
:1084D0009B6AB40DC4AFCCF0CCF0C4AFCCD0DD718E
:1084E000EDD3F635FE97FEB7FED7FED7F697F635F5
:1084F000EDF3EDD3E5B3DD71DD51D4F0D4F0DD3132
:10850000E572EDD3F614F635FE55F635F655F6352B
:10851000F635F635F635F615EDF4E5B3E5B3E5B326
:10852000DD72CCF0BC8FABCC722559A359C5184075
:10853000102020A120811820100008000800104001
:1085400008200800102020611020080008200000EA
:1085500010200800102008200800080008201861DA
:1085600028C130E2102008000820102018202923FC
:108570006BAC95538D129D94957384D195549DB495
:108580009D949D949D749D749D749D949D949DB4A3
:10859000A5B4A5D4A5D4A5D4A5D4A5D5A5D49DB45A
:1085A0009D949D949DB49DB49DB49DB495739D740C
:1085B0009D949D948D129553B679CF1EB69CAE199D
:1085C000E75DFFFFFFFFFFFFFFFFFFFFFFFFFFFF75
:1085D000FFFFFFFFFFFFFFFFF7BE9536A61BB5D9D4
:1085E000B44FDD0FEDD2EDF2EDB1E591DD50DD5090
:1085F000DD2FCCCECCAECCCECCADCCADCCCEC48DE4
:10860000B40BA38AA3ABA3CB9B8B8B29A3CCB46E57
:10861000B46EB44EAC0DA3ECA3ECA3ECA40CAC0D67
:10862000AC0DAC0CAC2CB44DBC6EBC6EBC6EBC6E58
:10863000BC6DBC6DBC6DB44DBC4DB42DABECB40D7C
:10864000B40DABCCA38B9B6A93098AC982877AA8A5
:10865000724759C559C561E56205620669E66A0651
:108660006A05726682A77A877A867A877A667A67D7
:1086700072666A256A266A05494349858430B5DAF7
:108680007BF24A290000000000000000414462061D
:108690006A277AA98B2A9BACA3CCAC0DBC6EBC6EAE
:1086A000BC8FBC8EBC4EBC4EB42DB42DB44DABEDC6
:1086B0009B6AA3CCB42DABEDC48FC48FBC8ED531D7
:1086C000EDD3F634F676F696FE96FEB7F676EDF432
:1086D000EDD3EE14EE14E5B3E592DD11D4D0D4F071
:1086E000DD51E5B2EDF4F614F635F654F635F6350F
:1086F000F635F635F635F635EDF4E5B3E5B3DD934D
:10870000D552CCF0BC6EABCC7246516359C42040FC
:10871000184028A128A110201020080008000820D7
:108720000820080010201840104100000000000040
:1087300010201020080008200800102008001861F0
:1087400028C131021841080010201020206129643E
:10875000740E955395329DB495539533A5B59D747C
:108760009D739D739D949D949D949D949D949D94C3
:108770009D949D949D949DB4A5B4A5D5A5B49DB498
:108780009D939DB49DB4A5B49DB49DB4955295732D
:10879000957395738CD1B679E7BFAE1AA63AA63A0F
:1087A000AE19FFFFFFFFFFFFFFFFFFFFFFFFFFFF10
:1087B000FFFFFFFFFFFFFFFFFFFFDF1C9557A63CFA
:1087C000AD77BC8FDD4FEDB1E591DD50DD2FE5508C
:1087D000DD2FD4EEC4ADCCADCCADCCADCCCEC48D04
:1087E000BC6DABCB9B6AA38AA3AB9B6A8B09AC0C19
:1087F000BC8EB42DB42DAC0DA3CCA3CBA3ECAC0D8F
:10880000AC2DAC2DB46EB44DB42DBC6EBC8EBC6E14
:10881000B44DBC4DBC6EBC6DBC6DBC4DAC0CB40D50
:10882000B40DABABA38B9B8B9B4A9B099329934ABB
:10883000932A82C882A882A882A87A877A677A87D0
:1088400082C78AE88AE882E87A877A877A877246D6
:108850006A466A4661C459A5628A62CB841094B4A0
:108860009CD53166000000000800000039646A47AA
:108870006A2772A88B4A9BAC9BCCAC0CB42DB44E2F
:10888000BC6EB44EAC0DB40DB42DB42DB44DB42D9E
:10889000ABCCA36BABCC722661A4ABEDC48ED51070
:1088A000E5B2EDF3EE14EE34EE14EE34EE14EE1306
:1088B000EE13EE14EE14EE14EDD3E552D4D0C4AFA3
:1088C000D4F0E572EDD3F614F614F634F655F6341A
:1088D000F655F655F655F635EE15E5D3E5B3DD72EA
:1088E000D531CD11C48FABEC82A8516359C530C1CD
:1088F0001820206028C21820102008000800082036
:10890000102008001020184010410800000000004E
:1089100010200800082010401020082008201840CF
:1089200028A13102208108000800186020A14A888F
:108930009511A5949553A5B4957395739D949D73C6
:108940009D7395739D949D949D949D949D949D94E9
:108950009D949D949D949D949DB49DB4A5D5A5D5BD
:10896000A5D4A5D5A5B49DB49DB49DB49D739D74A7
:108970009D748D12AE17C6FDCEFCC6BC9DF9AE5AD5
:108980009DF9BE7AFFFFFFFFFFFFFFFFFFFFFFFF25
:10899000FFFFFFFFFFFFFFFFFFFFFFFFCEBB85785D
:1089A000A63DAD15CC8EDD2FDD90E570DD4FDD50A1
:1089B000DD0FD4EECCAEC48DC48DC48DCCADC48DD2
:1089C000BC6CBC2CA38A9B299B8AA3AB934A8B29A2
:1089D000AC0DB44DB42DB42DAC0C9BCB9BABA3EC28
:1089E000A3EDAC2DB44EAC4DB44DB44DBC6EBC6ECD
:1089F000B44DBC4EBC6EBC4DB42CB42DB44DABECE0
:108A0000ABCCABCCA3ABABABA36B9B4A9B4A934A1F
:108A10009329930993098AE8930982E882C88AC74F
:108A20008AE88AE882E882E87AA77A876A256A462D
:108A30006A4661C451847B6EB5776B0D7B6E7BCFCC
:108A400084312925000000000800000031246A68F4
:108A50006A477AC98B2A938BA3ECAC0DABEDAC0DB6
:108A6000AC0CAC0CAC0DAC0DB42DB42DB42DB44E7F
:108A7000B40DABAB92E9828861648287C48FCCF07D
:108A8000DD51E592E5B3E5B3E5B3DD72DD92E5B224
:108A9000E5F3EDF3EDF3EE14EDF4ED93D4F0BC6EED
:108AA000C48EDD31EDB2F5F3F614F634F634F63457
:108AB000FE55FE55F635F615EDF4EDF4E5B3DD7231
:108AC000D531CCF0C4AFABEC932959A459C430C113
:108AD0001841206028A118401020102008001041E3
:108AE000104108000800186110400820082000000C
:108AF00010200800104118400820102010201020DD
:108B00002080310218610800080020A129226BADE5
:108B100084B07C8F744F7C6F84B095329D949D940B
:108B20009D949D939D949D949D939D939D939D93C2
:108B30009DB4A5D5A5D5A5D59DB59D949DB49DB451
:108B4000A5D4A5D59DB49DB49DB49DB49D949533F5
:108B500084F2A5D6CF1DB69BA619C71DBE9BA5F94D
:108B6000A61A9598C69BFFFFFFFFFFFFFFFFFFFFC1
:108B7000FFFFFFFFFFFFFFFFFFFFFFFFFFFFBE7ACB
:108B80008557A61BACD3BC4DD50EDD70DD90DD3016
:108B9000DD0FD4EECCAEC48DC46CC48DCCADC4ADF1
:108BA000BC6CBC4CB3EBA3499B299B8B9B8B8B2947
:108BB0008B09AC0CB44EAC0DABEDA3EC9BCC9BACD9
:108BC0009BACA3EDA40DAC2EAC4DAC4DB44DB44D4F
:108BD000B44DBC4DB42DABECB40CABEDABCCABECAD
:108BE000ABABABABABECABACA36BA36AA36A9B4ADE
:108BF0009329934A93298AE892E98AE88AE88B09BB
:108C00008AE893298B087A877AA76A466205726791
:108C100059A44963A4B3AD989D157B6E62CB83EFD5
:108C2000736E28E3000000001882082020C27289B9
:108C30006A487AA98309938BA3CDA3ECABCCABECA8
:108C4000ABCCA3CCA3ECAC0CAC2DB42DB44DB40D7B
:108C5000B40DABCC9B298AC992EA7A67ABECCCF015
:108C6000D511D531DD52DD31D531D531D511D551C3
:108C7000E5D3EE13E5D2E5B3E5B3E552D4F0BC2D70
:108C8000B42DD510E571E5B2F5F3EE14F614F655F2
:108C9000F655F635F635F634EDF4EDF4E5B3DD7260
:108CA000D531C4AFBC8FB40D9B8B59C451834143A4
:108CB0001841184028A11840102010410800080051
:108CC000102008000800184018610800082008005B
:108CD00010200820102018401020082008201841DB
:108CE000206028C118611020182020A14206953369
:108CF0008D118CD18D127C6F848F8D12955395734D
:108D0000957395739D739D939D939D939D949DB431
:108D100095738D128D128D3295539DB49D949D94B3
:108D20009D9495749D749D74955395528D128D33B9
:108D3000B659C6FCB65AA5D8A6199DF9C6FDB65AAD
:108D4000A5F8A6199557D6DCFFFFFFFFFFFFFFFF31
:108D5000FFFFFFFFFFFFFFFFFFFFFFFFFFFFFFFF23
:108D6000BE398578A5FBA4D3C48EDCEEDD70DD5062
:108D7000D50FCCCEC48DC48DC46CC46CC48DC48DD1
:108D8000C48DBC6DB42CABEB9B4993299B4A9B6A69
:108D90008B088B09AC0DAC4EAC2EAC0EA3ED9BAC8E
:108DA000936BA3CDA40DA40DAC4DAC2DAC2DB42C68
:108DB000AC0CB42DAC0DAC0DABECABCCA38BABECD5
:108DC000A3ACA38BABACA38B9B4A9B6AA38B9B6A84
:108DD0009329934A932993098B098AE88B0893096D
:108DE0008B088B0882C87AA77AA77267726659C304
:108DF0005A279493AD76AD779CD47BD15ACB83CF51
:108E0000732C28E3000000001882104110206A68CB
:108E10006A687AA8832A936B9BACA3CCA3ECA3CCFF
:108E2000A3ABA3CCA3CBA3CCABEDAC0DB42DAC0DBD
:108E3000B40DB3ECABAB9B4B932A93099B6AC48FE5
:108E4000CCB0CCB0CCD0CCD0CCF0CCF0C4D0B42E04
:108E5000936B9B8BC4D0D571D530DD10D4F0B3EDBE
:108E6000ABECCCD0DD51E591EDB2EE13EE14F6147F
:108E7000F635F614F614F614EDD3EDD3E5B3DD7242
:108E8000D531C4AFBC6FB40DA38B61E451A4496468
:108E90001841100028E2206110001040100000006E
:108EA0000820080008001841206110200820000058
:108EB0000800082010201040102008200800186129
:108EC000188028A018600820184028E15AE99573F6
:108ED00095539573ADF595528D3295539573955382
:108EE00095529552955295539573957395739D939D
:108EF00095327CB07C90744F7CB09D949D949D94F1
:108F00009D949D749D749D949D949D949DB6CF3D1C
:108F1000E7FFBEDC9DB89D9895B79597A5D8C6DCB0
:108F2000AE5A9DD99DB99536D71DFFFFFFFFFFFFB4
:108F3000FFFFFFFFFFFFFFFFFFFFFFFFFFFFFFFF41
:108F4000FFFFBE7A8558A5FBAD13CCAEDCEFDD503C
:108F5000D52FCCCEC46CBC6CC46CBC6CC46DC46D61
:108F6000C46DC48DBC4CBC4CABEB932993099B499D
:108F7000934982C78B08AC2DB46EA40D9BCC9BACDF
:108F8000936B938BA3EDAC2EB44EAC2DAC2DAC0DEE
:108F9000AC0CAC0DABECABECABECABCCABCCABEC16
:108FA000ABACA38BABABA38BA34AA34A9B4A9B4A14
:108FB0009329930993099309930993098B098AE8E3
:108FC0008AE982C87AA77AC872A7726659C449A684
:108FD0009C93C65B8CB49CF5A5368432630C62CB43
:108FE000730C41A60000000008411041000059E642
:108FF00072A87AA88309936B938B9BABA3ABA3ABAB
:10900000A3CBA3CCA3AC9BABA3CCABECAC0DB42D4E
:10901000B40DABEDB3EDABCCA38BA38C9B6BABCC06
:10902000BC4EBC4EBC8FCCD0C4CFB40D82A748E29E
:10903000302038407226C48ED4EFD4CFC44EA38BD8
:10904000B42EC4AFDD10E571E592EDF3F614EDF446
:10905000F614F614F614EDD3EDB3EDB3E593DD722B
:10906000D511C4AFBC6EAC0DA3AB7267492238E218
:1090700018411020310228C21000102010200000DA
:10908000102108200800184118601840080000004E
:109090000820102010201040102008001020184038
:1090A000184028C120811000100041E594F184D1BE
:1090B000744F84B095338CD19552955295739D73AE
:1090C0009D739573957395539553955395539553F8
:1090D00095739D949D949D749D74957495749D74E1
:1090E0009D94957395749D7495739573D77EDF9F4A
:1090F000C6FDAE5A959795779576959795979DB8B5
:10910000BEBCAE3A9D979DB89577DF1DFFFFFFFF70
:10911000FFFFFFFFFFFFFFFFFFFFFFFFFFFFFFFF5F
:10912000FFFFFFFFB63974F695B9B555C4D0D48D9D
:10913000D4EFCCEFCCADC46DBC4CBC4CC46DC48D75
:10914000C46DBC6CBC4CBC4CBC4CABAB9309930821
:109150009349932982A78B08A3ECAC4EA3ED9BAC5B
:109160009BAC938B938CAC2EAC4EA3EDAC2DAC0C86
:10917000A40CAC0CABECAC0CAC0DABECA3ABA3AB4C
:10918000ABCCA3ABA36B9B6A9B4A9B4A9B099B2AD4
:109190009B4A93098AE88AE88AE98AE88AC88AC8E1
:1091A0008AE87AA77A8782E872864983624994724C
:1091B0008C73A535AD568452A535947362EC5A8AEA
:1091C0007B4D524900000000080010410000396446
:1091D0007AC97288830A934B9B8B9BCCA3AB9B8BE6
:1091E000A3AB9BAB936B936BA3CBABEDABECB40D91
:1091F000B44EB42EB40DB40CB40CABEDABACA38B2D
:10920000A3CCB42DBC6EBC6EA3CB93298AC87A467E
:109210008287828782A7B3ECCC8FBC4EA36BA3CC92
:10922000C48FC4AFCCD0DD31E592E593EDF3F614F5
:10923000EDF4EDF4F614EDD3EDB3E592DD52D55136
:10924000CCF0C4AFBC8EAC0D9B8B7A6740E1414340
:109250002081102028E231021000080010200800B0
:10926000082008200800184020611840082000004D
:109270001040104110201020102008001020104134
:10928000102028A131021840102052889D748CF1C2
:109290007C6F8CF18D128CB09D5295529532955306
:1092A00095539D5395739573957395539553955316
:1092B000955395539553955395539553955395536E
:1092C00095739573955395538D329553D75EC6DD3F
:1092D000BEBCB69BAE3A9DB8A5F9A6199DD89DB760
:1092E0009DB7BE9BADF995579D989D77DF3CFFFFDD
:1092F000FFFFFFFFFFFFFFFFFFFFFFFFFFFFFFFF7E
:10930000FFFFFFFFFFFFB6396C948D18AD56BC6FA1
:10931000C44DCCAEC4AEC46DBC2CBC0CBC2CBC6D5E
:10932000C48EBC6DBC4DBC4DBC2CBC2CABCB9329AE
:109330008AC893098B0982A782A79BABAC2EA3CCCA
:109340009B8B9BAC8B6B8B4BA40DAC2EAC2EABEDE7
:10935000A3ECA3ABA3CBA3CCA3ECA3AC9B8B9B8B29
:10936000A3ABA38B9B4A9B2A9B4A9B6A9B2A9B2A63
:109370009B2A93298AE98AC88AE88AC882C78AC848
:1093800082A772667A8782C7518462ABAD77A55691
:1093900084118C31AD5694B38C5294B3738E62ECBD
:1093A0006AEC734D1082000000001061000020A2E2
:1093B00072A97AA9830A8B4A938BA3CCA3AB9B8B0C
:1093C0009B8B934A932A932A9B8BAC0DAC0DB40DC7
:1093D000BC4EBC4EB42EB42EBC4EBC6EBC6EB40D96
:1093E000A3CCABCCABCCA3AB9B6AA38BABECABEC71
:1093F000ABCCA36AA38BABACAB8B9B4AA38BBC6EF1
:10940000C4AFC4AFCCD0D531E572E572EDB3EDF4A5
:10941000EDD3E5D3EDF3EDD3E5B3DD72DD52D53118
:10942000CCF0C4AFBC8EAC0C9B6A82C85163414384
:1094300028A1182028C2310210200800104108205D
:10944000080008200820104018401861082000007B
:10945000082010411020102010200800102010407B
:10946000102020803923208018605AEA8D128CF158
:1094700084D08CD084D095119D739573957395533A
:109480009553955395539553955295739D949D94EB
:109490009D949573957395539553955395539573E3
:1094A000955395539573957395539573AE19B67BF4
:1094B000BE9BBEBCBE9BB67BB69BB67BAE5AA61906
:1094C0009D779D97BE9BA5F995778D368D36E75D87
:1094D000FFFFFFFFFFFFFFFFFFFFFFFFFFDFFFFFBC
:1094E000FFFFFFFFFFFFFFFFC69A6C5485389D9872
:1094F000AC90BC0CC44CBC4CB42CB40CB40CBC4DE7
:10950000BC6DC46DBC4DB40CBC4CBC2CB42CA3CBFA
:109510008AE87A8682C782A77A877A878B09AC0D18
:10952000AC0DA3ED93AC830A82E99BEDAC2E9BAC12
:109530008B2A8B4A936B938B9B8B9B8C936B936B3C
:109540009B6B934A934A9B4A9B4A9B4A93299B2A2B
:1095500093298AE88AE88B098AE882A882C88287E8
:109560007A667AA77AC762256ACBAD57AD77A5151B
:109570008C527BD09493A5357BF08C927BAF5A8B29
:1095800062EC83CF3966000000001021000000006B
:109590006A487AEA830A8B4A938BA3AB9B8B9B8B9B
:1095A0009B8B8B086A057AA89BABA3ABB40DB42D3B
:1095B000B42DBC4EBC4EC46EC48FCCF0CCF0C48F66
:1095C000B40DABCCB3EDB40DB40DB40DB40DABEC28
:1095D000ABACA38BA38BAB6BA34AA3ABBC4EC4AF0A
:1095E000C4AFCCD0D4F0D531DD72E572E572E5B30D
:1095F000E5B3E5B3E5B3E592DD72DD52D531D531A2
:10960000CCF0C4AFB46EABEC936A82E959A43902D2
:1096100028811840208128C11840102010400820BF
:109620000800104108201020104018610820000098
:1096300008201020102010201020080010201020DA
:109640001020208030E2288039437C0E84B1849041
:109650008CF184B084B0955295739553955395537E
:10966000955395739573957395738D117CAF84F1B4
:109670008D118D118D3295539573957395739573E7
:1096800095739553957295739D739D7384F58D565F
:109690009D97A5D8AE1AB67BB67BB67BB69BB65A5D
:1096A000A5D88D369516AE3A9D9784D595579D973A
:1096B000CEBBFFDFFFFFFFFFFFFFFFFFFFFFFFFF4F
:1096C000FFFFFFFFFFFFFFFFFFFFCEDB749474D7A8
:1096D00095999CD3AC2EB3EBB3EBABEBB3EBB40CE3
:1096E000BC2CBC2CBC6DBC2CBC2CB42CABEBB3EB9D
:1096F000ABCB8AE87A667A867A8772666A057A8759
:10970000A3CCA40DA3ED93AC830A8309938C93ACF3
:10971000834B832A8B4B936C8B4B8B2A8309936BE4
:10972000936B8B2A934A8B2A932A8B098AE9932974
:109730008AE982E88AE98B0982E882C87A877A878F
:10974000726682C87AA8394483D1AD7794939CD449
:109750008C72738E83F19CD494B38411736E5ACB44
:1097600062EC734E5229000000000800082000003F
:1097700049A58B4A7AE98B2A9BABA3CBA3CB9B8BC6
:10978000934A7AA7514359849B6BA3ABAC0CB40D9D
:10979000B42DBC4EBC2DBC6EC4CFCD11CD11BC8F31
:1097A000BC4EBC4EBC4EC48FCCB0C48FBC0DB40DEF
:1097B000B40DB40DB42DB40DBC0DBC4EC48FC48F0C
:1097C000C4AFCCF0CD10D531DD52DD72DD72DD726B
:1097D000DD72DD72E592DD72DD52D532CD11CD1133
:1097E000C4D0BC8FAC2DA3CC934A83096A054943EE
:1097F00030A12081186118602080186010200800B6
:1098000008001040102010201861184008200000A7
:1098100018620820102010201020080010201020AE
:1098200008201860288020405AA884B08CB0742E7C
:109830008CD08CD195328CF18D129D7395739D7364
:109840009D73957395529553957384D06C2D6C0DC3
:109850006C0D6C0C6C2D7C8F8D329D939D9395734C
:1098600095739D73957395539573957364116C32CD
:109870007493851595979DD8A619AE19B63ABE5B17
:10988000AE3A9D978D1584D4AE19ADD884D56C535E
:109890007C72EF5DFFFFFFFFFFFFFFFFFFFFFFDFBA
:1098A000FFFFFFFFFFFFFFFFFFFFFFFFEF7D95566D
:1098B0006C7595799D169C0EA3AAA369ABCAABEBF8
:1098C000B40BB42CB42CBC6DBC4DB40CABCBABCB3B
:1098D000ABCBA3AB9309722572257A877A666205B2
:1098E00062057AA89BACAC2E9BCD8B4A7AE9834B60
:1098F000834C8B6C93AD8B6C8B6C832B7AC9830AF6
:109900008B2A8B2A8B2A82E982E98B0A82E982E9F7
:109910008AE982E982C87AA87A877AA77A666A266B
:109920007AC97AC941850842632DA5369CF48C52C8
:10993000945273AF7BD0841194927BD06B4E630DA5
:1099400062EC6B0D5ACB000000000000002000000C
:1099500018A27AE982E98B0A938BA3CCA3CCA3ABA0
:10996000936A82A78288618569E6A38CA3CBABED5D
:10997000BC4EBC4EBC6EC48FCCF0D511CCD0C48FC5
:10998000BC4EBC4EC48FCCCFCCAFCCAFC4AFCCAFF1
:10999000CCB0CCB0C48FCCAFCCAFCCAFCCAFCCAF15
:1099A000CCD0CCF0CD10D531D531DD72DD92DD7269
:1099B000DD72DD52DD52DD52DD52D531CD10C4F005
:1099C000BCAFB46EA3EC9BAB8B2A82E96A464943D9
:1099D00030A120602081184020601840102008002D
:1099E00000001020104108201020186110200000F5
:1099F00010411841184008000800082010200820D5
:109A000008001840288028C273EE8D118490744E8F
:109A100084D07C6F7C8F7C7084F28D118CD18D1101
:109A200095328D3295529532953295529573953285
:109A300095328D318D318D11955295729D7395733F
:109A4000955395739D739573955395536C1163D18D
:109A500063F16C737CD4851595779DD8AE19B63AB1
:109A6000B65BAE1A957784D58D15AE197C9394D4D8
:109A7000E75DFFFFFFFFFFFFFFFFFFFFFFFFFFFFB0
:109A8000FFFFFFFFFFFFFFFFFFFFFFFFFFFFFFFFE6
:109A9000B639643374B69D789CB49BEC9B28A3893B
:109AA000ABCBABEBB42CB42CBC4CBC2CB40BABCAC6
:109AB000A38AA38AA38B8B0972256A257A6672868C
:109AC0006A2561A461C57287938BA3CD9BAC8B2B58
:109AD0007AEA7B0B832B8BAD93AD8B4B832B830B64
:109AE000830B82EA830A830A830A8B2A82E97AC873
:109AF0007AC87AC97AC97A8872677247726782EAC5
:109B000072A928E3082110846B4DA5149CD48C52B3
:109B1000843173AF738E83F084117BF0736E6B2D81
:109B20005AAB6AEC62EC000000000000002000006C
:109B300000005A078B2A8B2A936BA3CCA3ECA3AB10
:109B40009B8B932993097A6759047A079B2AA3ABC5
:109B5000B42DBC4EC48FC4AFCCF0D4F1CCD0C4AFC4
:109B6000BC4EBC4ECCB0CCD0CCD0CCD0CCF0CCF019
:109B7000CCF0CCD0D4D0D4F0D511DD11D4F0D4F0C9
:109B8000D4F0CD10CD10CCF0D531D531D531DD723A
:109B9000DD52D551D531D531D531CD10CCF0C4D031
:109BA000BC6EB44DA3CC9BAC8B4A82E96A46496338
:109BB00030C2208018401840208110200820080062
:109BC0000000104010400800102018411040000014
:109BD00008201840184008000800102010401020ED
:109BE0000800102028A1D679C6B96BEE6C0E7C6FE8
:109BF00084907C8F84D08CF295538D1284F18CF1FB
:109C00008D128D118CF18CF18CF284F18D119532C5
:109C10009553957395739593957395739572957305
:109C2000955395529553955295528D327CB47473D9
:109C30006C126C336C3274937CD48D159576A5F9C7
:109C4000ADF9ADF8B639ADD88CF49D56DEFCFFFF0A
:109C5000FFFFFFFFFFFFFFFFFFFFFFFFFFDFFFFF34
:109C6000FFFFFFDFFFFFFFFFFFFFFFFFFFFFFFFF24
:109C7000FFFFD6FB84D46C3485389D37A471936A7A
:109C80009308A389ABEBB3ECABEBB42BB40BB40BE5
:109C9000ABEA9B8993499B6A9349726661C36A05E3
:109CA0007225722561C4596359A472678B0A938B1C
:109CB0009BAC8B4B7AEA7B0A7B0A7B0B832B8B8CCE
:109CC0008B6C8B4B832B830B830A7AE97AE97AA816
:109CD0007AA882E97AC872877AA882EA7AC9620683
:109CE0002041000010C320E56B4DA4F49CB4949374
:109CF00094727BAF6B4D83F07BD073AF738F62CC6C
:109D000062AB630C62CC188200000000000000000F
:109D100000003924934B8B0A936BA3CBA3CCA3CC29
:109D20009BAB934A9B6A8AE969A658C379C68AA9FC
:109D30009B0AAB8CBC4ECCB0D511D531CCD0C48FE6
:109D4000C48FC48FCCB0CCF0CCF0CCD0CCF0D4F05D
:109D5000D510D4F0D510D511DD11DD11D510D510E9
:109D6000D530CD10CCF0CCF0CD31D531D531D53189
:109D7000D531D531D531CCF0CCF0CCF0C4D0C4AF96
:109D8000B44EAC0D9BCC9BAB936A7AE97287498346
:109D900038E230C11840104028A1184008000820BF
:109DA0000000102010400800082018601860000013
:109DB00000001020208110201000104010201040C2
:109DC0000800080028A2FFBFFFFFBE38C679ADD645
:109DD00084908CF0951195128D328D3295528D5262
:109DE0008D32953295538D338D128D118D32953282
:109DF00095329552953295528D32955295329532D3
:109E000095528D328D328D329532955384F57CD5B5
:109E100074746C536C326C1174737C937CB495368F
:109E20009D35E73DFFFFFFFFF7BFFFDFFFFFFFFFB0
:109E3000FFFFFFFFFFDFFFFFFFFFFFFFFFFFFFFF52
:109E4000FFFFFFFEFFFFFFFFFFFFFFFFFFFFFFFF23
:109E5000FFFFFFFFF7DFA57663D16C54957994F689
:109E60008BCE8AE89328A3AAABCBB40BABEBA3AA07
:109E7000A38A934993299309934A93497A8669E47B
:109E800061C461E46A056A0659A4516359A461E595
:109E90007AA8936B9BAD93CD8B8D8B4C832B832BAF
:109EA0007AEA7B0B832B832B832B7B0A7B0A7B0A2F
:109EB000830A832B8B2B832B7AEA59E741032840B3
:109EC0001000000018E421266B2DA51494939473C0
:109ED00094727BF06B6E7BF083F0738E6B4E5AAB9B
:109EE000526A5ACB52493986000000000000000037
:109EF0000000104072A88B2A934B9BCBA3ECA3CC01
:109F00009BAB9B8B9B6A93097A08694568C4794629
:109F10008A088A48A2EABBEDCCB0DD52DD12CCD073
:109F2000C48FCCAFCCD0CD11CCF1CCD0D511D510C5
:109F3000D510D510D510D510CCCFD4F0CD10CCF095
:109F4000C4CFCCF0CCF0CD10CD10CD10CD10CD10B5
:109F5000CD11CD10CCF0C4CFCCF0C4CFC4AFBC6E0B
:109F6000B44EABEDA3EC9BAB8B2A7AC872A851A47C
:109F700038E130C1208110202080186008000820BE
:109F80000000080010210820082018612081080026
:109F900008001840208118201000102010201020E8
:109FA000104000002060CE59FFFFFFFFFFFFFFFFC2
:109FB000DF1B8C9084907CB084F18D128D328D32B9
:109FC0008D328D128D32955395528D528D328D1169
:109FD0008D118CF18CF18D118D118D328D328D3270
:109FE00095329552955295529553957384D57CD55B
:109FF0007CD474947473641163D1743274736BF190
:10A00000AD97FFFFFFFFFFFFFFFFFFFFFFFFFFFF1A
:10A01000FFFFFFFFFFFFFFDFFFDFFFFFFFFFFFFF90
:10A02000FFFFFFFFFFDFFFFFFFFFFFFFFFFFFFFF60
:10A03000FFFFFFFFFFFFFFFFD6BB84D45B927CB620
:10A0400095178C737B6C82E89B49A3AAA3AAA38A69
:10A0500093298AE8930992E88AE88B098B2982C7B9
:10A060006A2561A35983598359A459C459A45183BA
:10A07000516359A46A0672687AEA8B4B8B4C8B6CDD
:10A080008B6C836C7B2B830B830B832B834C834BDD
:10A09000832B72CA6A6951A538E22860308138A2E0
:10A0A00008000000212529466B4EA4F49CB38C5275
:10A0B000843183F06B6E7BCF83F0736E6B0D62EC3B
:10A0C0004A4A526A41E8522820A2000000000000DB
:10A0D0000000000051E6936B8B2A9BABA3CCA3CC72
:10A0E000A3ABA3CBA3AB932979E781A7816768C40E
:10A0F00070E492089A489A48AB0BCC0EDCF1DD5222
:10A10000D4F1D4F1D531D531D531CCF0D4F0D5114D
:10A11000CCD0D510D511CCEFCCEFCD0FCCEFC4CF38
:10A12000C4EFCCF0CD10C4CFC4F0CD10CD10C5100D
:10A13000C4F0C4F0C4D0C4CFC4AFC4AFBC6EB44E7E
:10A14000B42DA3ED9BAC938B8B2A7AE972A759E5CA
:10A150004122288028A11860206020810800080082
:10A1600000000800102008200820102020610800AE
:10A17000082020611840102010001020082008003E
:10A18000104010001020B554FFFFFFFFFFFFFFFF3E
:10A19000F719D613B57294F08CD084D184F28D3235
:10A1A0008D3295328D118CF18CF184F184F084F133
:10A1B00084F184F184F18D118D328D128D118D1108
:10A1C0008D328D3295329552955295528D3684F559
:10A1D000851584F5749474536C326BF174536BF180
:10A1E000CEBBFFFFFFFFFFFFFFFFFFFFFFFFFFFFF4
:10A1F000FFFFFFFFFFFFFFDFFFFFFFDFFFFFFFFFAF
:10A20000FFFFFFFFFFFFFFFFFFFFFFFFFFFFFFFF5E
:10A21000FFFFFFFFFFFFFFFFFFFFFFFFBE186BF118
:10A220006BF395388D178C538B4C8AC792E79B49FB
:10A230009B49930993298B088AE88AE88B088AE866
:10A2400082A7724661E45963516251835163598315
:10A2500059A45983514249224943518359C5620740
:10A260006A276A486A486A276A276A4862075185E6
:10A27000412338E23081288030A138E23902288138
:10A280000000000029662988738E9CB39493947211
:10A290008C518411736E73AF7BD06B4E6B2D734EEC
:10A2A000524A5A6A4A084A084186080000000000DB
:10A2B000000000002903936B934B9BABA3EC9BAB7B
:10A2C0009BABA3CCA3CB9B4A824781C79A499A08F0
:10A2D00070C470C49208A2699A28AA8AC3CDD49087
:10A2E000D4B0D4B0D4F1D531DD51CD10CCD0CCCF59
:10A2F000CCCFCCCFCCCFCCEFCCEFCCEFC4CEC4AE58
:10A30000C4AFC4AFC4AFC4AFC4CFC4CFC4CFC4F014
:10A31000C4CFC4CFBCAFBC8EBCAFBC6EB44EAC2DF2
:10A32000AC0D9BCC93AB8B4A832A7AE9728759E5B3
:10A33000496330A120601820186120811041080075
:10A34000000000001020104108001020188110208B
:10A3500008001860184010401000080000000800B5
:10A36000104110200000A4D4FFFFFFFFFFFFD636EE
:10A37000EDF2FEB5FEB5F695DE34C5B3A55294D028
:10A380007C6F7C9084D184F184D08CD184F18CF169
:10A390008CF18D118D3195328D328D128D118D1183
:10A3A0008D328D328D3295328D528D3295779577F3
:10A3B0008D568D367CD574746C5274526BF1743238
:10A3C000E75DFFFFFFFFFFFFFFFFFFFFFFFFFFFF57
:10A3D000FFFFFFFFFFDFFFFFFFDFFFFFFFDFFFDF0D
:10A3E000FFFFFFFFFFFFFFFFFFFEFFFFFFFFFFFF7E
:10A3F000FFFFFFFFFFFFFFFFFFFFFFFFFFFFE75D27
:10A400009D3563D26C55851895178C31832A82A7A8
:10A410008AC78AE88B098AE98AE88AE88B098B0966
:10A4200082C77A6672466A0559A3516251625142E7
:10A430005163516351625163516351635143490206
:10A4400040E240E2490240E130803060286028600C
:10A45000288040E240E238E238E2410338E2182046
:10A460000000108329673A098C3094919493949258
:10A470008C528C31738F73AF7BCF738E6B4E632D89
:10A48000526A526A4A4939A7522828E3000000005C
:10A490000000000000007ACA9BAC9B8BA3CCA3CB2E
:10A4A0009BABA3CCA3CB9B6B92E981E78A07AA69FC
:10A4B000B2AB896570A3816699E8AA48AA89B2EB14
:10A4C000AAAAAAAAAB2BBBEDCC8FD4F0D4EFCCAF09
:10A4D000CCAFCCAFC48EC48FC4AFC4AFBC8EBC6E87
:10A4E000BC4EB42DBC4EBC6EC4AFC4CFBCAFBC8F91
:10A4F000BCAFBC8FB46EB44DB46EAC4DAC4DAC0DB6
:10A50000A3EC9BCC938B8B4A832A8309728751C41B
:10A51000518330C1182018201820206010400800F6
:10A5200008000000082010200800102018611020EA
:10A5300008001840184018401020080008000000CB
:10A540001040102008009CB2FFFFFFFFDE78DD4FB7
:10A55000F612F613F653FE73FE94FED5FEB5E633FF
:10A56000CDB2B5519CF184AF7CAF7CD184F18D111B
:10A570008D118D118D118D118D118D128D328D32A8
:10A580008D118D328D118D328D328D119DB89DB80A
:10A5900095778D578D3784F57CB4745263D184B32D
:10A5A000F7DFFFFFFFFFFFFFFFFFFFFFFFFFFFFFE3
:10A5B000FFFFFFDFFFFFFFFFFFDFFFFFFFFFFFFFEB
:10A5C000FFFFFFFFFFFFFFFFFFFEFFFFFFFFFFFF9C
:10A5D000FFFFFFFFFFFFFFFFFFFFFFFFFFFFFFFF8B
:10A5E000FFFFCE9B84B55B9174758D3884957BCFCE
:10A5F00082EA8266826682A682A782A782C88AE8E9
:10A600008AE882C87A867A86724561E459A35162E3
:10A610004922492251434942514351635163518375
:10A62000516351635163492241223902410241235E
:10A6300041034103410241024123410230810000B4
:10A64000002039C92147528A9CB2945194729CB31C
:10A6500094728C517BAF7BCF7BCF738E6B4E62EC51
:10A660005A8B4A295A6A39A741E749A62082000035
:10A6700000000000000051E7A3CD9B8BA3ECA3CC0E
:10A68000A3CBA3CBA3CBA3ABA38B8A6889C79A2800
:10A69000B2EBB2ABA1A780C378A38924AA69A2694F
:10A6A00091E791C79A089A48A289AB0BB3CCBC2D0D
:10A6B000B40DBC2DBC4EBC6EBC4DB44DB40CB44DF1
:10A6C000B42DA3CCB42DBC6EB46EBC8EBC8FBC6E4E
:10A6D000B46EB46EB48EB44EAC4DAC2DAC2DA40C97
:10A6E0009BCC93AB938B8B4A83097AE86A6659E5D6
:10A6F000518338E21820184010001840102008003C
:10A700001020000008001020082010201040102009
:10A710000800104018201840182008000800080001
:10A7200010201040000083EFFFFFF79DC4EFE5917C
:10A73000EE12F613F632F633F613F612FE53FE95CA
:10A74000FEB5FEB5F675DDF3BDB39D3284B07CB0C9
:10A7500084F185118511851184F18D118D118D1173
:10A760008D118CF184F184F184F185119DB89DB82F
:10A770009DB88D578D578D3684F57CB463F29D5608
:10A78000FFFFFFFFFFFEFFFFFFFFFFFFFFFFFFDFFA
:10A79000FFDFFFFFFFFFFFDFFFDFFFDFFFFFFFFF49
:10A7A000FFFFFFFFFFDFFFFFFFFFFFFFFFDFFFDF19
:10A7B000FFFFFFFFFFFFFFFFFFFFFFFFFFFFFFFFA9
:10A7C000FFFFFFFFFFFFBE19743363D3749684D776
:10A7D0007C747BAF7AC972257A25826682A782C78C
:10A7E00082C882C87A877A8772467246722561E487
:10A7F00059835143514351435163492349224922CB
:10A80000494349424922492249434123412249229D
:10A810004922412249424942412238C218000000DF
:10A820002966422B29477B8E9CB3945294729C9349
:10A83000947294527BD083D083F0738E6B2D6AEC2C
:10A8400062CC524952294A09396541864165102036
:10A8500000000000000020A29BAD9B8BA3CBA3ECCB
:10A86000A3CCA3CCA3CCA3CCA3EC932A8A089A288C
:10A870009A07AA8ABB0BBB0BB28A916691668124A8
:10A8800079247124712579457965796582079289E2
:10A8900092A992E9A34BA36AA38BA38B9B6A82C85C
:10A8A00082A79B6BABECB44DB46EB46EBC8FBC8E08
:10A8B000B46EB48EB48EB46EB46EAC2DAC2DA3EC6D
:10A8C0009BAC93AB938B8B4B83097AC86A6759E532
:10A8D0004983392218201000100018401840080041
:10A8E0000800082008001000102010201820102058
:10A8F0000820102018201840182008000000080028
:10A900000820104000008410FFFFC510D4EEDD9138
:10A91000EDF2E5D2EDD2EDF2F5F2F612F633F633C2
:10A92000EE13F633FE75FE95FEB5FE75DDF4B552F9
:10A930009CF184B07CAF7CB07CD17CF18D118D1109
:10A940008D118CF18CF184F184F18CF195979577D0
:10A95000957795778D368D368D57851663F1C69A26
:10A96000FFFFFFFFFFFEFFFFFFFFFFFFFFFFFFFFF8
:10A97000FFFFFFDFFFFFFFFFFFFFFFFFFFFEFFFE09
:10A98000FFFFFFFFFFDFFFFFFFFFFFDFFFFEFFFF18
:10A99000FFFFFFFFFFFFFFFFFFFFFFFFFFFFFFFFC7
:10A9A000FFFFFFFFFFFFFFFFF7BEB5F87C9563D207
:10A9B0006C5574B57C537B8F7AC972467A467A6639
:10A9C0007A667A877A667A86726672266A056A0479
:10A9D00061E559A451835162494249224101410133
:10A9E000412239024102410241024923494349427D
:10A9F000494351835163494338E2204008002926E6
:10AA0000426C2188528BA4F39451947294939CB31A
:10AA10009C93949283F083D08C11738F734D6AED65
:10AA20006B0D5AAB49E8522941C73145418641A6D1
:10AA300010620000000000007ACAA3EC9BABA3CC1C
:10AA4000A3ECA3ECA3ECA3ECA40CABED9AEA91E786
:10AA500099C7A209B2CBC38ECBCFCB6DB28AA1C7A7
:10AA6000998681258124790470E37105690469045C
:10AA70007145716579A5718569856123510348C167
:10AA800040A07A88AC0DB44EBC6EBC8FBC8FBC8F1E
:10AA9000B48EB48EB46EAC4DAC4DAC2DAC2DA3ECDD
:10AAA0009BAC93AB938B8B2A830972A86A4759E5B9
:10AAB000496338E1182010001020182010200800E9
:10AAC0000800102008000800102010201820104056
:10AAD0000820102018401840184008000000080006
:10AAE00008001840000083CFDE15ABEAE5B1E59120
:10AAF000DD71DD70E591DD70EDD2EDF2EDF2F5F294
:10AB0000EE12EDF2EDF3EE12EE12F654FE95FE9615
:10AB1000F655DDD3CDB2BD72A51194F07CB07CB0FA
:10AB200085118D118D118D118D118CF18D568D56D4
:10AB30008D578D7795568D368D577474ADD7FFFF31
:10AB4000FFFFFFFFFFFFFFFFFFFFFFFFFFFFFFDF35
:10AB5000FFFFFFDFFFDFFFFEFFDEFFDEFFFEFFDFA9
:10AB6000FFFFFFFFFFDFFFFFFFDFFFFFFFFFFFFF35
:10AB7000FFFFFFFFFFFFFFFFFFDFFFFFFFFFFFFF05
:10AB8000FFFFFFFFFFFFFFDFFFFFFFFFEF7DA57769
:10AB90006C13539164137CB6849573D072EA726817
:10ABA0007225722472467246724672256A256A05BB
:10ABB00069E561C459C451835163494249434943DA
:10ABC00041224922494349434943518451A551A453
:10ABD000518451634943410228201020298842AD05
:10ABE00031EA29889CB2A4F38C5194929CB39CD4F2
:10ABF0009CB39CB3841084108C517BAF6B4E6AED78
:10AC00006B0D6B2D41E841C75A6949E7398641A66A
:10AC1000312410610000000049A6AC0E9BAC9BCB18
:10AC2000ABEDA3ECA3ECAC2DAC0CAC0CABCC9AA96B
:10AC3000A208AA09B229BACBC30CC32DCB2DCB4D88
:10AC4000CB2DCB2CCB2CBAECC32DBB2DAAEB9A6A07
:10AC50009208922981A779C76965614469E682896A
:10AC60007A4782A8AC0DBC8EBC8FBCAFBCAFBCAF6A
:10AC7000B48EB46EB46EAC4DAC2DAC2DA40C9BCC8C
:10AC80009BAC93CC8B8B832A82E97287622659E432
:10AC900049422080080008001820184018200800A9
:10ACA00008000820080008001020080010201020CC
:10ACB0000000080018401840182008000000080094
:10ACC00008001020080030E3ABEAD50ED52FD50FD1
:10ACD000D52FDD50D4EFDD2FE570E591E5B1E5919D
:10ACE000E591EDB1EDD2EDF2EDF2EE13F614EE13C7
:10ACF000F634FE74FE75FE95FE75EE34D5D3B5516F
:10AD00008CD07CB084F18D12851184D185158D563F
:10AD10008D579557957785377CF5ADF8FFFFFFFF89
:10AD2000FFFFFFFFFFFFFFFFFFFFFFFFFFFFFFFE34
:10AD3000FFFEFFFEFFFFFFFFFFFEFFFEFFFEFFDF48
:10AD4000FFDFFFFEFFFFFFFFFFFFFFFFFFFFFFFF34
:10AD5000FFFFFFFFFFFFFFFFFFFFFFFFFFFFFFFF03
:10AD6000FFFFFFFFF7DEF79EF7BEFFFFFFFFFFFFCE
:10AD7000DF3D9D576C335BD263F374546C336B903F
:10AD80006B2D6AAA6A476A056A0469E46A046A0460
:10AD90006A05620559C459A45984516351635183AA
:10ADA0005163516351635164598459C461C459A4B6
:10ADB0005183516340E1286028E43A2A4AEE29EAA7
:10ADC00019278C31B576949294B29493A4F4A4F498
:10ADD0009CD39CB394528C5194528C10738E6B0DF7
:10ADE0006B0D7B8F526A39665229524952494A0883
:10ADF000314520A3104100001040938CA3CC9BCC84
:10AE0000A3ECA40CA42DB44EB44EAC0DAC0DABCD44
:10AE1000AAEAAA49AA28B249BA8ABAAABACBC30CE2
:10AE2000C30CCB4DC34DD3AED410CBAFC34DAAABE7
:10AE3000A24A9A49922992498A899B2BA3ACA3AC36
:10AE4000A38C9B8BAC0DB48EBCAFBC8FBCAFB48E4F
:10AE5000B48EB46EAC4DAC4DAC2DA40CA3CCA3CC35
:10AE6000A3CC9BCC8B8B8B2A7AC86A4661E459A30E
:10AE700030E20800000008201820100018401000E0
:10AE80000800080008000820102008000800100032
:10AE900000000800184010201820102000000000BA
:10AEA00008001020100010009328DD4FD4CECCAE47
:10AEB000D4EED4EFC46DD50FD52FD530CCEECCEE7B
:10AEC000D50FDD50E5B1E5B1E5D2EDD2EDF3EE13EE
:10AED000F634F634F634F634FE75FEB6FED6FEB51C
:10AEE000E614B5728CB07C9084D184F19D97955610
:10AEF00084F584F59516ADF8DF1CFFFFFFFFFFFF1B
:10AF0000FFFFFFFFFFFFFFFFFFFFFFDFFFFFFFFE72
:10AF1000FFFEFFFEFFFFFFFFFFFFFFFEFFFEFFFF45
:10AF2000FFDFFFFFFFFFFFDFFFFFFFFFFFFFFFFF71
:10AF3000FFFFFFFFFFFFFFFFFFFFFFFFFFFFFFFF21
:10AF4000FFFFFFFFFFFFF7DFF7BEF79EF79EFFFF54
:10AF5000FFFFFFFFEF9EADB86C134B50537163F3CF
:10AF60006BF36391634F630D6289622761E561C48E
:10AF700061C461C461C461A45984598459835183F3
:10AF80005183598459A459C561E561C561A45183B0
:10AF900051634922310331E84ACE4ACE29EA31EAE7
:10AFA0008C72C5D79CB39CB39CB39CD3AD34AD1409
:10AFB000AD14A4D39C9294319452947283CF6B2D90
:10AFC000732D83B06B0D41C849E849E8526A62ECC1
:10AFD000420918821040000000006A48B40D9BCC62
:10AFE000A40DAC2DAC4DB44EB46EB46EAC2DB42DDE
:10AFF000B40EAB4BAAA9B269BA89BAAABA8ABA8AFC
:10B00000BAAABAABC2CBC2CBBA8AAA2999E891A68E
:10B0100091C7920892699AC99B2BABACAC0DABEC73
:10B02000A3CCABECB46DB46EBCAFBC8FB46EB46EDD
:10B03000B46EB46EAC4DAC2DAC0DA40CA3EDA3EC72
:10B040009BCC938B8B6A7AE86A47620559C43901B5
:10B050000800000000000800100010001820182050
:10B060000800080008001020102008000800102028
:10B0700008001020182010001861100000000000C7
:10B08000080008000820180082A6CCCDCCAEC46D04
:10B09000C48DBC4CBC4CCCCECCEFBC4DB40CBC6D08
:10B0A000C4CED510D530DD91DDB2E5D3EE13EE146C
:10B0B000EE34F634F654F654F654F654F674F67448
:10B0C000FE94FE95E5F3AD317C6E746FFFFFEF7E6D
:10B0D000CE9AADD7D6BBFFFFFFFFFFFFFFFFFFFFFD
:10B0E000FFDFFFFFFFFEFFFFFFDFFFFFFFFEFFFEB3
:10B0F000FFFEFFFEFFDFFFDFFFDFFFDFFFFEFFDF03
:10B10000FFFFFFFFFFFFFFFFFFDFFFFFFFDFFFDFAF
:10B11000FFFFFFFFFFFFFFFFFFFFFFFFFFFFFFFF3F
:10B12000FFFFFFFFFFFFFFFFFFFFF7BEF79EEF7E72
:10B13000F79EFFFFFFFFFFFFF7FFB6197412532FB3
:10B140004B0F4B2F5BB15BD263B26B90632F62CC22
:10B150005A485A075A0651A559A559C559A551A487
:10B1600059A4598459A559C559A459844984498574
:10B17000418639C9428C4AEE3A4C218952ACB577A6
:10B18000CE39A4F39CB3A5149CD3A514AD55AD350D
:10B19000AD35ACF49CB2943194529C928C106B2DD2
:10B1A000734D83D083B0526A4A0941A7524A630D56
:10B1B000528A29041020000000003924AC0DA3ECB1
:10B1C000AC0DAC2DB44EB46EBC8EBC8EBC6EB44E09
:10B1D000AC2DAC0DB3CCB34BB32BBB0BBACABACAB4
:10B1E000BAAAC2AABA69BA69AA08A1C799C799E74F
:10B1F0009A289AEAA36BABCCAC0DB40DB44DB44D08
:10B20000AC2DB44DB46EBCAEBC8FBC8EB46EB46EFF
:10B21000B46EB46EAC4DAC2DAC2DAC2DA40DA3ED25
:10B2200093AB8B4A830972A761E559843902080000
:10B230000000000008000000100010001820182076
:10B2400008000800080008001000080008000800B6
:10B2500008000820102010001840104008200000AE
:10B2600000000800082018007AA7C48CBC4CB40C5D
:10B27000BC4CABEAB40BBC6DAC0B9329A3AAB44C89
:10B28000C4AECD0FD530D571DDB2E5F3EE13EDF3DD
:10B29000EE13F634F634F654F675F675F675F67464
:10B2A000F674FE53FE54FE74D5F39CF0FFFFFFFFCF
:10B2B000FFFFFFFFFFFFFFFFFFFFFFFFFFFFFFFF9E
:10B2C000FFFFFFFFFFFFFFFFFFFFFFFEFFFFFFFF8F
:10B2D000FFFEFFDFFFDFFFDFFFFFFFFFFFFFFFDE00
:10B2E000FFDEFFFFFFFFFFDFFFDFFFFFFFFFFFFFCF
:10B2F000FFFFFFFFFFFFFFFFFFFFFFFFFFFFFFFF5E
:10B30000FFFFFFFFFFFFFFFFFFFFFFFFFFFFF79EB6
:10B31000EF5EEF5EEF7EF77EFFFFFFFFF7DFC67A9F
:10B3200095166BF2532E42AD4B0F539153B163D12F
:10B3300063B15B70532F52EE52AD4A8B4A8B4A6B0E
:10B340004A6B4A4A4A4A4A4A4A6B4A4B4A4B3A6C07
:10B35000428D3A6D29CA21894AAC8C72C618CE1822
:10B36000A4F49C92AD35AD35A4F4AD76B576AD556B
:10B37000AD35AD14A4B394319C92A4D39431736EC3
:10B38000732D83D08C3162EC4A0941C849E862CC04
:10B3900062CC316618820820000008208B6BAC2D2F
:10B3A000AC2DAC2EBC6EBC6EC4AFC4AFC4AFC48FEA
:10B3B000BC4EB42DB40DB40DB3CCB3ACB38CB36BE5
:10B3C000B34BBB2BBAEAB2CAB2C9AAA9A2CAAB2B69
:10B3D000ABACABECABECB44DBC6EBC8EBC8EB46E07
:10B3E000B46EB46EB48EBCAFB46EB46EB46EB46EE4
:10B3F000AC4DAC4DAC4DAC4DAC2DA40CA3CC9BAC2A
:10B400008B4A82E972A86225596330C208000000A5
:10B4100000000000100000000800100010001820BC
:10B4200010000800000008000800080008000800DC
:10B430000800082010201000184118401861000072
:10B44000000008001020080059C4ABEBAC0BABCBDC
:10B45000A3AAA3A9ABCAA3CA82C78B08AC0CBC4DD4
:10B46000BC8ECCEFD530D530DD71E592E5D3EDF370
:10B47000EE13EE33EE34F654F675FE75FE95F67463
:10B48000FE74F654F613EDF3FE54F634FFFFFFFF9F
:10B49000FFFFFFFFFFFFFFFFFFFFFFFFFFFFFFFFBC
:10B4A000FFDFFFFFFFFFFFDFFFFFFFFFFFFFFFFFEC
:10B4B000FFFFFFFFFFFFFFFFFFFFFFFFFFFFFFDEBD
:10B4C000F7BEFFDEFFFFFFFFFFFFFFFFFFFFFFFFF6
:10B4D000FFFFFFFFFFFFFFFFFFFFFFFFFFFFFFFF7C
:10B4E000FFFFFFFFFFFFFFFFFFFFFFFFFFFFFFFF6C
:10B4F000F79EEF5DE71DE71CE71CE73DFFBFFFFF81
:10B50000FFFFEF9FC65A9D568CD46BD14B4F42EE36
:10B510004B0F4AEF4AEE4B0F4B2F4B2F4330430F4D
:10B52000430F430F430F3ACE3AAE42CF3A8E322CFE
:10B5300031EA3A4B5B2E8C72BDF8DE9ABDB7ACF4A3
:10B540009CB3A515B576AD35AD35BD97B576B57659
:10B55000AD35AD35A4B39431A4B3A4F49C727B8F04
:10B56000736E83F094727B8F528A4A2941A8528A63
:10B570005A8B39C831451081000000005A27BC8F12
:10B58000AC0DB46EBC6EBC8FC4AFCCD0C4D0C4AF55
:10B59000CCCFC4AFBC6EB44EB40DABCCABCCABEC2B
:10B5A000ABECB40DB40DB40DB40CABCCABEDB44EF0
:10B5B000B42DAC0DBC4EBC6EC4AFBCAFB46EB46E9B
:10B5C000BC6EBC8EBC8EB46EB46EB46EB46EB44E33
:10B5D000AC2DAC2DAC2DAC0DA40C9BAB938B8B6A1E
:10B5E00082E97287620551A328C1000000000000B3
:10B5F000000008001020000008001000102010209B
:10B600001000080000000000080010000800000002
:10B610000800080010201020208120611840000040
:10B62000000000000800080038C19349ABCB9B69BB
:10B630008B0793489B8A82C672659B6AABECB44DBC
:10B64000BC8EC4CECD10D510D530DD50DD91E5D205
:10B65000EDD3EE13F654F655F675F695F695FEB560
:10B66000FEB5FE74F654EE13E5F2F633FFFFFFFF6E
:10B67000FFFFFFFFFFFFFFFFFFDFFFDFFFDFFFFE3B
:10B68000FFFFFFFFFFDFFFFFFFDFFFDFFFFEFFFF2B
:10B69000FFFFFFFFFFFFFFDFFFFFFFFEFFFFFFFFDB
:10B6A000FFDEF79EF7BEFFDEFFFFFFFFFFFFFFFF9E
:10B6B000FFFFFFFFFFFFFFFFFFFFFFFFFFFFFFFF9A
:10B6C000FFFFFFFFFFFFFFFFFFFFFFFFFFFFFFFF8A
:10B6D000FFFFF7BFE75DDEFCDEDBD6FBDEDCDEFC7A
:10B6E000E71CEF7EFFDFFFFFF7BFDEFDBE3AADB721
:10B6F000953584946BD15B6F532E4ACE42CD3A8CF4
:10B700003A8D42CE42AD428D42CD530E5B4F741105
:10B710009CF5B5B7D699DEBAC638B576AD15A4F4A2
:10B72000AD35B576B576AD35B597BD97BD76B57601
:10B73000AD35B556A4D39C72A4D4ACF4A4D483AFD5
:10B740007B6E841194728C115AAB524A41E8528A32
:10B750005ACB4A09398618A20000000020A2AC2E5C
:10B76000B42DB46EBC8FBCAFC4D0CCF0CCF0CCF058
:10B77000CCF0CCD0CCF0C48FBC6EBC6EB42EAC0D73
:10B78000AC0CAC0CAC2DAC2DAC0CA3ECAC0DB42DB6
:10B79000B44EBC6EBC8FBC8FBC8FBC8EB44DB44D50
:10B7A000B46EB46EB46EB46EB46EAC6EAC4EAC4DE2
:10B7B000AC2DAC2DA40C9BCC9BAB938B8B2A7AC865
:10B7C00072876205496320810000000000000000CC
:10B7D00000000000082000000800100010201020C9
:10B7E0000800080000000000080008200800000011
:10B7F000080008001020184018402081208108000F
:10B80000000000000800080028817AA69328930809
:10B8100093288AC7828669E482C79B8AA3CBAC0C33
:10B82000BC8DBC8EC4CFCD0FD550D550DD70E59109
:10B83000E5B2EDD3F5F3EE14F675FEB5FE95FEB563
:10B84000FE95FE95FEB5F674EE13E5D2FFFFFFFF01
:10B85000FFFFFFFFFFFFFFFFFFDFFFFFFFFFFFFE19
:10B86000FFFFFFFFFFFFFFFFFFDFFFDEFFFEFFFF2A
:10B87000FFFFFFFFFFFFFFFFFFFFFFFFFFFFFFFFD8
:10B88000FFDFFFDFF7BEF79EF7BEFFFFFFFFFFFF03
:10B89000FFFFFFFFFFFFFFFFFFFFFFFFFFFFFFFFB8
:10B8A000FFFFFFFFFFFFFFFFFFFFFFFFFFFFFFFFA8
:10B8B000FFFFFFFFFFFFF79EE73DDEFCDEDBD6BBB1
:10B8C000D6BBD6BBD6BBDEDBDEFCDEFCE73DEF7EC7
:10B8D000EF5DE71CD6BBCE9BC65AB5F9B5D9AD987E
:10B8E000A597A556A536AD97B5F8C619CE7ADEDB75
:10B8F000DEDBD67AC5F7BD96B555AD35AD35AD5560
:10B90000BD97BD97AD56B576C5D8BD97BD96B576F2
:10B91000B556B576A4D3A4B3A515AD35A4B38BF0B5
:10B920007B8E8410949294926B0D524A4A295AABA2
:10B930006B4D5AAB31651040000000000000832BB6
:10B94000C4AFB44EBCAFC4AFCCD0CCF0CD10CCF0B3
:10B95000CCF0CD10CD11CCD0CCD0CCF0C4AFC4AF96
:10B96000BC6EB44DB44DB42DB42DBC6EBC8FBC6E4A
:10B97000BC8FBC8FBC8FBC6EBC6EB44DB44DB46E6E
:10B98000B44DB44DAC6DAC6DAC4DAC4DAC2DAC0DFF
:10B99000A40CA3CC9BCC9B8B8B2A82E97AC86A66C9
:10B9A000620541431060000000000000000000003C
:10B9B000000000000800000008001000100008004F
:10B9C000082008000000000008000800080000002F
:10B9D000000008001000184118402881288110003C
:10B9E00000000000000008002061724582C78AE85C
:10B9F0008AE77A4561A36A059329934AA3ABAC0C05
:10BA0000B42CBC6DC4AECCEFD510D530DD71DD717A
:10BA1000E5B2EDD3EDF3F634FE74F695F6B4FEB56B
:10BA2000FEB5FE95FE95F674F654EDF3FFFFFFFFAD
:10BA3000FFFFFFFFFFFFFFFFFFFFFFFFFFDFFFFF36
:10BA4000FFFEFFDFFFFFFFDFFFDEFFDFFFFFFFDFA8
:10BA5000FFFFFFFFFFDFFFFFFFFFFFFEFFFFFFFF17
:10BA6000FFFFFFFFFFFFF79EEF7DF79EFFDFFFFF6A
:10BA7000FFFFFFFFFFFFFFFFFFFFFFFFFFFFFFFFD6
:10BA8000FFFFFFFFFFFFFFFFFFFFFFFFFFFFFFFFC6
:10BA9000FFFFFFFFFFFFFFFFF7DFE75DDF1CDEDBE0
:10BAA000D6BBD69BD69ACE9ACE59CE7ACE7ACE7ABD
:10BAB000CE7AD69AD69BDEDBDEDBDEFCDEFCE71C34
:10BAC000E71CDEFCDEDCDEBBD6BAD67ACE39C5F8A2
:10BAD000BDD7B597B576B576B556B576BDB7BDD7F2
:10BAE000BDD7B597B596C5F8C5D8BDD7BD97AD55E7
:10BAF000BD97B576A4D4A4F4B556AD56A4D48C1095
:10BB000083AF8C109C939CD373AF528B4A4A62CC08
:10BB10006B6E6B2D5249188200000000000049A690
:10BB2000C4F1B46EBC8FC4CFC4CFD511D531D511FB
:10BB3000D531D531D531D531D511D511CD10CCF088
:10BB4000CCF0CCF0C4F0C4AFC4CFCCD0CCD0C4AF18
:10BB5000C4CFC4AFBC8EBC8EB46EB46EB46EB46EC3
:10BB6000AC4DAC4DAC4DAC2CA40CA3EDA3EC9BECBC
:10BB70009BAB938A934A8B297AA872876A4659E5C8
:10BB800030E208200000000000000000000000007B
:10BB9000000000000800000008000800080008007D
:10BBA0001000080000000000080008000800000065
:10BBB0000000000010001860208118402081102033
:10BBC0000000000000000800180061E482868287FF
:10BBD0007A6559A359837A868B0893289B8AABEBA5
:10BBE000B40CBC6DBC8ECCEFD510D530D550DD502B
:10BBF000DD91E5B2EDF3EE13F674FE95FEB5FEB5FC
:10BC0000FEB5FE94FE95FE95FE75F654FFFFFFFF10
:10BC1000FFFFFFFFFFFFFFFFFFFFFFFFFFFFFFFF34
:10BC2000FFFEFFDFFFDFFFDEFFDEFFDEFFDFFFDF08
:10BC3000FFDEFFDFFFDFFFFFFFFFFFFEFFDFFFFF96
:10BC4000FFDFFFFFFFFFFFFFF7BEEF5DEF7DF7BEFA
:10BC5000FFDFFFFFFFFFFFFFFFFFFFFFFFFFFFFF14
:10BC6000FFFFFFFFFFFFFFFFFFFFFFFFFFFFFFFFE4
:10BC7000FFFFFFFFFFFFFFFFFFFFF7BFEF3DE71CE9
:10BC8000DF1CDEDBD69AD69ACE9AD67ACE7ACE59F9
:10BC9000CE59C639C639C619C619C618C618C61827
:10BCA000C618C5F8BDF8BDF8BDF8B5B7B596B596D8
:10BCB000B596B576B596B596BDD7BDF8C5F8C5F8B5
:10BCC000BDD7B5B7C618C619C5D8C5D8B596B55627
:10BCD000BDB7B576AD15AD35B576B576AD15945124
:10BCE00083EF8C109C93A4F494725ACB4A295A8BFC
:10BCF000738E738E62AB20C3000000000000102022
:10BD0000A40EBCD0BC8FC4CFC4F0D511D531D53171
:10BD1000D531D551D531DD51DD32D531D531D531A2
:10BD2000D531D531D531CD10CCF0CCF0C4CFCCD07D
:10BD3000CCD0C4AFBC8EB46EB46EB46EB46EAC2D49
:10BD4000B44EAC4DA40DA3EC9BCB9BAB938A938AD2
:10BD5000936A8B0982E87AA872876A264964186117
:10BD600000000000000000000000000000000000D3
:10BD700000000000080000000800080000000000AB
:10BD80000800000000000000080008000800000093
:10BD9000000000000800208120811000208118612F
:10BDA00000000000000000000800410172456A0424
:10BDB00059A3490161E4728582E78B289B69ABCB6B
:10BDC000B42CBC6DBC8ECCAECCEFD4EFD52FDD70D7
:10BDD000E5B1E5B2EE13F634F654FE95FE95FEB5E8
:10BDE000FEB5FEB5FEB5FEB5FE95F674FFFFFFFF8E
:10BDF000FFFFFFFFFFFFFFFFFFFFFFFFFFFFFFFE54
:10BE0000FFDEFFDEFFDEFFDEFFDEFFDFFFDEFFDE49
:10BE1000FFDEFFDFFFDFFFFFFFFFFFFFFFFFFFFF93
:10BE2000FFDFFFFFFFFFFFFFFFFFFFDFF79EEF5D7D
:10BE3000EF5DF7BEFFFFFFFFFFFFFFFFFFFFFFFF0D
:10BE4000FFFFFFFFFFFFFFFFFFFFFFFFFFFFFFFF02
:10BE5000FFFFFFFFFFFFFFFFFFFFFFFFF7BFEF7ECB
:10BE6000EF7EE71DD6DBD6DBD6BBD69BD69ACE7A45
:10BE7000CE59CE39C639C618C618C5F8C5F8BDF8AA
:10BE8000BDD8BDD8BDF8BDF8BDF8BDB7B5B7BDD7F5
:10BE9000BDD7BDB7BDD7BDF8C639C639C618C61897
:10BEA000BDD7C619CE59C5F8C5F8C5F8B576B5974A
:10BEB000BDB7B576AD15B536BD76BD97B5769C9256
:10BEC0008C108C109CB3AD35AD356B2D4A29524A80
:10BED000736E7BAF62AB290400000000000000001D
:10BEE0005207D533BC8FC4B0C4F0CD10CD11D531BD
:10BEF000DD51DD52D531DD51E572DD52DD31DD310F
:10BF0000DD51DD51DD51DD31CD10C4D0C4CFC4D001
:10BF1000C4CFC4AFBC8EB46EB46EB46EB46EB44D48
:10BF2000AC0CA40C9BCC9BCB938A936A8B298B295A
:10BF300082E97AA87A88728751C528C20000000079
:10BF400000000000000000000000000000000000F1
:10BF500000000000000008000800080000000000C9
:10BF600008000800000000000800080008000000A9
:10BF700000000000080018602081100018402061B7
:10BF800008000000000000000800286059A361A21A
:10BF900038C040E161E46A457AC68B289B8AA3CB0E
:10BFA000AC0BB44CC48EC4AECCCED4EFD530DD9047
:10BFB000E5B1E5D3F634F634F654F694FE95FE95E5
:10BFC000FEB5FEB5FEB5FEB5FE95F674FFFFFFFFAC
:10BFD000FFFFFFFFFFFFFFFFFFFFFFFFFFFFFFDF91
:10BFE000FFDEFFDEFFDEFFDEFFDEFFDEFFDEFFDE69
:10BFF000FFDEFFDFFFDFFFDFFFFFFFFFFFFFFFFFD2
:10C00000FFDFFFFFFFFFFFFFFFFFFFFFFFFFF79EC9
:10C01000EF7DEF7EF79EF7BEFFFFFFFFFFFFFFFF05
:10C02000FFFFFFFFFFFFFFFFFFFFFFFFFFFFFFFF20
:10C03000FFFFFFFFFFFFFFFFF7DFF7DFF7DFF7DFB0
:10C04000F7BFEF5DE73DE71DDEFCD6DCD6BBD6BB18
:10C05000D6BBCE9ACE7ACE5ACE59C639C639C63953
:10C06000C639C639C639C639C618C639C619CE3911
:10C07000CE39C618C639CE59CE39C639C619C618F2
:10C08000CE59CE7AC639CE39CE39BDB7B556BDB741
:10C09000C5D8B556B536BD77BDB7BDB7BD979CB34E
:10C0A0008C3194519CB3AD35AD5583F04A29524A39
:10C0B0006B6E7BCF6B2D318600000000000000000E
:10C0C00000009BADD532BC8FC4D0CCF0CD11D531A2
:10C0D000DD52DD51DD52DD52DD52E552DD51D551EB
:10C0E000DD71DD71DD51DD31D531CD11CCD0C4CF65
:10C0F000C4AFBC8FBC8EBC8FBC6EB44EAC4DAC2DEF
:10C100009BEC9BCB9BAB9B8A8B498B29830982E859
:10C110007AA87A8761E530E208200000000000007C
:10C12000000000000000000000000000000000000F
:10C1300000000000000008000800080000000000E7
:10C1400008000800000000000800080008000000C7
:10C15000000000001000100018A21040080010207D
:10C1600008000000000000000000204041014901DB
:10C170002860412259E46A457AA68B0893499BAA14
:10C18000A3CBAC0BBC6DC4AECCCECD0FD530D5504F
:10C19000DD71E5D2EE13F634F654FE74F694FEB576
:10C1A000FEB5FE95FEB5FEB5FEB5F694FFFFFFFFAA
:10C1B000FFFFFFFFFFFFFFFFFFFFFFFFFFFFFFDFAF
:10C1C000FFFEFFDEFFDEFFDEFFDEFFDEFFDEFFDE67
:10C1D000FFDEFFDFFFDFFFDFFFDFFFFFFFFFFFFF10
:10C1E000FFFFFFFFFFFFFFFFFFFFFFFFFFFFFFFF5F
:10C1F000FFFFF79EEF5DEF5DF7BFFFFFFFFFFFFF64
:10C20000FFFFFFFFFFDFFFFFFFFFFFFFFFFFFFFF5E
:10C21000FFFFFFFFFFFFFFFFFFDFF7DFF7DFF7BFE6
:10C22000EF9EF7BFEF7EE75EE73DDF1CDEFCDEDC66
:10C23000DEDBD6BBD6BBD6BBD69BD69ACE7ACE7A21
:10C24000D69ACE7ACE9ACE7ACE59CE7AD69ACE7A5F
:10C25000D67AD69ACE7ACE59CE39C639CE59D69A12
:10C26000D69BCE7ACE59CE7AC5F8B576B597C5D8D5
:10C27000C5D8B576BD76BDD8C5F8C5D8BDB7A4F4C8
:10C2800094729C72A4D3A515AD559472526A5A8BC0
:10C290006B2D7BF073AF39A7000000000000000099
:10C2A000000028E3CD32CCF0BC8FC4F0CD11CD110D
:10C2B000D531D531D551DD52DD52E552DD72DD513A
:10C2C000DD51D551D531D531D531D531CD10C4CF92
:10C2D000C48FC48FBC8FBC8EB44EAC2DABECA3EC22
:10C2E0009BCB938A936A8B29830982E982E982A78F
:10C2F0006A0539230820000000000000000000004B
:10C3000000000000000008000800002000000000FD
:10C3100008000000080008000800000000000000FD
:10C3200008000800000000000800080000000000ED
:10C3300000000000100008001881188108000800A3
:10C340000820000000000000000010003080306075
:10C350003060494359C462257AA68B0893499B8A69
:10C36000A3CAAC0CB44CBC6DC4AECCEFD50FD50F8A
:10C37000DD50E5B2EDF3F614F634F654FE95FE9575
:10C38000FE95FEB5FEB5FEB5FED5FEB5FFFFFFFF7F
:10C39000FFFFFFFFFFFFFFFFFFFFFFFFFFDFFFFFCD
:10C3A000FFFFFFFEFFFEFFFEFFDEFFDEFFDEFFDE24
:10C3B000FFDEFFDFFFDFFFFFFFDFFFFFFFFFFFDF2E
:10C3C000FFDFFFFFFFFFFFFFFFFFFFFFFFFFFFFF9D
:10C3D000FFFFFFFFFFDFF79EF79EF7BFFFDFFFFFC7
:10C3E000FFFFFFFFFFFFFFDFF7BEFFFFFFFFFFFFC6
:10C3F000FFFFFFFFFFFFFFFFFFFFFFFFFFFFF7BF95
:10C40000F7BEFFFFF7DFEFBFEF7EE75EE73DDF1C24
:10C41000DEFCDEFCDEFCDEFCD6DBDEDBD6BBD6DB08
:10C42000DEDBD6BBD6BBD6BBD69BD69BD6BBD6BB9C
:10C43000D6BBD69ACE7ACE7ACE59D69ADEBBD6BBAA
:10C44000D69AD69AD69ACE39B576B556C5D8CE19DB
:10C45000BDD8BD97BDB7C5F8C618C618C5D8A515AF
:10C460009C729C929CD3A515AD56A4F45ACC5AABA1
:10C470006B2D83F07BAF526A10610000000000005A
:10C48000000000005A07D573C4B0C4D0CCF0CCD0A3
:10C49000CCF0CD11D531DD52DD52DD51DD51DD5114
:10C4A000D531D531D531D531CD10CCF0CCD0C4CFAC
:10C4B000C4AFC4AFB46EAC2DAC0DA3ECA3EB9BAB7F
:10C4C000938A8B6A8B2982E88AE882876204390220
:10C4D0000820000000000000000000000000000034
:10C4E000000000000000080008000800000008200C
:10C4F000080008000800080000000000000000001C
:10C50000080008000000000000000000000000001B
:10C5100000000000080008001061314410200000F5
:10C520000820000000000000000008002860202013
:10C530002881496359A461E4726682E893499B8A21
:10C54000A3CBAC0BB42CBC6DC48ECCCECCEFD50F32
:10C55000DD70E591EDD3EDF3F633F654FE94FE95E0
:10C56000FE95FE95FEB5FE95FE95FE95FFFFFFFF3D
:10C57000FFFFFFFFFFFFFFFFFFFFFFFFFFDFFFFFEB
:10C58000FFFFFFFEFFFEFFFEFFDEFFDEFFDEFFFE22
:10C59000FFDEFFDFFFFFFFFFFFFFFFFFFFDFFFFF0C
:10C5A000FFFFFFFFFFDFFFFFFFFFFFFFFFFFFFFFBB
:10C5B000FFFFFFFFFFFFFFFFF7BFF79EF79EFFDFC5
:10C5C000FFFFFFFFFFFFFFFFF7BEFFDFF7BEFFFF2D
:10C5D000FFFFFFFFFFFFFFFFFFFFFFFFFFFFFFFF6B
:10C5E000FFDFF7DFF7BEF7DFF7BFEF7EEF5EE75D58
:10C5F000E73DE73DE71DE71DDEDCDEDCDEFCDEFCC3
:10C60000DEFCDEFCDEDBDEDBDEDBDEBBD6BBD6BB90
:10C61000D69AD67AD69ADEDBDEDBDEDCD6BBD69ABD
:10C62000D69BD69ACE7AB576AD15BDB7CE19CE3992
:10C63000BDB7BD97C5D8C619C619C618C619AD3538
:10C640009C939CB39CB3A515AD76B5766B4E5AAB57
:10C650006AEC738F8410736E18E300000000000012
:10C660000000000000006268DD74CCB0BC6FCCD06C
:10C67000CCF1CCF0CCF1D531D531D511D511D55285
:10C68000D531CD11CCF0CCF0C4CFC4CFC48FBC6EAB
:10C69000BC8EBC6EAC2DAC0CA3CC938A938A936AEF
:10C6A0008B298B0982E87246498528A20020000068
:10C6B000000000000000000000000000000000007A
:10C6C0000000080008200000000000000000082012
:10C6D0000800080008000800000000000800000032
:10C6E0000000080000000000000000000000000042
:10C6F00000000000000008001041396410810000B3
:10C7000000000000000000000000000018202020B1
:10C7100030C14942518361E46A457AA78B499B8ABB
:10C72000A3AAAC0BAC2CB44DBC6DC4AECCCED50F13
:10C73000DD70DD70E5B2EDF3F634F654F654FE9597
:10C74000FE95FE95FEB5FEB5F674F694FFFFFFFF6D
:10C75000FFFFFFFFFFFFFFFFFFFFFFFFFFDFFFFF09
:10C76000FFFFFFFFFFFEFFFEFFDEFFDEFFDEFFFE3F
:10C77000FFDEFFDFFFFFFFFFFFFFFFFFFFFFFFFF0A
:10C78000FFFFFFFFFFFFFFFFFFFFFFFFFFFFFFFFB9
:10C79000FFFFFFFFFFFFFFFFFFFFFFFFF79EEF7EA3
:10C7A000F7BFFFFFFFFFFFFFFFFFF7DEEF7DEF7E2D
:10C7B000FFDFFFFFFFFFFFFFFFFFFFFFFFFFFFFFA9
:10C7C000FFFFFFFFFFFFFFFFF7DFEF9EEF7EE75D5D
:10C7D000E73DE73DE73DE71DE71DDF1DE71CE71CE3
:10C7E000DEFCDEFCDEFCDEDBDEDBD6BBD6BBD6BB96
:10C7F000DEDBE71CE71DE71CDEFCDEBBDEBBDEDBB1
:10C80000DEDBCE7AB596AD35B576C5F8CE39CE1924
:10C81000BDD8BDB7C5F8CE39CE39C5F8C639B5765D
:10C820009C72A4D4A4D4AD55B596B5977BCF5AAB22
:10C8300062EC738F843183D039C7000000000000A0
:10C8400000000000000000005A08C4D1CCF1BC8FE9
:10C85000C4AFC490C4B0CCF0CCF0CCF0CCD0CCF011
:10C86000CCF0CCD0C4AFC4D0BC8FBC8EB44EB42DF1
:10C87000B44DABECA3EC9BAB936A8B2982E97AC8ED
:10C88000728759C430E21020000000000000000050
:10C890000000000000000800000000000000000090
:10C8A00008000820002000000000000010411000D7
:10C8B0001000082008000800000000000800000028
:10C8C0000000080008000000000008000000080048
:10C8D0000800000000000800104120A118610000BD
:10C8E0000000000000000000000000001000182000
:10C8F00030A14122516359C46A257AA78B299B6ACA
:10C90000A38AABEBAC2CB44CBC6DC48DCCCED50F94
:10C91000D50FE570EDD2EE13F654F654F653FE74CF
:10C92000FE95FE95FE95FEB5FE95FE95FFFFFFFF79
:10C93000FFFFFFFFFFFFFFFFFFFFFFFFFFFFFFFF07
:10C94000FFFFFFFFFFFFFFFEFFFEFFFFFFDEFFDE3B
:10C95000FFDEFFDEFFFEFFFFFFFFFFFFFFFFFFFF2A
:10C96000FFFFFFFFFFFFFFFFFFDFFFDFFFFFFFFF17
:10C97000FFFFFFFFFFFFFFFFFFFFFFFFFFFFFFDFE7
:10C98000F79EF79EFFDFFFFFFFFFFFFFFFFFF79E12
:10C99000F77EF7BFFFDFFFDFFFFFFFFFFFFFFFFFB8
:10C9A000FFFFFFFFFFFFFFFFFFDFFFFFF7DFEF9E50
:10C9B000EF9EEF5DE75DE73DDF1CE73DE73DE71CF0
:10C9C000E71CE71CDF1CE71DE71CE73DE73DE73DF3
:10C9D000E75DE73DE71CDEFCDEFCDEFCDEFCDEDBCB
:10C9E000CE59B576AD35B5B7C618CE59CE5AC6199B
:10C9F000C5D8C5F8CE59CE59CE19C5F8CE59BDB750
:10CA00009CB3A4F4A514AD35B576BDD7947262ED90
:10CA1000734E738E841183D05A8A0821000000005F
:10CA2000000000000000000000003145A3EECD1220
:10CA3000C4D0BC8FBC8FBC90BC8FC4AFC4D0C4AFBB
:10CA4000BC8FBC8FC4AFB46EAC0DAC2DAC0DABECD9
:10CA5000A3EC9BAB936A8B297AA76A2651A438E290
:10CA60002860180000000000000000000000000026
:10CA7000000000000800080000000000000008009E
:10CA800008200000000000000820104110200800CD
:10CA9000080008200800080000000820080008001E
:10CAA000080000000800000000000000080000006E
:10CAB000000000000000000008001861188210410A
:10CAC0000000000000000000000000000000100056
:10CAD00030814122496359C46A257AA68B28936A1A
:10CAE0009B8AA3CAABEBB42CBC6DBC8DCCCED4EF6F
:10CAF000D50FDD50EDD2EDF2EE13F634F653FE75A0
:10CB0000FE95FE95FE95FE74F674F674FFFFFFFF2A
:10CB1000FFFFFFFFFFFFFFFFFFFFFFFFFFFFFFFF25
:10CB2000FFFFFFFFFFFFFFFEFFFEFFFFFFDEFFDE59
:10CB3000FFFEFFFEFFFFFFFFFFFFFFFFFFFFFFFF07
:10CB4000FFFFFFFFFFFFFFDFFFDFFFFFFFFFFFFF35
:10CB5000FFDEFFFFFFFFFFFFFFFFFFFFFFFFFFFF06
:10CB6000FFDFEF9EEF9EF79EFFDFFFFFFFFFFFFF60
:10CB7000F7BEF79FF7BFEF7EF79EFFDFFFFFFFFFD8
:10CB8000FFFFFFFFFFFFFFFFFFFFFFFFFFFFFFFFB5
:10CB9000FFFFF7DFF7DFF7DFEF9EF7BFF79EEF7ED0
:10CBA000EF7EF79EF79EF77EEF7EEF7EEF7EE75DEE
:10CBB000E71CE6FCE71CE71CE71DE6FCDEBBC6192C
:10CBC000B576AD55BDD7C618CE39D67ACE5AC61869
:10CBD000C5D8CE19CE7AD65ACE19C618D67ABDD7B0
:10CBE000A4D4A4F4A514AD55B596C5F8AD156B2E17
:10CBF000736E734E8C1183F1526A18C300200000CB
:10CC00000000000000000000000000000000626959
:10CC1000A3EEC4B0C4D0B46FB46EB46EB44EB44E10
:10CC2000AC4EAC2DAC2DA3ECA3CCA3CC9BCC9B8B5E
:10CC30008B097267620551843902288020402000E8
:10CC400010000800000000000000000000000000CC
:10CC5000080008000800000000000820102008005C
:10CC600000000000000008201861182110000800D2
:10CC70000820080008000800080008000800080054
:10CC8000080000000000080000000000080000008C
:10CC9000000008200000000000001040210220C217
:10CCA00020C2106100000000000000000000100021
:10CCB00028604122496359A36A257AA68B089329E3
:10CCC0009B89A3CAABEBB42CBC6DC48DCCCED50F65
:10CCD000D50FDD50E591EDF2EE12F613F633FE7549
:10CCE000FE95FE74FE95FE74F674F674FFFFFFFF6A
:10CCF000FFFFFFFFFFFFFFFFFFFFFFFFFFFFFFFF44
:10CD0000FFFFFFFFFFFFFFFFFFFFFFFFFFFFFFFF33
:10CD1000FFFFFFFFFFFFFFFFFFFFFFFFFFFFFFFF23
:10CD2000FFFFFFFFFFFFFFFFFFFFFFFFFFFFFFFF13
:10CD3000FFFFFFDFFFFFFFFFFFFFFFFFFFFFFFFF23
:10CD4000FFFFFFFFFFDFF79EF79EF7BFFFFFFFFF2D
:10CD5000FFFFF7BFF77EF79EEF7EE73DEF5DEF7ECB
:10CD6000F7BFFFDFFFFFFFFFFFFFFFFFFFFFFFFF3B
:10CD7000FFDFFFFFFFFFFFFFF7DFF7BFF7BFF7BFE3
:10CD8000EF9EF79EF79EEF5DEF5DEF5EEF7DEF5D4F
:10CD9000EF5DE73DE73DE71CDEBBCE39BDD7B5769D
:10CDA000AD76BDD8C619CE39CE7ACE7ACE39C6196F
:10CDB000CE19CE39D67AD67ACE19C618D69AC5F8F3
:10CDC000A4F4AD15A535AD55B597C5F8B5977BAFAE
:10CDD0007BAF7B6E8C3194523166000000200000E6
:10CDE0000000000000000000000000000000000043
:10CDF000082039857AEAA3CDB40EAC4EA3CC9BAC07
:10CE00009BCC9BAB936A8B4A8B2A82C872A7620524
:10CE10005183410130A03080288030A130811840FA
:10CE200000200000000000000000000000000800DA
:10CE30000800082008000800080010411041080000
:10CE40000800080010401861102010001020102069
:10CE50000800080008200820082008000800080032
:10CE60000800000008000800000000000820000082
:10CE70000000104100000000080008002903210301
:10CE8000210318A2000000000000000000000800BC
:10CE9000206038E1492251836A25726682C793482F
:10CEA0009B69A3AAAC0CB42CBC6DBC8DC4AED50FD1
:10CEB000D530DD50E591EDF2EE12EE33F634FE752D
:10CEC000FE95FE75FE74FE95FE95F674EF7DFFDF10
:10CED000FFFFFFFFFFFFFFFFFFFFFFFFFFFFFFFF62
:10CEE000FFFFFFDFFFFFFFFFFFFFFFFFFFFFFFFF72
:10CEF000FFFFFFFFFFFFFFFFFFFFFFDFFFFFFFFF62
:10CF0000FFDFFFFFFFFFFFFFFFFFFFFFFFFFFFFF51
:10CF1000FFFFFFFFFFDFFFFFFFFFFFFFFFFFFFFF41
:10CF2000FFFFFFFFFFFFF7BFEF5DEF5DEF7EF7BF96
:10CF3000FFDFFFFFF7BFF79EF7BFF79EE71CD6BBEB
:10CF4000DEFCE73DEF5DF79EF7BEFFFFFFFFFFFF53
:10CF5000FFFFFFFFFFFFFFFFFFFFFFFFFFFFF7DF09
:10CF6000F7BFF7BFF7DFF79EEF9EEF7EEF5EEF5D57
:10CF7000E73DDEFCD69BC639BDB7B597AD56B57655
:10CF8000BDD8CE39D67AD67AD67ACE5AC619C6390F
:10CF9000CE39CE5AD69AD69AC618CE39D69BC6184E
:10CFA000AD35AD35AD35AD56B5B7BE18BDF88C3124
:10CFB00083CF7BCF9472AD3541E8000000000000C4
:10CFC0000000000000000020002000000000000021
:10CFD00000000000000020A2412451C66A687A883F
:10CFE0007AA87A887267622559C451A3496341427D
:10CFF0004122414249634963410230A11840000087
:10D000000000000000000000000000000800080010
:10D0100008000800080008000800080000000800D8
:10D020001020102010201000102010411040080087
:10D030000800082008200800080008000800080070
:10D040000800082008000800000000000000080098
:10D0500000000820000000000000080010201881D7
:10D06000188208200000108100200000000010201D
:10D07000204030A14122518361E4722582A7932888
:10D080009B89A3AAAC0BB42CBC4DBC8DC4CECCEFF9
:10D09000D530E571EDD2F613F633F653F654F65467
:10D0A000F654FE95FE74FE74FE95FE74F7BEEF7D99
:10D0B000F7BFFFFFFFFFFFFFFFFFFFFFFFFFFFFFC8
:10D0C000FFFFFFFFFFFFFFFFFFFFFFFFFFDFFFFF90
:10D0D000FFFFFFFFFFDFFFFFFFFFFFFFFFFFFFDFA0
:10D0E000FFDFFFDFFFFFFFFFFFFFFFFFFFFFFFFF90
:10D0F000FFFFFFFFFFFFFFFFFFFFFFFFFFFFFFFF40
:10D10000FFFFFFFFF7BEEF7EEF7EEF5DE73DEF3DF8
:10D11000F77EFFFFFFFFFFFFFFDFF79EF7BFF79EE2
:10D12000DF1CD6BBD69AD69ADEDCE71CE73DEF5E65
:10D13000F7BFF7DFF7BFFFDFFFDFFFDFFFDFF79EA0
:10D14000F7BFF7BFF79EEF7EE73DE71CDEFCD69A00
:10D15000CE59C619BDB7B576B576B576B5B7BDF8B3
:10D16000CE59D69AD69BD67ACE5ACE39CE39CE5A09
:10D17000CE7ACE7AD6BBD67AC5F8CE59D69BC6180B
:10D18000AD35B556AD35B556BDB7C619CE59947245
:10D1900083D08C319CD383CF41E8738E2945000026
:10D1A000000000000000000000000000000000007F
:10D1B00000000000000000000000000018414123B2
:10D1C000518451A451A4518351834983498351A46B
:10D1D00049A449A4414330C11840080000000000A0
:10D1E000000000000000000000000800080010001F
:10D1F000100000000000000000000000080008000F
:10D20000102010001000102010410800000008003D
:10D210000820082008000800082010200800080046
:10D220000820106110200800000000000000080025
:10D2300000000000000000000000000008001020B6
:10D24000080000000820084100200000000008003D
:10D250002040308038E1518259C36A0582C78B086B
:10D260009B69A3CAABEBB42CBC6DC48ECCCED4EFFF
:10D27000DD30E571EDB1EDD2F613FE74FE54F654D7
:10D28000F633FE74FE74FE74F654FE94FFFFFFFF47
:10D29000EF7DF79EFFFFFFFFFFFFFFFFFFFFFFFF99
:10D2A000FFFFFFFFFFFFFFFFFFFFFFFFFFFFFFFF8E
:10D2B000FFFFFFFFFFFFFFFFFFFFFFFFFFDFFFFF9E
:10D2C000FFFFFFDFFFDFFFFFFFFFFFFFFFFFFFFFAE
:10D2D000FFFFFFFFFFFFFFDFFFDFFFFFFFFFFFFF9E
:10D2E000FFFFFFDFF7BEF7BFEF7EE73DE6FCE71D80
:10D2F000EF3DEF7EF77EFFDFFFFFFFFFF7BFFFDFB2
:10D30000F7BFEF5DDEFCD69ACE5ACE7ACE5AD69AC9
:10D31000D6BBDEDBDEDCDEFCDEFCDEFCDEDCDEBB28
:10D32000DEDBDEBBD69ACE7ACE59C639BDF8BDD784
:10D33000BD97B596B596B596BDB7C5F8C639D67A38
:10D34000D69AD69AD69BD69ACE5ACE5AD65AD67A4C
:10D35000D69BD6BBDE9BCE19BDD7D65ADEBBC61830
:10D36000AD55B576B576B576BDD8C619CE7AA514C5
:10D3700083D0A4D483CF10615AECAD35736E10A363
:10D38000108200000000000000000000000000000B
:10D39000000000000000000000000000106138E202
:10D3A000496351C459E459C451C451C451A451A44E
:10D3B00049643902286010000000000000000000ED
:10D3C0000000000000000000080008000800100035
:10D3D00008000000000000000800080010201020D5
:10D3E0000800102010410820000000000820104113
:10D3F000082008000800102010200800080008007D
:10D400001021082008201020080000000000002043
:10D41000000000000000000000000000000000000C
:10D4200000000000000008200000000000000800CC
:10D430002040288038C1496259C36A057AA78B28E1
:10D440009B69A3AAABEBB44CBC8DC48EC4AED50F04
:10D45000DD50E570DD50E5B1F633F654F654F65480
:10D46000FE74FE74F654FE95FE54FE54FFFFFFFF5B
:10D47000FFFFF79EF79EFFFFFFFFFFFFFFFFFFFF8E
:10D48000FFDFFFDFFFFFFFFFFFFFFFFFFFFFFFFFEC
:10D49000FFFFFFFFFFFFFFFFFFFFFFFFFFDFFFDFDC
:10D4A000FFFFFFFFFFFFFFFFFFFFFFFFFFFFFFFF8C
:10D4B000FFFFFFFFFFFFFFDFF7BEFFFFFFFFFFFFE5
:10D4C000FFFFFFFFFFDFF7BFEF7EE73DEF3DE73DEB
:10D4D000E71CE71CE73DEF5EF7BEFFFFFFFFF7BF6E
:10D4E000EF7EF79FF7BFEF5DDEBBCE7ACE39C63950
:10D4F000C639CE19CE19C618C618C618C618C61809
:10D50000C5F8C5F8C5F8BDD7BDD7B5B7B597BD97B0
:10D51000BDB7BDB7BDD7BDF8C639CE7AD69ADEBB8A
:10D52000D6BBD67AD69BD67ACE7ACE7AD67AD69B08
:10D53000D69BDEDBDEBBC5F8BDF8D67ADEDCCE39A5
:10D54000B576BDB7B597B576BDB7C619CE7AAD7607
:10D5500083F0B5567B8E00006B4DAD569CB34229CF
:10D56000212508610000000000000000000000000C
:10D570000000000000000000000000000840390228
:10D58000414249A451E559E559E551E459C5498459
:10D5900030C21800182010410020000000000000D8
:10D5A000000000000000000008001000080000005B
:10D5B000000000000000000008000800080008004B
:10D5C0000820082000000000080010411021080079
:10D5D0000000082010201020100008001020080073
:10D5E0001061108208411041080000000000000096
:10D5F00000000000002000200000000000000020CB
:10D600000000000010411020080000000000082069
:10D610001840286038E1412151826A057AA78B08B9
:10D620009B699B69A3CBB44CBC6DBC6DC4AECCEF05
:10D63000D52FDD70E5B1EDF2F653F654F674FE74B5
:10D64000FE74FE75FE74FE74FE55F633FFFFFFFF99
:10D65000FFFFFFFFF79EF7DFFFFFFFFFFFFFFFFF6B
:10D66000FFFFFFFFFFFFFFDFFFDFFFFFFFFFFFFF0A
:10D67000FFFFFFFFFFFFFFFFFFFFFFFFFFFFFFFFBA
:10D68000FFFFFFFFFFDFFFFFFFFFFFFFFFFFFFFFCA
:10D69000FFFFFFFFFFFFFFFFFFFFF7BEFFFFFFFFE3
:10D6A000FFFFFFFFFFFFFFFFF7BFF7BFEF7EE73D85
:10D6B000E71CE6FCE71CE73DEF5DEF7EF7BFF7BF39
:10D6C000F7BFF79FEF7EF79EFFDFEF9EDF1CD6BB15
:10D6D000CE7ACE39CE39C5F8C618C618C618C619BE
:10D6E000C618C5F8C5F8BDD8BDB7BDD7BDF8C5F8D3
:10D6F000C619C619CE59CE7AD67AD69BDEBBDEBB0A
:10D70000D69BD69AD69AD67AD67AD69ADEBBDEDC65
:10D71000DEDCDEFCDEBBC5D8C618D69ADEBBCE3951
:10D72000B597BDD7BDB7BD97BDB7CE59D69ABDD7B2
:10D730008410AD568410000018E462EC6B6E4A6AE7
:10D740000862210410A20000000000000000000098
:10D75000000000000000000000000000000030C2D7
:10D7600049444984498451C45A255A05496430A121
:10D77000202030A1208100000000000000000000F7
:10D780000000000008001000080008000000000071
:10D790000000000008001021082008000000000020
:10D7A0000800080000000000104118610800000097
:10D7B00008201041102010411020080008000840E7
:10D7C000108118C310A210410820000000000000C2
:10D7D0000000000000000000000000000000000049
:10D7E00000000820080020A220A20800000000007D
:10D7F0001020204030A14101518362047A868B08B9
:10D8000093489B89ABEBAC0BB44CBC8DCCCED50F05
:10D81000DD70E5B1EDD2F613F633FE74FE74FE54FE
:10D82000F654FE74FE74FE74FE75F633FFFFFFFFC0
:10D83000FFFFFFFFFFFFFFFEFFFFFFFFFFFFFFFFF9
:10D84000FFFFFFDFFFFFFFFFFFDFFFDFFFFFFFFF48
:10D85000FFDFFFFFFFDFFFFFFFFFFFFFFFFEFFFF19
:10D86000FFDFFFFFFFFFFFFFFFFFFFFFFFFFFFFFE8
:10D87000FFFFFFFFFFFFFFFFFFFFFFDFFFFFFFFFD8
:10D88000FFFFFFFFFFFFFFFFFFDFF7BFEF9EF79EEA
:10D89000EF7EE73DE6FCDEFCE71DEF3DEF5DF77E4A
:10D8A000FFDFF7BFF7BFEF7EEF7EF7BFFFFFF7BFEA
:10D8B000EF7EDEDCD6BBD69ACE7AD67ACE59C63982
:10D8C000CE39CE59C639C619CE39CE5ACE7AD69B64
:10D8D000D69BD69BD69BD69CDEDCDEDCDEDCD6BBC4
:10D8E000D67AD69BD69BD67AD69BDEDBE6DCE6FCE8
:10D8F000E71DE71DD69ABDD8C639D69ADEBBC63914
:10D90000BD97C5F8BDD7BDB7BDF8CE59D6BBC63992
:10D910008C51AD358C51000018E37BF031A600200E
:10D920000000084110A200000000000000000000FC
:10D930000000000000000000000000000000206166
:10D940004103498449A451C451C5496330C130C120
:10D95000390228C2000000000000000000000000A2
:10D960000000080010201020080000000000000047
:10D97000080008200820082008000800080000000F
:10D98000082008000800102018611020080010412D
:10D99000186110201041104108000800104010824A
:10D9A00010A3108208410020000008400000000081
:10D9B0000000000000000000000000000000000067
:10D9C00018E319030820106139A541E710A20000EF
:10D9D00008001840306038E151836205726682E8C1
:10D9E0009329A3AAABCBAC0CBC6DC48ED4EFDD7075
:10D9F000E5B1EDF2EDF2F634F633F654FE74FE7452
:10DA0000F654FE74FE74FE74FE74FE54FFFFFFFFB6
:10DA1000FFFFFFFFFFFFFFFFFFFFFFFFFFFFFFFF16
:10DA2000FFFFFFFFFFFFFFFFFFDFFFFFFFFFFFDE47
:10DA3000FFDFFFDEFFFFFFFFFFFFFFFFFFFFFFFF37
:10DA4000FFFFFFFFFFFFFFFFFFFFFFFFFFDFEF7E97
:10DA5000F7BEFFFFFFFFFFFFFFFFFFFFFFDFF7DE68
:10DA6000FFFFFFFFFFDFFFFFFFFFFFDFFFDFF7BF6E
:10DA7000EF7EE73DE71DE6FCE71DE71DE71CE73D00
:10DA8000EF7EF7BFFFDFF7BFEF7EEF5EEF7EF79E23
:10DA9000F7BFF79FF79EEF5DE71DE71CDEDBD6BB08
:10DAA000D69BD6BBD6BBD6BBDEFCE6FCDEFCDEFCE2
:10DAB000DEFCE6FDDEFDDEDDDEFDD6BBD69BD69BC5
:10DAC000D69BD6BBDEBBDEDBDEDCDEDBDEDCE6FCF3
:10DAD000E71DE6FCD65ABDD7CE59D69BD6BBC63974
:10DAE000BDB7C618C5F8BDD7BDF8CE5AD6BCCE7ADC
:10DAF00094B39CB3AD354A6A5ACBBE1894B318E3BD
:10DB00000000000018E318C300000000000000003F
:10DB100000000000000000000000000000001040B5
:10DB200038E24943498449A4412230C14943414331
:10DB30002060000000000000000000000000000065
:10DB4000080010001000080000000000000008009D
:10DB5000080008200820000008200820080008000D
:10DB60000820080010411881080008001861188278
:10DB700010201841104108000820106118E42146C7
:10DB8000298729C829C8218710A300000820086117
:10DB90000020000000000000000000201082108221
:10DBA0001904424A632D39C710415AAA52AA0000EB
:10DBB00000001020206030A14963620572667AA7D8
:10DBC0008B29A3AAABEBB42CB44CCCAED50FE5910A
:10DBD000EDB1EDD1EDF2F613F633FE74F653F653D4
:10DBE000FE74FE74FE74FE74F674F653FFFFFFFFBE
:10DBF000FFFFFFFFFFFFFFFFFFFFFFFFFFFFFFFF35
:10DC0000FFFFFFFFFFDFFFFFFFFFFFFFFFFFFFFF44
:10DC1000F7BEF79EF7BEFFFFFFFFFFFFFFFFFFFF0F
:10DC2000FFFFFFFFFFFFFFFFFFFFFFDEEF5DE73DB1
:10DC3000EF5DFFFFFFFFFFFFFFFFFFFFFFFFF7BEEF
:10DC4000F7BEFFFFFFFFFFFFFFFFFFFFF7BFEF7E06
:10DC5000EF7EEF7EEF5DE73DE71CE71CE71CE6FC8F
:10DC6000E71DEF5DEF7EEF7EF79FF79FEF5EE73DED
:10DC7000E73DEF5EF79FF7DFF79FEF7FEF5EE73D52
:10DC8000E73DE73DE73EE73EEF5EE73EEF7EE73DFF
:10DC9000E71DE6FDDEDCDEDCDEBCD67BD69BD6BB3C
:10DCA000DEDBDEDCDEDCE6FCDEFCDEFCE6FCE71DCB
:10DCB000E71CDEDCD639C5F8CE39D6BBD6BBCE39AB
:10DCC000BDF8CE39C618BDF8BDF8CE7ADEDCDEDC94
:10DCD000A5159492B596A5148410A514A5147BAF30
:10DCE00000000000422839E80000000000000000A9
:10DCF0000000000000000000000000000000002004
:10DD000028A241024143390238E24963498418603C
:10DD100000000821082000000000000000000800AA
:10DD200010001000080000000000000000000800C3
:10DD3000080000000000082010200800082008004B
:10DD40000800106118611020102018812081102017
:10DD500018611020080010A218E421463A4A322A1D
:10DD6000320A3A6B3A8C3A8C29C81082000008417A
:10DD7000084100200000000000000000108242293D
:10DD80005B0C5B0D7C937431318618605AAA39A6FE
:10DD900000000800186028A1410259E472667AC7A1
:10DDA0008B499B8AABEBB42CBC6DCCAEDD30E591DE
:10DDB000EDD2EDF2F613F654F674F674FE74FE74BA
:10DDC000FE94FE74FE94FE94F654F653FFFFFFFF9C
:10DDD000FFFFFFFFFFFFFFFFFFFFFFFFFFFFFFDF73
:10DDE000FFFFFFFFFFFFFFFFFFFFFFFFFFDFFFFF63
:10DDF000FFFFF79EEF7DF79EFFFFFFFFFFFFFFFF97
:10DE0000FFFFFFFFFFFFFFFFFFFFF79EDEFCE71CAA
:10DE1000EF7EFFDFFFDEFFFFFFFFFFFFFFFFFFDF04
:10DE2000F79EFFDFFFFFFFFFFFFFFFFFFFDFFFDFCB
:10DE3000F7BFF79EEF5EE71DE71CE71CE71CE6FC5B
:10DE4000DEFCDEDBDEFCE73DF79FF79FF79FF79FE9
:10DE5000EF7EE73DE71DE73DE73DEF5EE73DE73D50
:10DE6000EF5EEF5EEF5EEF5EEF5EEF5EEF5EE73D73
:10DE7000E6FDDEDCDEBCD6BBD6BBDEBCDEDCDEDC3B
:10DE8000DEDCE6FCE6FCE6FCE71DEF3DE71DE71CFB
:10DE9000E71CDEBBCE19C5D8CE59D69AD6BBCE3933
:10DEA000C618CE59CE39C618C619CE7AD6BCDEFCF5
:10DEB000AD769472AD76C6187BCF8431BDF8A4F4EC
:10DEC00018A3000029455AEC0020000000000000C3
:10DED0000000000000000000000000000000000042
:10DEE000186130C130C138C2496349A420A1000083
:10DEF00008201020000000000000000008001000B2
:10DF000010000800000000000000000000000820D1
:10DF10000000000008201020080008200800080069
:10DF200010411840102020611861188120611040B4
:10DF3000080018C2216632094AAC42CC52ED5B4F50
:10DF40005B6F4AED42AC428C3A4A426A2986000035
:10DF50000000002020E421250862000018613985B6
:10DF60007C106BF063B074325B4D28C228C24A2724
:10DF70001061000010202860390151A36A6682E810
:10DF800093499B8AABEBB42CC48DCCCEDD50E5B16C
:10DF9000EDF2EE13F633FE75FEB5F694FE74FE74E4
:10DFA000FE94F674FE74FE74FE54F653FFFFFFFFFA
:10DFB000FFFFFFFFFFFFFFFFFFFFFFFFFFFFFFFF71
:10DFC000FFFFFFFFFFFFFFFFFFDFFFFFFFFFFFFF81
:10DFD000FFFFFFDFEF7DE73CEF7DFFDFFFFFFFFF90
:10DFE000FFFFFFFFFFFFFFFFFFFFEF3DDF1CE73DF0
:10DFF000EF9EFFDFFFFFFFDFFFFFFFFFFFFFFFFFE2
:10E00000FFDFF79EFFFFFFFFFFFFFFFFFFFFFFFFA9
:10E01000FFDFEF9EF79EEF5EEF5DEF5DE71CDEFC3E
:10E02000DEDBDEFCDEFCE71CE73DEF5EF79FF79FE3
:10E03000F79FF79FEF5EEF3DE71DDEFCDEFCDEFCA9
:10E04000DEFCDEFCE6FCE73DEF7EE73DE71DDEFCA7
:10E05000DEBCDEBCD6BCDEBBDEFCE6FDE71DE71D9C
:10E06000E6FCE6FCE71DEF3DEF5DE73DE71CE71C46
:10E07000E6FCDEBBC5F8C618D69AD6BBDEBBCE39E9
:10E08000C618CE7ACE59CE39C639CE5AD69BE71DA0
:10E09000B5B79492B596BDD79CB3630CCE59AD3548
:10E0A00039A7843031A752AB42290000000000009C
:10E0B0000000000000000000000000000000000060
:10E0C0000820288028A03902494328A108000841D7
:10E0D00008000000000000000000082010201820A8
:10E0E0001000080000000000000000000000000018
:10E0F00000000000082010400820080008001861F7
:10E100001841104018812061206128C21840000089
:10E1100018C35B0D7C9374536C1163D16BD16C117C
:10E12000745274326390636F6BD1638F534E3A4A6B
:10E1300010C4082118E43A4A5B4E4A8B210328A1F7
:10E1400041A68C518CD47CB484B3632D186120A17A
:10E15000398508210800184038E151A36A6682E831
:10E1600093299B8AA3CBBC4CC48DD50FDD30DD70C9
:10E17000EDF2F633F654F654FE74FE74FE94FE94FB
:10E18000FE94FE74F653F653F633F653FFFFFFFF8B
:10E19000FFFFFFFFFFFFFFFFFFFFFFFFFFFFFFFF8F
:10E1A000FFFFFFFFFFDFFFFFFFFFFFFFFFFFFFFF9F
:10E1B000FFFFFFFFFFFFEF7DE71CEF7DF7BFFFFFD6
:10E1C000FFFFFFFFFFFFFFFFFFDFE71CE73CEF7EE6
:10E1D000F7BFFFFFFFFFF7BEF7DFFFFFFFFFFFFF08
:10E1E000FFFFF7BFF79EFFFFFFFFFFFFFFFFFFFFF0
:10E1F000F7BFF7BFF7BFF7BFEF7EEF5EEF3DDEFC87
:10E20000DEDBDEFCDEDCDEFCE71CE73DE73DE73D78
:10E21000EF5EF7BFF79FEF7EEF7EEF7EE75DE71CD7
:10E22000DEDCDEDCDEDCDEDCDEFCE71DDEFDDEFC73
:10E23000DEFCE6FDDEFCE71CE73DE73DE71DE73DD4
:10E24000EF5DEF5EEF3DEF5DEF5DE73DE73DE71D25
:10E25000E6FCD67AC5F8C639D69BDEDBD6BBCE390E
:10E26000C639D69AD67ACE39CE39CE5AD6BCE73D03
:10E27000C6189CB3B596BDF8AD7618E44A496B6DE7
:10E280006B4DC6388C7229864208004100000000A0
:10E29000000000000000000000000000000000007E
:10E2A0000000184028A0392228A1080010200840AA
:10E2B00000000000000000000000080018201820E6
:10E2C000100000000000000000000000000000003E
:10E2D00000000000080008000800184120812061AB
:10E2E000184018811881208128E3100008413A085D
:10E2F000638F5B6F74527C737C7374737C9384D470
:10E300009556957784D57C93743274537C7374934B
:10E3100074726BAF424929A7428A73F16BF04A28A5
:10E3200028E2414384308D15951684D4426A080052
:10E33000310318C20000102030C151C46A4682E87F
:10E3400093499BAAABEBBC6DCCCED4EFDD50E591ED
:10E35000E5B1EE12FE74F654F654FE94FEB5FE944A
:10E36000FE94FE94FE74F654F633F633FFFFFFFF7F
:10E37000FFFFFFFFFFFFFFFFFFFFFFFFFFFFFFFFAD
:10E38000FFFFFFFFFFFFFFFFFFFFFFFFFFFFFFFF9D
:10E39000FFFFFFFFFFFFFFFFF79EEF5DEF5DF7BEA3
:10E3A000FFFFFFFFFFFFFFFFFFFFEF7EE73CF7BF31
:10E3B000FFFFFFFFFFDFF79EEF5DEF7EF7BEFFFF82
:10E3C000FFFFFFFFF79EF7BEFFFFFFFFFFFFFFFF0F
:10E3D000FFDFFFDFF79EF79FF79EF7BFF79EE73D52
:10E3E000E71CDF1CDEFCDEDCDEFCDEFCDEFCE71C0A
:10E3F000E75DEF5EEF7EEF7EEF9EF79EF79EEF7E8E
:10E40000EF5EE73DE71DDEFCDEDCD6BBDEDCE6FDD5
:10E41000E6FDE71DE71DE71DE73DE73DE73DE73D7D
:10E42000EF7EEF7EEF3DEF3DEF5DE73DE71DE71C43
:10E43000DEDBD65AC618CE59DEBBDEDBDEDBCE59BC
:10E44000C639D69AD69ACE5ACE5ACE7BDEDCE71D96
:10E45000CE599CF4AD76C5F8BDF842290000000005
:10E460008410A514A515632D000000000000000015
:10E47000000000000000000000000000000000009C
:10E480000000104028802060102010411040000043
:10E49000002000200000082000000800184018207C
:10E4A0000800000000000000000000000000000064
:10E4B000002008200800080018412061186018603A
:10E4C0001860104020A128C2080010A24ACC6BD0CE
:10E4D0006C126BF17C738CD49D97A5D9AE199D9865
:10E4E0009577A5F9A61AA5F9957795979E199DF8A0
:10E4F0009DF99DD89D978CD473AF73D07C116B6EB2
:10E50000528930E239027BCE8D14A5FA8CD5298749
:10E51000080028E20820080030C251A372668B0868
:10E520009B8AA3CBAC0CBC4CCCCED530DD30E57097
:10E53000EDD2F633F654FE75F674FE74FE95FE9534
:10E54000FE94F674FE74FE74F633EE12FFFFFFFFC6
:10E55000FFFFFFFFFFFFFFFFFFFFFFFFFFFFFFDFEB
:10E56000FFDFFFFFFFDFFFFFFFFFFFFFFFFFFFFFFB
:10E57000FFFFFFFFFFFFFFFFFFFFF7BFEF9EE73D3E
:10E58000EF7DFFFFFFFFFFFFFFFFFFFFF79EFFFF96
:10E59000FFFFFFFFFFFFFFFFF7BEE75DEF5EF7BF87
:10E5A000FFFFFFFFFFFFF79EF7DFFFFFFFFFFFFF0C
:10E5B000FFFFFFFFF7BFF7BFFFDFF79EEF5EEF5EE6
:10E5C000EF5DE71CDEFCE6FCDEDBDEDBDEDBD6DB64
:10E5D000DEFCE71DE73DEF5EEF7EEF7EF77EF79E08
:10E5E000F79EEF7EEF7EEF5EEF3DE71DDEFCDEFD8A
:10E5F000E6FDE71DE71DE71DE73DE73DEF5DEF7E2B
:10E60000EF3DE73DEF5EEF3DE71CE73DEF3DE71CEB
:10E61000DEDBCE39C618D69BDEDBDEFCDEDBCE5A77
:10E62000CE59D6BBDEDBCE7ACE5AD67BDEDCE71DFA
:10E63000D69BAD15AD55B5B7CE39DEDC31860000C1
:10E6400039E8B597A5158C7200000000084100005C
:10E6500000000000000000000000000000000000BA
:10E660000000082018401020188218410000000007
:10E670000020002108200000000010402060182029
:10E680000800000000000000000000000000000082
:10E6900000000000000010411841184018611820C7
:10E6A000184120C228E30820214563AF7432743238
:10E6B0007C938CF5A5B8AE3AAE39B63AAE5AA619E7
:10E6C000AE7AB6BCBEDCBEFDBF1DB6DCB6BCB6BC09
:10E6D000AE7BAE9BAE7BAE5AA5B89D5595358451A9
:10E6E0006B8E4A4930C149846B4C8493A6197431AE
:10E6F000210310201040080028A1518372878B2924
:10E700009BAAA3EBB42CC48DCCCECCEFDD30DD7056
:10E71000EDD2F633F633F654FE94FE74F654F674E6
:10E72000FE95FE94F674F653F633F613FFFFFFFFE3
:10E73000FFFFFFFFFFFFFFFFFFFFFFFFFFFFFFDF09
:10E74000FFFFFFDFFFFFFFFFFFFFFFDFFFFFFFFF19
:10E75000FFFFFFFFFFFFFFFFFFFFFFFFFFFFEF7D5B
:10E76000E73CEF5DF7BFFFFFFFFFFFFFFFFFFFFF8E
:10E77000FFFFFFFFFFFFFFFFFFFFF79EEF5DF77E4D
:10E78000FFDFFFFFFFFFFFFFF7BEFFDFFFFFFFFF22
:10E79000FFFFFFFFFFFFF79EF79EF7BFEF7EEF7EC5
:10E7A000EF7EE73DDEFCDEDBD6BBDEBBDEBBD6BBF1
:10E7B000DEDBDEDCDEFCE73DE75DEF5EEF7EEF7E7D
:10E7C000EF9EEF7EEF7EEF7EEF7EEF7EEF3EE6FD8B
:10E7D000E71DE73DE73DEF5DEF5DEF5EEF3EEF5E8E
:10E7E000EF5EEF5EEF3DDEFCE71CEF5DEF5DE73DCA
:10E7F000DEDBC639C619DEBBDEDCE6FCDEDBCE7A4C
:10E80000CE7ADEDBDEDBD69BCE5AD67BDEFCEF5D3E
:10E81000DEDBAD35AD35B5B7BDD7D6BBA53431A63A
:10E82000630C73AF9CF48410108239C718C30000C6
:10E8300000000000000000000000000000000000D8
:10E840000000080008001041188110200820002056
:10E850000820082100200000082018402040102037
:10E860000000000000000000000000000000002088
:10E87000000008001040184118201841186120A11C
:10E88000310330E3104118E45B2E6BD16BD184D49B
:10E890009D979D979DB8A5D8A5B89D979DB8BEDCBE
:10E8A000C75EC73DC73EBF1DCF9ED7FFBEFCB6FCAF
:10E8B000C77EC73DC71DC71DC71DAE199DB7B63959
:10E8C000ADD994F45289204041635AAA7C729DB715
:10E8D0004AAB082010200800186159A482E8938AE6
:10E8E000A3CBAC0CB44CC4AECCAECCCEDD50E571F9
:10E8F000EDD2EE12EDF2F634FE95FE95FE94F6544E
:10E90000FE74FE94F654EE13F633F653FFFFFFFF4A
:10E91000FFFFFFFFFFFFFFFFFFFFFFFFFFFFFFFF07
:10E92000FFFFFFFFFFFFFFFFFFFFFFDFFFFFFFFF17
:10E93000FFFFFFFFFFFFFFFFFFFFFFFFFFFFFFFFE7
:10E94000EF7DE73DE75DF7BEFFFFFFFFFFFFFFFF46
:10E95000FFFFFFFFFFFFFFFFFFDFF7BFEF5EEF5D92
:10E96000F79EFFDFFFFFFFFFFFFFF7BFFFFFFFDFA8
:10E97000FFFFFFDFF7DFEF9EEF9EF79EF79EEF7E34
:10E98000EF5DEF7EE73DDEDCDEDBDEDBDEDBDEBB2C
:10E99000D6BBDEDBDEDBDEDCE71CE73DE73DE73D4B
:10E9A000EF7EEF5EEF7EEF7EEF7EEF7EEF5EEF3E7F
:10E9B000E73DEF5EEF5EEF3DEF3DEF3EE73DE73DCC
:10E9C000EF3EE71DE6FCE71DEF3DEF3DE73DE71DB0
:10E9D000D6BBC619C639D69BDEDBE6FCDEDBD67AB3
:10E9E000D67ADEDBDEDBD6BBD67BD69BDEFCEF5EEB
:10E9F000DEFCAD55AD35BDB7BDD7C618CE5AB5B7DF
:10EA0000BDF8630C000018C36B2D73AF3186000096
:10EA100000000000000000000000000000000000F6
:10EA20000000000000001040188208200820082084
:10EA3000084108200000000010212040202008008C
:10EA400008000800000000000000000000000000B6
:10EA5000082008401040104018402061288128E21A
:10EA60001040000010E542AD6C127C9484D47CB45C
:10EA70009D97A5D9AE3AB65AB65AA5F99D98AE7BE0
:10EA8000B6DCBF1DC77ECF9FD7BFD79FD7BFCF5E96
:10EA9000CF5ECF5ECF7FC73DCF7ED7DFC71DA61924
:10EAA000AE7BD79FB61A528A1820412362EB8CF4B2
:10EAB00084D318E308000000184162058B289BAB43
:10EAC000A3CBB42CBC4DC48DC4AECCEFD52FDD7020
:10EAD000E5B1F633EDF2EDF2EDF2F633FE75FEB58B
:10EAE000FE95F654F654F654F634F633FFFFFFFF66
:10EAF000FFFFFFFFFFFFFFFFFFFFFFFFFFFFFFFF26
:10EB0000FFFFFFFFFFFFFFFFFFFFFFDFFFFFFFFF35
:10EB1000FFFFFFFFFFFFFFDEFFFFFFFFFFFFFFFF26
:10EB2000FFFFF79EEF7DEF5DF7BEFFFFFFFFFFFFEB
:10EB3000FFFFFFDFF7BEF7DFFFFFF7BFEF7EE73D29
:10EB4000E75DEF7EFFFFFFFFFFFFFFFFF7BFFFFF68
:10EB5000FFFFFFDFF79FEF5EF79EF79EEF7EE73D3B
:10EB6000E73DEF5DE73DE73DDEFCDEDCDEDBDEDBE7
:10EB7000DEBBD6BBD6BBD67AD6BBDEFCE71DE73DF7
:10EB8000E71CEF5DEF7EEF7EEF7EEF7EEF7EEF7EA8
:10EB9000EF5EEF5EEF7EEF5DEF5DEF3DE75DEF5D1A
:10EBA000E73DE71DE71DE73DE73DE73DEF5DE71C7E
:10EBB000D69AC618C619D69BDEFCDEDCDEFCD69BD8
:10EBC000D69ADEDBDEDCD6BBD67AD69BDEFCEF7EC9
:10EBD000E73DAD56AD35BDB7BDF8C619C5F9C61987
:10EBE000BDD87BCF18C321257BCF9493632D0862BA
:10EBF0000000000000000000000000000000000015
:10EC000000000000000010411041082008200841C9
:10EC10000821080008000820104128602020082052
:10EC2000080010200800000000000000000008009C
:10EC3000102010401841186120A228E228C10000CD
:10EC4000002142AC74B5A65BAE5B9DF9AE3A9DB8AF
:10EC50009DB8AE19B69BCF3EC71DBEBCCF5EC75E8A
:10EC6000BF1DB6DCB6DCC73DDFFFDFDFD7DFDFDF90
:10EC7000D79FCF5ECF5EC73EC6FDCF9FDFFFD7DFFA
:10EC8000BEDCB69CD7BFC6FC5AEC100030E24A4945
:10EC90007C724A6A0000000010616A6793499B8B8E
:10ECA000ABECBC4DBC4DC46DCCEFD52FDD70EDD2BF
:10ECB000DD50EDD2F674F633EDF2EDF2EE13EE1216
:10ECC000F653F654F633FE74F634EE12FFFFFFFFF0
:10ECD000FFFFFFFFFFFFFFFFFFFFFFFFFFFFFFFF44
:10ECE000FFFFFFFFFFFFFFFFFFFFFFFFFFFFFFFF34
:10ECF000FFFFFFFFFFFFF79EFFFFFFFFFFFFFFFF8D
:10ED0000FFFFFFFFF7DFF7BEF79EF79EFFFFFFFF56
:10ED1000FFFFFFFFF7BEF79EF7DFF79FEF7EEF7E67
:10ED2000EF3DE73DEF5EFFDFFFFFFFFFFFDFFFFF90
:10ED3000FFDFF7BFF79FF79EF79EEF7EEF7EEF5D59
:10ED4000EF5DE73DE73DEF5DE73DE71CDEFCDEFC08
:10ED5000D6BBD69ACE7AD69AD69ADEBBDEDCDEFC5D
:10ED6000DEFCE73DEF3DEF5DEF5DEF7EEF7EE73DE3
:10ED7000EF7EEF5EEF7EEF5DEF5DEF7EEF7EE73DD6
:10ED8000E71DE71DDEFCE71CE6FCE73DEF5DE71C49
:10ED9000D67AC619CE5ADEDBE71CE71CDEFCD6BBF2
:10EDA000D6BBDEFCE71CDEBBCE5AD69BE73DEF5E52
:10EDB000DF1CAD76AD55BDD7BDD8C619C5F8BDB7FA
:10EDC000B576AD56A5359CF494924A6A212518C4AF
:10EDD0000001000000000000000000000000000032
:10EDE0000000000000001021082008200840082032
:10EDF00008000800082008001020288118201000B2
:10EE0000080008200820002000000000082008203A
:10EE1000106110411861206228C22081000029671A
:10EE20008D56B69CC6FEBEDD9DFAA639AE3AAE5AE8
:10EE3000B69CAE3AB67ABEBDB6BCCF5ECF9FC75EBB
:10EE4000C77ECF7EBEFDB6BCB6FCC77EDFDFDFFF70
:10EE5000DFFFE7FFCF9ECF9FC73DC71DCF7EDFFF00
:10EE6000EFFFC71DB65ACF7FBEFD52CB182031022F
:10EE700052CA52CB0860000018A27AA7936AA3EC8A
:10EE8000B44DB42DB42DC48ED50FDD50E5B1EDF2E7
:10EE9000E5B1E5D2FE74FEB5FE74F633F633EE123C
:10EEA000F633F654EDF2EDF2F633EDF2FFFFFFFF2D
:10EEB000FFFFFFFFFFFFFFFFFFFFFFFFFFFFFFFF62
:10EEC000FFFFFFFFFFFFFFFFFFFFFFFFFFFFFFFF52
:10EED000FFFFFFFFFFDFEF5DF7DEFFFFFFFFFFFF3D
:10EEE000FFFFFFFFFFFFFFFFFFDFEF7DF79EFFFF4D
:10EEF000FFFFFFFFFFFFF7BEEF5DEF7EEF9EEF5DD1
:10EF0000EF5DE73DE71DEF5EF79EFFBFFFDFFFDF31
:10EF1000F79EF79FEF9EEF7EF79EF79FEF7EEF7EC7
:10EF2000EF7EEF5DE73DEF5EEF5EE71CDEFCD6BBFC
:10EF3000D6BBD69AD67AD69BD69AD69AD6BBDEDCE4
:10EF4000DEFCDEFCDEFCE71CE75DE73DE73DEF5D58
:10EF5000EF7EEF5EEF7EEF5EEF5EEF7EEF7EE73DF2
:10EF6000DEFCE71CE73DE71CE71CEF3DE73DDEDC90
:10EF7000D67AC619CE7ADEDCE71CE73DDEFCDEBBC6
:10EF8000DEDBE71CE71DDEDBCE7ACE7BE71DEF9EE6
:10EF9000E73DB5B7AD55BDD7BDF8C5F8BDD8BDD8AF
:10EFA000B576AD55A535AD56528A294539E829269D
:10EFB00008620000000000000000000000000000E7
:10EFC0000000000008201020102010211041102007
:10EFD0000820080008000800184030A12040100058
:10EFE0000800000000200820106100000000102030
:10EFF00010411041186128C21840000031E895788E
:10F00000AE9CAE9BB65B9DB8A5F9AE19A5F9AE1A3C
:10F01000B69BBEFCB69BAE5BC73ED7DFCF9ECF9EF6
:10F02000CFBFD7BED7DFDFFFCF7EBF1DC6FCCF5E11
:10F03000DFDFE7FFDFDFCF9ECF5DCF5ECF5DCF5E4F
:10F04000DFDFEFFFC71DAE5ACF7FBEBD52CB18002A
:10F050004A075B0C1082000020A182E89BABAC2C1D
:10F06000BC6EB44DC48ED4EFCCEFDD30DD70E5B1B5
:10F07000F613F613EE13FE74FEB5F633EDF2F63327
:10F08000F633F613F613EDD2E5D2EDF2FFFFFFFFF4
:10F09000FFFFFFFFFFFFFFFFFFFFFFFFFFFFFFFF80
:10F0A000FFFFFFFFFFFFFFFFFFFFFFFFFFFFFFFF70
:10F0B000FFFFFFFFF7DEE73CF7BEFFFFFFFFFFFFAD
:10F0C000FFFFFFFFFFFFFFFFFFFFFFFFF7DFF7DFA0
:10F0D000FFFFFFFFFFFFFFFFF7BFEF7EEF7EEF7E3B
:10F0E000EF5EE73DE73DEF3DEF7EF79FF7DFFFDFA8
:10F0F000F7BFF79EEF7EEF5DEF7EF7BFF79FEF5D07
:10F10000EF5DEF7EEF7EEF5DE73DE71CDEFCDEDCD2
:10F11000DEDCDEDBD6BBD6BBD6BBD69AD69AD69B78
:10F12000DEDBD6BBD69BDEFCE71CE71CEF5DEF7E8B
:10F13000E73DEF5EEF7EEF5DEF7EEF7EE73DE6FCC5
:10F14000E71CE71DE71CE6FCE6FCE71CE71CDEFC11
:10F15000CE5ACE59D6BBDEDBE71CE73DE71CDEDC32
:10F16000DEDBE6FCE71CDEDCD69BD69BE73DEF9EB4
:10F17000E73DBDD7AD35BDF8C618C5F8BDF8BDD85B
:10F18000B576AD56B5977BD039C76B4D4A6A318796
:10F19000000000000000000000000000000000006F
:10F1A00000000000084008000800104118821041CB
:10F1B000082000000820080020A138E12020184184
:10F1C0000000000000000000104118A218A2082052
:10F1D0000000102028C2100000005B2EAE5BBEDDD8
:10F1E000AE1AB65BA6399D97ADB8AE19A5D9B65A79
:10F1F000BEDCD79FBEFDB6BCCFBFD7DFE7FFE7FFC2
:10F20000DFFFE7FFE7FFE7FFE7FFE7FFD79ECF3D21
:10F21000CF5DCF5DDF9ED77DD79ED79FCF7EC71DA9
:10F22000CF5ECF3ECF7EB69BAE7AC71DB6BC39E867
:10F2300010205A8A3165000031038B499BCBAC0CFE
:10F24000B44DBC8ECCF0CCCFCCEFDD71E591DD912F
:10F25000E5B1EDB2E591E5D1F653FE74F654E5F271
:10F26000EDF2F654F633F633EDF2E5D1FFFFFFFF92
:10F27000FFFFFFFFFFFFFFFFFFFFFFFFFFDEFFFEC0
:10F28000FFFFFFFFFFFFFFFFFFFFFFFFFFFFFFFF8E
:10F29000FFFFFFFFF79EE73CF7BEFFFFFFFFFFFF0B
:10F2A000FFFFFFFFFFFFFFFFFFFFFFFFFFFFFFFF6E
:10F2B000FFDFFFFFFFFFFFFFFFFFF7BFEF5DEF7E09
:10F2C000EF5EEF5EE73DE73DEF5DEF5DEF7EF7BFA1
:10F2D000F79EEF9EEF5EEF5DEF5DEF7EF79EEF7EB8
:10F2E000EF5EEF7EF79EEF5DEF5DEF5DE73DE73DA3
:10F2F000E71CDEDCD6BBD6BBD69BCE7AD69AD69A96
:10F30000D69AD69AD67ADEBBDEDCDEFCE71CE71C9A
:10F31000E71DE73DE73DE75DE73DE73DE71CE73DEE
:10F32000E73DE6FCDEDBDEDBE71DE73DE71CDEDC80
:10F33000C619CE59DEBBDEDCE71CE71DE6FCDEDBD2
:10F34000DEDBE71CE71CD6BBCE7BD6BCE73DF7BFB8
:10F35000EF7EBDD8AD55BDF8BDF8BDF8C619BDD816
:10F36000AD56AD35BDD852AB52AB42295AEC528A9C
:10F37000000000000000000000000000000000008D
:10F38000000000200841080010411882104110417F
:10F39000102000000020000028C138E12040182083
:10F3A00008200800080008000000102120A218C250
:10F3B00018A218610800000163B0B65BC71EBEDC6E
:10F3C000A5979536A5F9B69BB69BBEDDB65BB65A3A
:10F3D000C71DC73EC71EC75ECFBECF9ECF9EDFDF15
:10F3E000E7FFE7FFE7FFE7FFE7FFE7FFE7FFE7FFED
:10F3F000DFFFD7BECF7ED77EDFDFDFBEDFBFD79E8A
:10F40000CF1DCF5ECF5EC71DA5B8ADF9C77F84F60F
:10F410000820186139C600004164936A9BABA3ECD5
:10F42000B42DBC6DC4AEC4AEDD70EDD2E5B1EDD28D
:10F43000E5B1EDD2EDD2E5D2F633FE74FE95F6538A
:10F44000EE13F654F654F633E5D2DD90FFFFFFFFDE
:10F45000FFFFFFFFFFFFFFFFFFFFFFFFF7BDF7DE2F
:10F46000FFFFFFFFFFFFFFFFFFFFFFFFFFFFFFFFAC
:10F47000FFFFFFFFF79EE71CEF9EFFFFFFFFFFFF71
:10F48000FFFFFFFFFFFFFFFFFFFFFFFFFFFFFFFF8C
:10F49000FFFFFFFFFFFFFFFFFFFFFFFFF79EE71DDF
:10F4A000EF5EEF7EEF5DEF3DE71DE71DE73DEF5DB2
:10F4B000EF5DEF9EEF9EEF5EE73DEF5DEF7EF79E27
:10F4C000F79EEF7EEF7EEF5DEF7EEF5EE73DE73D7F
:10F4D000E71DE6FCDEFCDEDBD6BBD69ACE7ACE7A22
:10F4E000CE5ACE7AD69BD69AD6BBDEDBD6BBDEDC36
:10F4F000DEFCDEFCE71DE71CE71CE71CE71CE71C45
:10F50000DEFCE6FCDEFCDF1CE73DE73DE71CD6BB8E
:10F51000C5F8CE59DEBBDEFCE6FCDEFCE6FCDEFC1C
:10F52000E71CE73DE71CD6BBD69BD6BCE73DF79E64
:10F53000EF5DC639B576BDD7BDF8C5F8C619BDF8BB
:10F54000AD55AD35A4F4632D949221252125528A21
:10F550004229000000000000000000000000000040
:10F56000000008410820080018811882104010414E
:10F57000080008000800080128A138C128402040E0
:10F58000184008000000000008200020000008418A
:10F5900020E3000000417C93B6BCAE5BAE199D57E2
:10F5A0009D98B67BBEDCBEFCBF3DC75EC71DCF3E8F
:10F5B000CF5EB6BCBEFDCF7EDFFFDFFFCFBED7BEC6
:10F5C000D7BEDFFFE7FFE7FFE7FFE7FFE7FFEFFF5C
:10F5D000EFFFEFFFDFDFD79EDF9EDF9EE7DFF7FF66
:10F5E000DF9EDFBFE7FFDFFFBE5A8CF5B6BBB6BCC0
:10F5F000530E00001860000049C59B6A938A9BABBC
:10F60000ABCCB42DBC4DCCEFE5B2F5F3EDF2EDF2A1
:10F61000F633F674F674EDF2EE13FE95F674F653C7
:10F62000EE12EE12F633EE12E5F2DDB0FFFFFFFF51
:10F63000FFFFFFFFFFFFFFFFFFFFFFFFF7BEEF7DB5
:10F64000FFFFFFFFFFFFFFFFFFFFFFFFFFFFFFFFCA
:10F65000FFFFFFFFEF7EE71CF79EFFFFFFFFFFFFAF
:10F66000FFFFFFFFFFFFFFFFFFFFFFFFFFFFFFFFAA
:10F67000FFFFFFFFFFFFFFFFFFFFFFFFFFFFF79F02
:10F68000EF5EE75DE75DE73DE71CE73DE73DE71C33
:10F69000E73DEF7EF77EF79EEF5EEF5EEF7EF79F32
:10F6A000F7BFF79EEF7EEF5EE73DE73DEF5DEF7E54
:10F6B000EF7EEF7EEF7EEF5DDEFCDEDCD6BBCE7A4A
:10F6C000CE7AD69AD69ACE7ACE7AD67AD69AD6BB31
:10F6D000D6BBDEFCE71DE71DDEDCDEFCDEDBDEDBB1
:10F6E000DEFCE73DE73DE71CE71CE71CDF1CD69A84
:10F6F000CE59D67AD6BBDEDCE71DE73DE73DE71DF8
:10F70000E73DE73DE73DDEDCD6BBDEFDEF5EF7BE65
:10F71000EF7EC639B596BDD8BDF8C618C619BDD797
:10F72000AD56AD55A51439E84A6A7BCF420839C7B2
:10F7300073CF18C3000000000000000000000000AC
:10F7400008401061082010401861106110411061DC
:10F75000082008001020082020614101308120404D
:10F76000208008000000104110610820104108406E
:10F77000000000427CB5B67C9DB895579D98AE3A86
:10F78000BEDDC73DC75ECF7EC71DBF1DC73ECF9F35
:10F79000D7DFC73ECF3DB6BCCF7EE7FFE7FFE7FF31
:10F7A000CF5ED79EEFFFDFDFDFDFDFFFEFFFEFFF93
:10F7B000EFFFEFFFF7FFEFFFE7DFD79ED77EE7BE54
:10F7C000EFFFDFDFD7BFDFDFD79FADF97C92BEDC75
:10F7D00095772124000008206247934A938AA3CB9F
:10F7E000AC0CABEBC4AEDD50EDD2F613EE13FE74F1
:10F7F000FE95FEB6FED6F654EDD2FE74FE95EDF300
:10F80000EE12EE12EDF2EDF2E5D1EDD1FFFFFFFFCA
:10F81000FFFFFFFFFFFFFFFFFFFFFFFFFFFFEF5DAA
:10F82000F7BEFFFFFFFFFFFFFFFFFFFFFFFFFFFF31
:10F83000FFFFFFFFEF7DE71CF79EFFFFFFFFFFFFCE
:10F84000FFFFFFFFFFFFFFFFFFFFFFFFFFFFFFFFC8
:10F85000FFFFFFFFFFFFFFFFFFFFFFFFFFFFFFFFB8
:10F86000EF7EDEDBE73DE71CE71CE71DDF1CE71C46
:10F87000E73DEF3DEF5EF7BFF7DFEF5EEF5DEF7E59
:10F88000F79EEF7EEF7EEF5EEF5EEF7EF79EF79ED8
:10F89000F7BFEF9EEF7DEF9EEF5DE71CDF1CDEDC28
:10F8A000D6BBD69ACE7ACE7ACE7ACE5ACE7AD67ABF
:10F8B000D69BDEBBDEDCDEFCDEFCDEFCDEFCDEFC42
:10F8C000E71CE71DE71CDEFCDF1CDF1CDEDCD67A54
:10F8D000CE5AD69BD6BBDEDCE73DEF5EEF5DE73D63
:10F8E000E73DEF5DE73DD6BBD6BBDEFDEF5EFFDF5C
:10F8F000EF9EC618AD76BDD7C5F8C619C619BDB7F7
:10F90000B576A535A5148C7221250882528B6B6EB5
:10F910005B0C18C3000000000000000000000000A5
:10F920001061104108200820186110611061104119
:10F9300008200800104008202060492240E138C11A
:10F94000206000000821106108200820002000002D
:10F9500000418CF6BF1E9E1995368D36AE3ABEDD3F
:10F96000BEFDCF5EC73EC73EC77EC75EBF1DCF9FF1
:10F97000CFBFD7DFE7FFC73DBEDCDFFFDFFFE7FF1D
:10F98000DFDFCF9ED7DFD7DEDFFFE7FFE7FFE7FF51
:10F99000EFFFEFFFEFFFEFFFEFFFEFFFE7FFC73CEA
:10F9A000C71DE7FFD77ECF3DDFDFDFBF84D47432D2
:10F9B0009D985B2D002000006A87936A936AA3AB31
:10F9C000BC8EC4AEDD50E5D1EE13F694F6B4FED590
:10F9D000FEF6FED6FEB5FEB5F654EDF3F634FE9512
:10F9E000F633EDF2EDD2EDD2E591E590FFFFFFFFAA
:10F9F000FFFFFFFFFFFFFFFFFFFFFFFFFFFFF79E80
:10FA0000EF7DFFFFFFFFFFFFFFFFFFFFFFFFFFFF98
:10FA1000FFFFFFFFEF5DE71CF79EFFFFFFFFFFFF0C
:10FA2000FFFFFFFFFFFFFFFFFFFFFFFFFFFFFFFFE6
:10FA3000FFFFFFFFFFFFFFFFFFFFFFFFFFFFFFFFD6
:10FA4000FFFFE75DDEDBE71CDEFCDEDCDEFCE6FC68
:10FA5000DEFCE71CE73DEF7EF79EEF5DEF5DEF7E9E
:10FA6000EF7EF79EF79FEF5EEF5EEF5EE73DE71DEF
:10FA7000E73DE75DE75DE75DE73DE75DE73DE71C07
:10FA8000DEFCCE7ACE5ACE7ACE7ACE7ACE5ACE7AE4
:10FA9000D69BD69BD69BDEBBDEDCDEDCD6BBDF1C7A
:10FAA000E71CDF1CE71CE73DE71CDF1CDEDCCE7A31
:10FAB000CE59D6BBDEDBDEFCE71DE73DEF5DEF7E1A
:10FAC000EF9EEF5EDEFCD6BBDEDCDEFCEF7EF7BF3A
:10FAD000EF7ECE59B596BDD7BDF8CE39C619BDF863
:10FAE000B5969CF49CB3BDD78C724209A5157BF0EA
:10FAF00000000000002000000000000000000820BE
:10FB000010410820000008201861104118611020E1
:10FB1000082010201020080020A1494238C04122AE
:10FB2000208108001041000000200020000019057D
:10FB30009577AE7BA5F9A5FAAE1ABEBCC73EC73E07
:10FB4000CF5ECF5EC71DBEBCC6FDCF7EC73EC6FD25
:10FB5000D7DFDFFFE7FFE7FFC73DC73DD7FFDFFF89
:10FB6000E7FFDFDFCF7ED79EE7FFE7FFEFFFEFFF87
:10FB7000E7DFEFFFF7FFEFFFEFFFEFFFF7FFEFFF2D
:10FB8000CEFCBEBBDFBFD79ECF7ED7BFD79F6390D3
:10FB90007C5295151061000072A99BAB8B49AC0C8F
:10FBA000CCCFDD71EDD2EE12EDF2F633FED5FED5FF
:10FBB000FED5FEF6FEB6FEB5FED5F654E5D2F654F9
:10FBC000FE75F613EE12E5B1E590DD50FFFFFFFF85
:10FBD000FFFFFFFFFFFFFFFFFFFFFFFFFFFFFFDF55
:10FBE000EF5DF7BFFFFFFFFFFFFFFFFFFFFFFFFF1F
:10FBF000FFFFFFFFE73DE71CF79EFFFFFFFFFFFF53
:10FC0000FFFFFFFFFFFFFFFFFFFFFFFFFFFFFFFF04
:10FC1000FFFFFFFFFFFFFFFFFFFFFFFFFFFFFFFFF4
:10FC2000FFFFFFFFE71DDEDCE6FCDEFCE6FCE6FC9A
:10FC3000DEDCDEDBDEFCE73DEF7EEF7EF79FEF9E56
:10FC4000F79EEF9EEF7EEF5EEF7EEF5EE73EE73ED4
:10FC5000EF5EEF7EEF7EEF5DE73DEF5EEF5DDF1C79
:10FC6000DEFCDEDBD6BBD69AD69AD69AD69AD67A60
:10FC7000CE7ACE7ACE7AD69ADEBBD6BBDEFCE71D34
:10FC8000DEFCE71CE73DE71CDF1CDF1CDEDCCE5A98
:10FC9000CE5ADEDBDEFCE71CE71CE71DEF7EEF7EC5
:10FCA000EF5DE71DDEDCDEDCDEDCE71DF79EFFDF5F
:10FCB000F7BFCE7AB576BDB7BDF8CE59CE39BDD730
:10FCC000AD769CD39CD39CF4B5769CF44A4920E451
:10FCD00010A20861002000000000000000001020B9
:10FCE0001021000000001040106118611861102000
:10FCF00010410800080008002081492230A141225B
:10FD000028C11041080000000820000021259DD8CE
:10FD1000BF1EA6199DD8B69CCF5FBEFDC73ECF3E85
:10FD2000D75ED79FCF3ECF1EC73DC75EC71DA5F983
:10FD3000BF1DD7BFD7BFDFDFD7BFBEBBC73DE7FF04
:10FD4000E7FFE7FFDFDFDFDFE7FFEFFFEFFFEFFFBB
:10FD5000EFFFEFFFEFFFEFFFEFFFEFFFEFFFEFFF33
:10FD6000F7FFC6FCAE59DFDFD79FD77FD79FA5F936
:10FD70004AAC73F0294508007AC98B299BCBC50F83
:10FD8000DD51E5B2EDD2EDF2F654F654FE94FED517
:10FD9000FED5FEF6FF17FED6FE94FE94FE74F633F3
:10FDA000FE95F654EDF2EDD1E590DD50FFFFFFFF3B
:10FDB000FFFFFFFFFFFFFFFFFFFFFFFFFFFFFFFF53
:10FDC000E73DE73DFFDFFFFFFFFFFFFFFFFFFFFF17
:10FDD000FFFFFFFFEF5DE73DEF7EFFDFFFFFFFFF70
:10FDE000FFFFFFFFFFFFFFFFFFFFFFFFFFFFFFFF23
:10FDF000FFFFFFFFFFFFFFFFFFFFFFFFFFFFFFFF13
:10FE0000FFFFFFFFFFDFE71CDEFCE71CDEFCDEFC84
:10FE1000DEFCDEFCE6FCE71DE75DEF7EF79EF79E6D
:10FE2000EF9EEF7EEF9FEF7EEF7EE75DEF7EEF7F51
:10FE3000F79FEF7EEF3DE75DE73DEF5DE75DE73D77
:10FE4000DEFCDEFCDEDBD6DBDEDBD69ACE7AD67AD3
:10FE5000CE59CE59CE7ACE7AD69BDEDCDEFCDEFCE5
:10FE6000DF1CDF1CDEFCDF1CE71DDEFCD6BBCE5A30
:10FE7000D67ADEDCDEFCE71CE71CE73DE75DE73D0C
:10FE8000E73DE73DDEFCDEDCDEDCE71DF7BFFFFF24
:10FE9000EF7ECE59AD56BDB7C618CE59C619B5B707
:10FEA000AD569CD39CB3B596CE59A514002139E824
:10FEB00042280861002000000000002008201041B6
:10FEC00008200000082010411861186118411861CD
:10FED0000820080008200800206149223902414218
:10FEE00030C1104100201041000008628D16A65B51
:10FEF000A619B69BB6DCBF1DCF5EBF1DCF7FD79FB7
:10FF0000DFDFCF7EC71DD79FD7DFD7BFC71DBEDCC2
:10FF1000C71DCF5ED77ED7BFD7BECF5DBE9BD77E76
:10FF2000D77ECF3DDF9EE7FFE7FFE7FFE7FFEFFF6D
:10FF3000EFFFEFFFEFFFEFFFF7FFEFFFEFFFEFFF49
:10FF4000E7FFEFFFC71CAE39D79ED79FD79FCF5E85
:10FF50007C733A2939A6104172888309BC8EDDB1C1
:10FF6000EDF3EE13F634F674FEF6FEF5FED5FED58F
:10FF7000FEB5FED6FF37FEF7FE74F674FE74FEB5CE
:10FF8000F653EE13F633F613E590DD4FFFFFFFFF58
:10FF9000FFFFFFFFFFFFFFFFFFFFFFFFFFFFFFFF71
:10FFA000EF7EE71CEF7EFFDFFFFFFFFFFFFFFFFF9E
:10FFB000FFFFFFFFEF7DE71CF7BFFFFFFFFFFFFF26
:10FFC000FFFFFFFFFFFFFFFFFFFFFFFFFFFFFFDF61
:10FFD000F79EF7BEFFDFFFFFFFFFFFFFFFFFFFFF03
:10FFE000FFFFFFFFFFFFF7DFDEFCDEFCDEFCDEFCD9
:10FFF000DEFCE71DE71DE71CE73DE73DEF5EEF9EFA
:020000040802F0
:10000000F79EEF9FF7DFF7BFEF7EEF7EEF9FEF9F4B
:10001000EF9FEF7EE73DE73DE73DE73DE75DE75DCD
:10002000E73DE71CE71CD6DBDEDBD69BCE7AD67A33
:10003000D69AD69BD6BBD6BBDEBBDEDCE71DDF1C6B
:10004000DEFCDEFCDEFCE71CE71CDEFCD6BBCE39AA
:10005000D69ADEDBDEFCE73DE75DE75DE73DEF5D81
:10006000EF5DE73DDEFCDEDCDEDCE71DF7BFFFFF1A
:10007000EF7ECE39AD55BDD7CE39C639C5F8B59767
:10008000AD55A535AD567BCF52ABAD763186528A94
:100090007BD000000000000000000820104110612B
:1000A000082008200820104018821861188210418A
:1000B00008200820104010412061494338E1416385
:1000C00030E210610841082000005B8FA5FA9E39DC
:1000D000B69BBEBCBEDCC71DBF1DD79FD79FCF7EC2
:1000E000D79FCF3ED77EDFBFD7BFCF5EC71DD79E7E
:1000F000DFFFD7BECF7ED7DFE7FFE7FFCF5DB6BB21
:10010000DFBECF3CCF3CDF9ED79ED79EDFDFEFFF29
:10011000F7FFF7FFF7FFF7FFF7FFF7FFF7FFF7FF2F
:10012000EFFFE7FFEFFFC71C9DF8C71CCF5ECF5E58
:10013000BEDC5B4E084110208329C4AFE592EE136C
:10014000F633F655FE95FEF6FF16FF16FF16FF1660
:10015000FEB5FEB5FEF6FED6FEB5FE74F654F67498
:10016000F633EE13F634F613E590D52FFFFFFFFFBD
:10017000FFFFFFFFFFFFFFFFFFFFFFFFFFFFFFFF8F
:10018000F79EE73DE73DF79EFFFFFFFFFFFFFFFF05
:10019000FFFFFFFFF7BFE71CF7BFFFFFFFDFFFFF1A
:1001A000FFFFFFFFFFFFFFFFFFFFFFFFFFDFF7BEC8
:1001B000EF5DE75DE73DE73DF79EFFDFFFFFFFFFF8
:1001C000FFFFFFFFFFFFFFFFF79EDEDBDEFCDEFC35
:1001D000DEFCE6FCDEDCD6BBDEFCE71CE73DE73DF3
:1001E000EF5EF79FF7DFF7BFF7BFEF9EEF9EEF7E63
:1001F000EF5EE75EE75EE73DE73DE73DE73DE73D74
:10020000E71DE71CDF1CDEFCD6DBDEBBD6BBD69BC6
:10021000DEDBDEFCDEFCE71CE71CDEFCDEFCE71CB4
:10022000E71CE71DE73DE73DDEFCDEFCD6BBCE5A12
:10023000D6BBDEFCE6FCE73DEF7EEF7EEF5DE75DE3
:10024000E73DE73DDEFCDEDCDEFCE73DF79FFFFF40
:10025000EF7EC619B576BDD8C618C619BDD7BDD8AC
:10026000B5B7C63994922104000052AB7BCF000091
:100270008C515AAB000000000000082010411061B2
:100280000820080008001861186118611882082009
:1002900008201041102020812060494338C141438B
:1002A00031030800002000002966A6199DF9AE9BC5
:1002B000B67BB67BB69BBEFCCF5ED77ECF5ECF9FB4
:1002C000CF5ECF3ED7BFD79FC73DCF9FC71DCF3D86
:1002D000E7FFDFFFD7BFC73DD7BFE7FFE7FFC6FC9C
:1002E000C6DBEFFFDFBEEFFFDFBED79ED77DCF5D62
:1002F000DFBFE7FFE7BFEFFFEFFFE7FFEFFFF7FF2E
:10030000EFFFDFDFD7BEE7FFC71DA639BEDCCF3D5D
:10031000BEDD7C9400004984DD71EDF2EDF3F6342E
:10032000FE95FEB6FEB6FED6FF37FF37FF37FF3627
:10033000FEF6FED6FEF6FED5FEB5FEB5FE74FE74E4
:10034000FE74F633EDD2E5D2DD91D50FFFFFFFFF4E
:10035000FFFFFFFFFFFFFFFFFFFFFFFFFFFFFFFFAD
:10036000F7BFE71CDEFCE75DF7BFFFFFFFFFFFFF06
:10037000FFFFFFFFFFFFE73DEF5DFFDFFFFFFFFF39
:10038000FFFFFFFFFFFFFFFFFFFFFFFFF7BEEF7E57
:10039000EF3DE71CDEDCDEFCE71CE73DEF7EF7DF30
:1003A000FFFFFFFFFFFFFFFFFFFFF77EE6FCE6FC1E
:1003B000DEDCDEDBD6BBD6BBDEDBDEDBD6DCE71D80
:1003C000E73DEF5EEF7EF79FF7DFF7BFF79EEF5E4B
:1003D000E75DE73DE75EEF7EE73DE73DE73DE71D93
:1003E000E71DE71CDF1CDEFCDEFCDEFCDEDCDEFCE9
:1003F000DEFCDEFCE71DDEFCDEFCDEFCDEDBDEFC24
:10040000E73DE73DE73DDF1CDF1CDEFCD69ACE5A18
:10041000D6BBDEFCE6FCE73DEF5EEF5DE75DEF5D42
:10042000EF5EE73DDEFCDEFCDEFDE73EF7BFFFFFF3
:10043000F79FBDF8B576C5F8BDF8C619CE39BDD859
:10044000B5B77BAF6B2D31A79CF421257BD0210460
:10045000632D7BF0002000000000082018611020B0
:100460000820080010201861104018611861080069
:1004700010401020184128A118204122494338E299
:1004800020610800000000208493B69BAE5AB69B02
:10049000BEBCBEBCBE9CCF3ECF7ECF5ECF3ECF3E6D
:1004A000C6FDCF9FD79FC6FDCF5ED79FC75ECF9EAD
:1004B000D7FFD7DFDFFFCF9FBF3DD7BFD79FE7FF76
:1004C000C6FCC6FCDFFFE7DFEFFFF7FFF7FFE7DF64
:1004D000D77DD75DDFBFDFBEE7DFE7FFEFFFE7FFD9
:1004E000E7FFEFFFEFFFE7FFE7FFAE5A9577BE9C10
:1004F000A5F97432838DDD91EDF3EDD2EE13F6752F
:10050000FED6FEF7FED6FED6FF37FF58FF57FF3662
:10051000FF36FF16FEF6F695FE95FE95FE74FE7408
:10052000FE74F654EDF3DD91DD70D52FEF7EF7FF0D
:10053000FFFFFFFFFFFFFFFFFFFFFFFFFFFFFFFFCB
:10054000FFDFE73DDEDBDEFCEF5DFFFFFFFFFFFFD0
:10055000FFFFFFFFFFFFEF7EE73DF7BFFFFFFFDF7E
:10056000FFDFFFFFFFFFFFFFFFFFFFFFF7BFF79E6C
:10057000EF9EE75DDF1CDEFCDEFCDEFCDEDCE73D43
:10058000F79EFFFFFFFFFFFFFFFFFFFFEF5DDEDBDB
:10059000DEFCDEFCDEFCDEDBDEDCDEDCDEDBDEFC0D
:1005A000E71DDEFCE71DEF5EF79FF7BFEF9EEF7ED6
:1005B000E73DE73DE73DE75EE73DDF1DE71DE6FC84
:1005C000E71DDEFCDEFCE71DE71DE73DE71DE71D3F
:1005D000E71DE71CE71CDEFCDEFCDEFCE73DE73D3B
:1005E000DF1CDEFCDEFCE71DE71DDEFCD69BCE7AC1
:1005F000D6BBDEFCE71CE73DE75DEF5DEF5EEF7E1F
:10060000E75DE73DDEFDDEFCDEFCEF5EF7DFFFFFD2
:10061000F79EC619B596BDB7CE5ACE7ACE59632D80
:10062000630C29664A4939C7A5154A4910A3A5553F
:1006300094B362EC106100000000082018610820EB
:1006400008201020104118611841188218610820F4
:10065000080008001881310218203922516338E15E
:1006600010200820000052ECBEBC9DD9B6BBC6FDD0
:10067000BEBCB69BC6FDCF3ECF3ECF3DCF5EC6FDD6
:10068000C6FDD77FBF1DCF3ED7BFD77ECF7FCF9FC1
:10069000DFDFDF9FDF3DE75DDEFBD6BADEBAE6FBDC
:1006A000EF1BCE58E6DAE6FAEF1BE6FBEEF9F6FAB8
:1006B000E698E657EEB8E678E678EEB9EEFAE6FAAE
:1006C000E71BEF7DEFBEEFDEE7BFE7DFADF994D4C8
:1006D000AD35CD72F633F634EDF3EE13F613F65472
:1006E000FEB6FEF6FF37FF38FF37FF57FF37FF36FE
:1006F000FF36FF36FEF5FE95FE95FEB5F653FE7409
:10070000FE94FE94F633EDF2DD70D52FEF9EEF9E52
:10071000FFFFFFFFFFFFFFFFFFFFFFFFFFFFFFFFE9
:10072000FFFFE73DD6BBDEDBE71CEF7EFFFFFFFFF1
:10073000FFFFFFFFFFFFF7BEE75DF79EFFDFFFFF55
:10074000FFDFFFFFFFFFFFFFFFFFF7BFF79EF79EF3
:10075000F79EEF9EEF5DDEFCDEDBD6BBDEDCDF1C52
:10076000E73DEF7EF7BEFFFFFFFFFFFFFFFFE75D07
:10077000E71CE71CDF1CDEFCDEDCDEBCDEDBDEFCB7
:10078000DEDCDEFCDEFCE6FCEF5EEF7EEF7EE75DAE
:10079000E75DE73DE73DE73DE71DE73DE73DE6FC7B
:1007A000E71DE71DE73DEF5EEF5EE71DE71DE73D57
:1007B000E71CDEFCDEFCDEFCDF1CDEFCDEFCDEFC1F
:1007C000DEFCE71CEF5EEF7EEF5DDEFCD69BCE7AB3
:1007D000DEBBE71CE71CE73DEF5DEF5DEF5DEF7E05
:1007E000EF5EE71DE71DDEFDDEFCEF7EFFDFFFFFB6
:1007F000EF5EBDF8B596C618BDD84A492945528A5C
:1008000042085AAB3166630C108318C32925A535FD
:100810008C525AAB20E40000000010411041080047
:100820000820102018821861184118821020080032
:100830000820082120C23923288138E15183390159
:1008400028A2080008219D97B67BB65ABEBBB69B6E
:10085000B67BBEBCCF5EC73DCF3DC71DCF1DC73DDC
:10086000CF5EC6FCC71DCF7FCF5EDFFFDFBFCEDB15
:10087000D679DE17E636EE55EE56F635F676F656AE
:10088000F635F655EE35EE15F635F655F655F635E0
:10089000FE75F635F634F634F634F635F634F635BC
:1008A000F635EE35EE56EE56E636EED9E699D593A8
:1008B000E5D2F633F633EE14F634FE55FE75F654F3
:1008C000FE75FED6FF17FF37FF17FEF6FF17FF1660
:1008D000FF36FF37FEF5FEB5FE75FEB5FEB5FE959B
:1008E000F654F633FE94E5F2DD70D52FFFFFE75D99
:1008F000F79EFFFFFFFFFFDFFFDFFFDFFFDFFFFFF1
:10090000FFFFEF5DD6BBD69ADEDBE73DFFFFFFFFC3
:10091000FFFFFFFFFFFFFFDFEF5DF79EFFDFFFDF62
:10092000FFFFFFFFFFFFF7DFF7BFF79FEF7EEF7ED1
:10093000EF7EEF9EEF7EE75DE75DE73DDEFCDEDB11
:10094000DEFCDEFCE73DF7BFFFDFFFDFFFFFFFFF61
:10095000EF5DE73DE71CDEFCDEDCD6BBD6DBDEDC94
:10096000D6BBDEDCDEDCD6BBDEDCE71DE71DE73D0B
:10097000E73EE73EE75EE75EEF5DE73DE71DE73D0B
:10098000E73DEF3DE73DE73DEF5EE71DDF1CE71C80
:10099000DEFCDEFCDEFCDEDCD6DBDEDCE71CE73D7D
:1009A000EF5DEF5DEF5EEF5EE73DDEDCCE7AD69B7E
:1009B000DEDCDEFCE71DEF5DEF7EEF5DEF7EE75DE9
:1009C000E75DE73DE73DDEFDE71DEF7EFFDFFFFF73
:1009D000EF5EBDD8B576D67A73AF528A634D2125C6
:1009E0003187528A42084A4962EC4A499CF49493FE
:1009F0007BB062EC3166080008001041102008004E
:100A000008201841104110411861104108000820C9
:100A10000820080020A24184394330A0414341010D
:100A200039230000422AB63AA5F9BEDCBEDCB63A4C
:100A3000B65BC71DD77FCF3DBEDCCF5EC6FDCF3EC8
:100A4000CF3EC6FDCF7FCF7FD75EDF5DCE18CD9482
:100A5000DD73EDF4F696F6B7FEB7FED7FEB6F67682
:100A6000FE96FE96FE96F676FE96FE96FE96FE960E
:100A7000FEB6FED6FEB6FE95FEB6FEB6FEB6FEB6D7
:100A8000FE96FE96FE75F634EE14EDF4FE55FE74F9
:100A9000F654F654F654F675F654FE75FEB6FEB6E8
:100AA000FEB6FEF6FF37FF37FEF6FED6FEF6FF1760
:100AB000FEF6FEF6FF16FED5FE95FE95FE94F63385
:100AC000EE12EE13F653EE13DD91D530FFFFF79ED5
:100AD000E73DF7DFF7DFF7BFF7BFFFDFFFFFFFFF00
:100AE000FFFFEF7ED6BBD69ADEDBE73DF79EFFFF2A
:100AF000FFFFFFFFFFFFFFFFEF5DE73DF7BFF7BF22
:100B0000F7BFFFDFF7BFEF7EEF7EEF5DEF7EEF7E9B
:100B1000EF7EEF5EEF7EF79EEF7EEF5DDEFCDEFCAC
:100B2000E71CDF1CDF1CE73DEF5DF79EFFFFFFFFCB
:100B3000FFDFEF5EE71CE71CDEFCDEDCDEDBD6BBA6
:100B4000D6BBD6BBDEDBD6BBD69BD6BBDF1CE71D38
:100B5000E75EEF7EE73EEF5EEF7EE75DEF5EEF5E26
:100B6000E73DE73DE71DE71DE71DE71DE73DE71C06
:100B7000E71CE75DE71CDEFCDF1CE71DEF5EEF5EB8
:100B8000EF5EEF7EEF5EE73DE71DDEDCCE7AD6BBA3
:100B9000DEFCE71CE73DEF5DEF7EEF7EEF7EEF5E74
:100BA000E73DE73DE71DE71DE73DF79EFFFFFFFF40
:100BB000E75DB5B7B576BDF8AD76A5351904632DFB
:100BC000949218C373AF5AABCE39B5969CD373B019
:100BD000632E7BAF39A708001020102008000820E2
:100BE0001041186110201041186110410820102197
:100BF0000840080028E34184416430A130C241022A
:100C000020A100218493A598AE1ABEDCBE9BAE5AEB
:100C1000BEDCCF3DD75ECF5ECF3EBEDCC6FDD75F2C
:100C2000C6FDCF7FD75ECE5ACDD6C532D552E5D3DD
:100C3000F635FEB7FEF8FED8FEB7FED7FEB7FEB714
:100C4000FED7FEB7FE97FE96FE96FE76FE96FEB6A1
:100C5000FE96FED6FED6FEB6FEB6FEB6FEB6FEB5D5
:100C6000FEB6FEB5FE95FEB6FEB6FE95FEB5FE9648
:100C7000FE96FE96FE95FE95FE95FEB5FEF6FF17D6
:100C8000FEF7FF37FF37FF37FF17FED6FED6FEF61B
:100C9000FEF6FEF6FF16FEF5FEB5FED5F653EE1295
:100CA000EE12EE33EE13EE13DDB1D52FFFFFFFFF93
:100CB000E75DEF7EF7BFF7DFFFDFFFFFFFFFFFFF1F
:100CC000FFFFF79EDEDBD69BD6BBDEDBE71CEF7EAD
:100CD000FFFFFFFFFFFFFFFFF7BEE71CEF7EF7BF41
:100CE000F7BFEF9EEF7DEF7EEF7EE75DEF5EE75DA6
:100CF000EF7EEF7EE75DE73DE73DE73DEF7EEF7E90
:100D0000E71CDEFCDEDBDEFCDEFCE71CEF5DF7DF74
:100D1000FFFFF7DFEF5DE71CDF1CDF1CDEDBD6BB70
:100D2000D6BBD6BBDEDBDEDBD6BBD6BBDEDCDEFD78
:100D3000E73DE73DE75DEF7EE75DE75DEF7EE73EA0
:100D4000E73DE73DEF5EEF7EEF7EEF5EE73DE75D7F
:100D5000EF5DE73DDF1CE73DE73DE73DEF5EEF5E22
:100D6000EF5EEF5DEF5EE73EE71DDEDCCE7AD69B01
:100D7000DEDCDF1CE73DEF7EEF7EEF7EEF5EEF5EB9
:100D8000EF5EE73DE71DE73DE73DF79EFFFFFFDF35
:100D9000E73DB5B7AD76B5B7DEFC42294229A514CB
:100DA000738E6B6E9492CE59A5359CD484326B6E43
:100DB0007BD0632D318608411020080008001040C8
:100DC0001861102010201041104110200800104020
:100DD0000800104139443103394430E228A1288009
:100DE000102062EC9D569556B67BB69BAE3AB67B0C
:100DF000C71DCF5ECF3ECF3ECF1DB67BCF3ECF3E91
:100E0000CF1ECE79CD94CD11D511E5B3EDF3EE150E
:100E1000F656FEB7FEB7FE97FEB7FEB7FED7FEF852
:100E2000FED7FED7FEB7FE96FE76FE76FE95FEB6A0
:100E3000FEB6FE96FE96FEB6FEB6FEF6FED7FE9512
:100E4000FEB6FED6FEB6FED6FED6FED6FED6FED642
:100E5000FED6FEF6FED6FED5FEB6FED6FEF7FF1790
:100E6000FEF7FF17FEF6FEF6FF17FED6FED6FF17BB
:100E7000FEF6FEF6FF16FF16FED6FED5FEB5FE9573
:100E8000F694EE13EDF2EE13E5B1D50FFFFFFFFF81
:100E9000EF9EE75DF79EF7BFF7DFFFFFFFFFFFFF66
:100EA000FFFFF7BFDEFCD67AD6BBD6BBDEFCEF5D1C
:100EB000FFDFFFFFFFFFFFFFF7BFE73DE73DEF5D10
:100EC000EF7EE73DDF1CE73CE75DE73DDF1CE73DEC
:100ED000E75DE73DDF1CDEFCDF1CE73DE73DE73D6E
:100EE000DEFCDEDBDEDBD6BBD6BBD6BBDEFCE73D05
:100EF000EF7EFFDFFFDFEF7EE73DDEFCDEDBD6DBF4
:100F0000DEDBDEDBD6BBDEDCDEDCDEFCDEBCDEDC3C
:100F1000E71DE73DE73DE73DE75DEF5EE75EE75D47
:100F2000E73DE73DEF5EEF5EEF5EEF5EEF5DEF5DAD
:100F3000E73DE71CE73DE75DE73DE73DEF7EEF7E00
:100F4000EF7EEF7EEF5EEF5EE71DD6BBCE7AD69BDF
:100F5000DEDCE73DEF9EF79EE75DEF5DEF7EEF5E47
:100F6000EF7EEF5EE73DE73DE73EF79FFFDFFFFFE8
:100F7000E73DB5B7AD76B597CE7A7BF0296610839D
:100F8000630DDEDBAD76B597A5158C526B6F738F55
:100F900084314A6A31A718A20800080008201041CD
:100FA000104110201861104110200800102010205E
:100FB000104118A2312331033103396428E218406B
:100FC00020A28C729D369D97B67BAE5AB65ABEBC97
:100FD000C71DCF5ECF5ECF5EB6BCCF5FC6FDC61865
:100FE000CDB5CD11D530EDB3F5F4F655F635F63572
:100FF000F635F656FE76FE96FED7FEF8FED8FED7FC
:10100000FED7FEB7FE97FE96FE96FE96FE75FEB6DE
:10101000FE96FEB6FED6FEB6FED6FEB6FEB6FEB610
:10102000FEB6FED6FED6FED6FED6FED6FEF6FEF7FF
:10103000FEF6FEF6FED6FED6FED6FEF7FEF7FEF66E
:10104000FEF6FED6FED6FEF6FEF6FEF6FED5FEF661
:10105000FEF6FEF6FEF6FEF6FEF6FED6FED5FED552
:10106000FEB5FEB5EE13E5D2DD91CD0FFFFFFFFF1C
:10107000F7DFE73DEF5EEF9EEF9EF7BFEF9EFFDFEE
:10108000FFDFF7BFDEFCCE5AD69AD6DBDEFCE73DAB
:10109000EF7EFFDFFFFFFFFFFFDFEF3DE71CE73DD8
:1010A000E73DE73DE73DDF1CDF1CDF1CDF1CEF7E7B
:1010B000EF9EEF7EEF9EE75DE73DE73DE71CE71C17
:1010C000E71CE71CDEFCD6BBDEDBDEDBD6BBDEFCD2
:1010D000EF5DF7BFF7BFF79FEF7EDF1CDF1CDF1C64
:1010E000DEFCE6FCDEFCDEFCDEFCDEFCDEDCE71D1E
:1010F000E73DE71DDF1DDF1DE73DE73DE73DE71D60
:10110000E75DE75DEF5EEF5EE73DE75DE73DE75DED
:10111000E73DE73DE73DE73DE73DE75DEF5DEF5D3F
:10112000EF9EEF9EEF5EE73DE71DD6BBCE7ADEDC9D
:10113000E73DEF7EEF7EEF5EEF7EF79EEF9EEF7E68
:10114000EF5EEF5EE73DE71DEF5EF7BFFFFFFFDFFE
:10115000DEFCAD76AD55BDB7B5B7CE396B2D84315C
:10116000CE5AAD76AD56AD7694B36B6E632E7BB032
:101170006B6E4A4939C81882080010401061186126
:1011800010201040188110400800102010611061DC
:101190001861188228C230E330E3398528A218820A
:1011A0004A496B4D94F3AE19B67BB61AB63ABE9C5B
:1011B000C71EC71DC73EC73FBEBCC639BD53C4F01E
:1011C000DD31E5B3EDF4F614F635F635F635F634E3
:1011D000F655FE56F656FE96FEB6FE97FEB6FEB7DE
:1011E000FE76FE56FE76FE55FE75FEB6FE75FE7563
:1011F000FE95FED6FEB6FE95FED6FEB6FE95FEB672
:10120000FEB5FE95FEB5FEB6FEB6FEF6FEF6FED6C1
:10121000FED6FED6FEB6FEB6FED6FED6FEF6FED64E
:10122000FEF6FED6FED6FED6FED6FF17FED5FEB5DE
:10123000FEB5FED5FEF7FEF6FEF6FEF6F6B5FEB5F9
:10124000FEB5EE33E5D2EDF2E5B1D530FFFFFFFF9D
:10125000F7BFE73DE75EEFBEEFBEEF9EF7BEF7BF1D
:10126000FFFFF7BFDEFCCE7AD69ADEFCDEFCDEFCAA
:10127000E73DF79EFFFFFFFFFFFFF77EE71CE71C40
:10128000DF1CE71DE75DE73DDF1DE73DEF7EF7DF94
:10129000FFFFF7BFF7DFF7BFF7BFF7BFE73DE71C7B
:1012A000E73DE71CDEFCDEFCD6BBD69AD69AD6BB61
:1012B000DEFBDF1CEF9EEF9EEF7EEF7EE75DE71D1E
:1012C000E71DE73DE73DDF1CDF1CDF3DE71DDEFCE2
:1012D000DEFCD6DBDEDCDF1DDEFDE71EE71DE73DC5
:1012E000E77EEF7EE75EE73DE75EE75DE71DE71D32
:1012F000E73DE75DE73DE75DEF5DEF7EEF5DEF5DCD
:10130000EF5DEF5DEF5EEF5EE71CD6BBD69BDEFCCC
:10131000E73DE73DEF5DEF7EEF7EEF9EF7BFEF7EAF
:10132000EF5EEF5EE71DE71DEF5EFFDFFFFFF7BF3C
:10133000D6DBAD76AD76BDD7B5B7B5B7CE59BDF86E
:10134000AD55A535B597A53583F0630D6B0D738F3E
:10135000632D4A4A31A710621000106110611861B4
:10136000080010411041080008201061104118A227
:10137000106118821882208130E33945186131A745
:101380006B8F84108CB3A598AE3AA5D8AE19C6FD64
:10139000C75FC77FCF1DBDF7BD12C4AFD510E591A4
:1013A000EDF4EDF4F614FE55F635F635F5F4EE14DD
:1013B000F615F615F634FE35FE55FE55FE55FE764D
:1013C000FE76FE56FE35FE35FE75FE96FE96F675E9
:1013D000FE96FEB6FEB6FEB6FED6FEB6FEB5FED64E
:1013E000FEB6FEB5FE95FEB5FEB6FED7FED6FED61F
:1013F000FED7FED6FE96FEB6FED6FEB6FED6FEB6EC
:10140000FEB6FEB6FE96FEB5FE95FEB6FEF5FEB441
:10141000FE94FED5FEF7FEF7FEF6FEF6FED6FE952E
:10142000F695EE13EDF2EDF2E5D1CD0EFFFFFFFFE5
:10143000FFFFE77DDF1CEF9EEFBFF7BFF7BEF7BEF4
:10144000FFFFFFFFE75DD69AD69AD69AD6BBDEFCA1
:10145000E75DEF9EFFDFFFFFFFFFEF7EE71DE73D4C
:10146000EF7EEF5EE75DE71DDF1CE73DE73DE73D13
:10147000E75DE75DEF7EEF9EEF9FF79FDEDBD6DB5C
:10148000D6DBDEDBD6BBDEBBD69ACE7AD69AD6BB0F
:10149000D69AD6DBE75DF79FF79FFFFFEF9FEF5EE2
:1014A000EF5EE73DE73DE71DDEFCDEFCDEFCDEDB5C
:1014B000D6DBDEDBDEDBDF1CE71DE71DDF1DE73DE6
:1014C000E75EE75DE71DE71DE73DE73DE73EE73DFA
:1014D000E73DE73DE73DE73DE75DEF5DEF7EEF7E12
:1014E000EF7EEF7EEF7FEF5EDEDBD69BD69BDEDC12
:1014F000E71CE75DEF5DF7BFF7BFF7BFF7BFEF9EF4
:10150000EF5EEF5EE73DE73DF79EFFFFFFFFF79ED3
:10151000CE9AAD55AD76B5B7B5B7B596AD76AD56F5
:10152000AD36AD56B5979CB473AF630D630D6B6E5E
:101530005AEC4A6A296610811061188218611020DD
:10154000102018610820082018821041104120A2A4
:1015500018811041186120812903290418A352CC55
:1015600073F095359D76A5B89D36A5D8C71DD7DFF4
:10157000CF1DC619BD12C46DCCAEDD71E5B2F5F359
:10158000F634EE14EE14F635F635EE14EDF4F5F40B
:10159000F5F4F5F4F614F634FE35FE75FE34FE551A
:1015A000FE76FE55FE35FE35F655FE76FEB6FE9508
:1015B000FE75FEB6FE95F655FE95FEB5FEB6FED658
:1015C000FEB6FED6FEB6FEB6FEB6FED6FED6FED6FB
:1015D000FED6FED6FEB6FE95FE96FEB6FE95FE96AD
:1015E000FE75FE75FED6FED6FE95FE95FEB5FE9501
:1015F000FE95FE94FED5FEF6FEF6FED6FEF6FEB590
:10160000F674EE12EDF2E5D1DDB1CD0FF7BEF7DFE6
:10161000FFFFEF9EDEFCE73DEF9EEF9EF7BFFFFF73
:10162000FFFFFFFFEF7ED69ACE7ACE59CE7AD6DB79
:10163000E73DEF7EF7BFFFFFFFFFF7BEE75DEF7E01
:10164000EF7EE75DE75DE73DDF1CDF1CDEFCDEFCD7
:10165000E73DE73DEF7EFFFFB5759470F79FF79F7D
:10166000F7BFEF5EE71CDEFCDEDCD6BBD67AD69A8F
:10167000D69AD69BDEBBEF5DF7BFF7BFF7BFEF9FF4
:10168000EF7EE75EE71DE71DDEFCD6BBDEDBDEDCC2
:10169000D6DBDEDCDEFCDF1CE73DDEFDDEFCDF1D35
:1016A000E73EE73DDF1DE71DDEFCE71DE71DE73DEB
:1016B000EF5EEF7EEF7EEF7EF79EF79EF79FF79E41
:1016C000EF7EEF5EE73EE71DDEDCD69BD69BDEDCE1
:1016D000E73DEF5DEF7EF79EF7DFFFDFF7BFF7BF78
:1016E000EF5EEF5EEF3DE73DF79EFFDFFFFFF7BFE9
:1016F000CE7AAD35AD76B597B597B576B576B57783
:10170000AD56AD56A4F58C72738E632D736E5ACCA4
:101710005AEC528A210418C218811861104108003D
:101720001041104008001882188210201862188298
:10173000104110202082186128C220A239E87411BB
:101740007C32A5B7B619A597A5B9CF7FCF9FBDF8B5
:10175000BC90BC2DC48ED510E572E5B2EDB3EDF3AF
:10176000F634F614F635F655F615F615F615F614A4
:10177000F5F4F5F4F5F4F5F4F5F4F614FE14FE358D
:10178000FE35FE35FE55FE55FE35FE55FE75FE95C1
:10179000FE96FE96F634F634FEB6FE96FE96FEB63D
:1017A000FEB6FED6FEB6FED6FED6FED6FED6FEF6B9
:1017B000FED6FEB6FE75F655FEB6FE95FE95FE9576
:1017C000FE95F655F675FEF7FED6FEB5FE95FEB50E
:1017D000FE95FE95F674FED6FEF6FEF6FED6FEB536
:1017E000F674E612DD91DDB1DD91D530EF9EEF9E0E
:1017F000FFFFF7DFDF1CDEFCEF5EF7BFF7DFFFDF89
:10180000FFFFFFDFEF7EDEDBD67ACE59CE9AD6BB66
:10181000DEFCE71CE75DF79EFFDFF7BFE75DEF5EED
:10182000EF7EE73DDF1CE73DEF7EEF9EEF7EEF9E14
:10183000EF7EE75DEF9FFFDFA4AF7369E73DEF5EEB
:10184000F77EFFFFFFFFEF7EEF7EEF5EEF5DE73D90
:10185000DEFCD6BBD6DBDF1CEF9EEF9EEF7FEF9F5B
:10186000EF9FEF7EDEFCDEDCDEDCDEDBDEDCDEFCE2
:10187000DEFCDEFCDF1CDEFCDF1CE71DE71DDF1DE0
:10188000E73DE71DE71DE71DDEFCDEFCE71DE71D6C
:10189000EF5DEF9EF79EF79EEF7EEF5DE75DEF7EDB
:1018A000EF7EE75DE73DE71DDEDCD69BD69BDEFCE9
:1018B000E71CEF5EF7BFEF9EF79EF79FFFDFF7BFD6
:1018C000EF5EEF3DEF3DEF9EFFDFFFFFFFFFEF7E9F
:1018D000C639AD55AD76B597B5B7B576AD55AD56FC
:1018E000AD56AD5594B4841173AF630D6B6E5AEC65
:1018F0005AEC41E8084118A218611020102010206D
:1019000010200800188218820800188218821020FF
:10191000106118611862188128A218826B8E849356
:1019200094F5B639A5B8A5F8BEFECEFDACB2B3EDC0
:10193000CC8ED511D511DD72EDB3EDB3EDD3EDD372
:10194000F614F614F635F655F635F615F615F5F4E3
:10195000F5D4EDB3EDB3F5B3F5B3F5B4F5D3F5D3F5
:10196000F5F4FE14F615F614FE34FE54FE75FE75FD
:10197000FE96FE75FE75FEB6FEB6FE75FE95FEB6CB
:10198000FE96FEB6FEB6FEB6FEB6FE96FEB6FED6D7
:10199000FED6FEB5F675F655FE95FE95FE75F63447
:1019A000FE75FEB6EE54F695FEB6FEB6FE74FEB5B6
:1019B000FEB5FEB5F695F695FE95FEB6FED6F67426
:1019C000F695EE33DD91D550DD71D530EF7EEF7DAC
:1019D000EF9EF7DFDF3DDEFCE73DEF9EF7BFF7BE92
:1019E000FFFFFFFFEF9EDEFCD69ACE7ACE9AD69A04
:1019F000D6BBE71CEF5DEF5DEF9EEF7EE73DEF7E30
:101A0000EF9EEF5EE75DE75DF79FF7DFF7BFEF7EE5
:101A1000EF9EF7DFFFFFE73DBD93D654944FA4F34D
:101A2000A5129CD1D67AFFFFFFFFF79FF79FFFDF3C
:101A3000EF5EDEDBDEBBDEBBDF1CE75DEF7EF79F2C
:101A4000F79EEF7EE73DE71CE71CE71CDF1CE71C69
:101A5000DEFCDEFCE71CDF1CDEFCE71DE71DE71DEE
:101A6000DF1DDEDCDEFCDEDCDEDCDEDCE71CE71DB1
:101A7000EF5EF79FF79FEF5EEF5DE75DE73DEF3DC0
:101A8000F79EEF7EE73DE71DD6BBCE7BD6BBE71CBE
:101A9000E73DEF9EF7BFF79EF79EF79FF7BFF79ED4
:101AA000EF7EE73DEF3DF79FFFFFFFFFFFDFE73DE5
:101AB000BDF8A535B576B5B7BDB7B5B7AD76AD56FA
:101AC000AD56A5358C737BF073AF5AEC632D630D67
:101AD00052AB29451061188210611020104110206E
:101AE0000800104120A21041186120C31882102064
:101AF00010411881186120A2208129247C317C5258
:101B00009556ADF9A5B9B6DCBEFD9C0FAB8ACCAE3F
:101B1000D551DD72E593E572EDD3F5F4F5F4F5F406
:101B2000F5F4F634F615F615F615F5F4EDB3EDB358
:101B3000EDB3ED72E552E531ED32ED32ED72EDB31C
:101B4000F5D4F5B3F5B3F5D3FE14FE34F634FE75D3
:101B5000FE75FE96FEB6FED7F675FE95FE95FEB6B0
:101B6000FE95FE95FEB6FE95FE75FE95FEB6FEB69A
:101B7000FED6FEB6FE95FE75FE75FE95FE95F61335
:101B8000EE13FED6FEB6FE95FEB6FEB6FE95FE95AB
:101B9000FEB5FEB5FEB5FE95F654F695F6B5EE33F8
:101BA000EE33EE33E5B2D551D551CD0FE77EE73DAB
:101BB000EF7EEF9EE75DDF1CE73DE75DEF7EF7BF61
:101BC000F7DFF7DFF79FDF1DD6BBD6BBD69ACE9ADD
:101BD000D6BBDEFCE73DEF5DEF9EF7BFE75DE73D7F
:101BE000E75DEF7EEF7EEF7EEF7EEF9EEF9FE73DBE
:101BF000F7BFFFFFBDD7738CC5D4FFD9B54E9CACE2
:101C0000B52E7BC983EDE6F9B5749CD1AD53B5759E
:101C1000EF3DF7BFDEFCDEFCDEDBEF5DEF7EEF7E4F
:101C2000EF5DEF7EEF9EEF7EEF5DE73DE73DDEFC93
:101C3000DEFCDEFCDEFCE71CE71CDEFCDEFCDEFC82
:101C4000DEDCD6BCDEDCDEBBDEFCE73DE73DE73DAF
:101C5000EF7EEF5EEF7EEF7EEF5DE73DE73DEF5D10
:101C6000EF5DEF5EE75EE73DD6BBCE7ADEDCE73DBB
:101C7000EF5DEF7EF79EF79EEF7EF79EF79EF7BF34
:101C8000EF7EE73DEF5EF79EFFDFFFFFF7BFE71D4B
:101C9000BDD7A535B597B5B7B5B7B5B7B597AD76D7
:101CA000AD359CD48C7284117BAF5AEC5AEC528BBC
:101CB0004229210418A210410820104110400800B8
:101CC000104118821041102020A2186110401040CD
:101CD000186110411861208118404A287C31741124
:101CE0009556A5F9AE1ABF1EA5359AE9C40CD4CFF6
:101CF000E532ED93EDF4EDB2F5D3F634FE35F5F4BF
:101D0000F614FE35FE14F5D3F5B3EDB3E552E53127
:101D1000E531DCF0DCD0D48FDC90E4D1E4F1ED727D
:101D2000EDB3ED93ED72F5D4F5F4FE34FE55FE9669
:101D3000FE96FE96FEB6FEB6F675F654F654FE75A1
:101D4000FE75FE75FE95F655F675FEB6FEB6FED628
:101D5000FED6FEB6FE96FE95FE95FE75FE75F61352
:101D6000F634F675FE75FE75F675FED6FEB6F6759A
:101D7000F675FE95F674F654F674F654F653EE13B3
:101D8000EDF2EE12DD91E5B2DD91C4EEE75DDF1C10
:101D9000E73DE73DE73DE73DE71DE73DE75DEF9EBA
:101DA000F7DFFFFFF7DFE73DD6BBD69ACE7ACE9AB4
:101DB000CE7AD69ADF1CE75DEF5EEF7EE71DDEDCB4
:101DC000E73DE75DE75DEF9EEF7EEF7EEF9EFFFF75
:101DD000F79EA4F28C2CBD90A4ADA46DB551D6B8DD
:101DE000DEF9D6B7B571946C8C4BAD509CCE83ECBC
:101DF000B5B5F77EF77EE71CE71DDF1CEF5DEF5DF5
:101E0000E73DEF5DEF5DF79EEF5EE75DEF5DE73D80
:101E1000E73DDEFCDEDCDEFCDEFCDF1CE71CDEFC7E
:101E2000D6BBD6BBDEDCDEFCE71DE73DE73DEF3D84
:101E3000EF7EF79EEF7EEF7EEF7EEF5DEF5EEF7E53
:101E4000F79EF79FEF7EDF1DCE7ACE7ADEDCE75D70
:101E5000EF5DEF5DEF5DEF5DEF9EFFFFFFFFEF9E3C
:101E6000EF7EEF5EEF5EF7BFFFFFFFFFF79EE71C21
:101E7000BDB7A535B5B7BDB7BDB7B5B7B597AD76E5
:101E80009CF48C7294928C3173AF632D528B4A4ABE
:101E900041E820E4106108001020104108001041C2
:101EA0001861186110412082188210411041188277
:101EB00018821041104118411861632D7C316BB0BC
:101EC000A598A5F9A63BB6BD8BCEA34ABC2DCCAF39
:101ED000ED73EDB4F5D4F5B3F5D4FE15FE14F5F4B9
:101EE000F5F4EDB3EDB3ED93E552E532E4F1D4AFA3
:101EF000D4AFD48FC40DC40DCC4ED46FDCB0DCF1A4
:101F0000E552E552E552F5D3F5F4FE55FE96FE9600
:101F1000FEB6FE96FE96FEB6FE95EE13F655FE95BF
:101F2000FE75F655FE75F675FE95FED6FEB6FEB547
:101F3000FEB6FED6FE95FE95FEB5F654F634EE13CB
:101F4000F654F655F654F654F655F695FE95FEB64B
:101F5000FE75F654F654F633F633F633EE12EDF220
:101F6000EE13E5F2DD91DD91DD91C4EEDF1CDEFCC8
:101F7000DEFCE71CEF5DEF7EE71CDF1CE75DF7BFD3
:101F8000F7DFFFFFF7DFE75EDEDCD69BCE9ACE7A87
:101F9000CE7ACE9ADEDBE73DEF7EEF9EE73DDEDCDC
:101FA000E71CE75DEF7EEF7EEF7EEF7EFFFFFFFF3A
:101FB000B57583E9BDB1F7DDBE179491BDD7FFFFBD
:101FC000FFBEF6DACDD5ACEFBD6FCE34D6B5D6B404
:101FD00094AD842EF79FE73DE73DDF1DE71CEF5DE5
:101FE000EF5DEF5DE73DEF5DEF7EEF5EEF5DEF5E96
:101FF000E73DE71CE71CDEFCDEFCDEFCDEDBDEDBB7
:10200000D6DBDEDCDEBBDEFCE71DE71DE71DEF5E99
:10201000F7BFF7DFEF9EEF9EEF9EEF9FF79FEF9EDC
:10202000EF9EEF9FE75EDEFCCE9BCE9BDEFCE75D86
:10203000E73DE73DEF7EF7DFFFFFFFFFF7BFEF5D17
:10204000EF5EEF7EEF7EF7BFF7DFFFDFEF9EDEFC98
:10205000B597A535B5B7BDD7B5B7B596B596AD7635
:102060009CF48C728C5184316B4D630C4A6A42092A
:1020700031661862080010201040080010411861F5
:1020800018611041188220C310410820104118A285
:102090001061106110400800290473F073F074118E
:1020A0009D989DB8AE7BB63B8B2BA3ABC48FCCB0B9
:1020B000E593EDF4EDB3F5D4F5D4F5F4F5F3F5D3FC
:1020C000EDB3E551E531E511DCF0D4B0D46FCC4E81
:1020D000C3EDB36BAB2ABBCDBBCDCC2EDCD0DCD0FB
:1020E000DCF1E531ED92F5F4FE55FE96FE96FE76B6
:1020F000FEB6FE75FE96FEB6FE75F655FE95FE958D
:10210000FEB6F675FE95FEB6FEB5FEB5FED6FED65B
:10211000FED6FEF6FED6FE95FE75F654F634F6545F
:10212000F613F654FE75F634FE75F675FE55FE751B
:10213000FE75F654EE13F634EDF2EDD2EDF2EDD27B
:10214000EDF2DD91DD91DD91D571C4CEDEFCDEFCDA
:10215000DEFCE73DF79EEF7EE71CE71CE73DEF7EE8
:10216000F7BFF7FFF7FFE75ED6BCD69BD69BCE7ACC
:10217000D69ACE7AD6BBDEFCEF5EF7BFE73DDEFC3B
:10218000DEDBE75DEF7EE77EEF9EF7DFDEDCB57539
:10219000946DA4CDD6D9FFFFFFFFCEDAB491BACBB0
:1021A000C1E8A8E4B946C3ADCDF39B6BC470A34AA4
:1021B000DE548CAEB5D6F7BFE73DEF5DE73DE73DBA
:1021C000E75DE73DE71DE73DE73DE73DE73DE75DCF
:1021D000EF5DE75DE73DDEFCDEFCDEFCDEFCDEDB2A
:1021E000DEFCDEDCDEDCDEFCDEFCE73DE73DEF7E38
:1021F000EF7EEF5EEF9EEF9EEF9FEF7EEF7EEF7E36
:10220000EF7EEF7EE75DDEFCCE9BCE9BDEFCE73D06
:10221000E73DEF7EFFDFFFFFF7BFF7DFF77EEF7EE3
:10222000EF5EEF5EEF7EFFDFFFDFFFBFEF9ED6DBEF
:10223000B596AD76B5B7B597B576B597BDB7AD766A
:1022400094B384117BF08C316B6E528A4A6A318769
:1022500020C31020104008200800102018611841E9
:102260001882188220A2188110410820106118815C
:10227000104110610800080041C784726BAF7411EF
:102280009D789DB8A67BA5778AEAABABC46FCCAF2F
:10229000DD52F5F5ED93F5B3F593ED93EDB2ED72F7
:1022A000E551E531DCF0D48FD44ECC2EC40DC40DF5
:1022B000B36B9AA9A2EAB38CBBACCC0ECC4FCC6F5B
:1022C000D4F0EDB3F634F655FE96FE76FE96FE9605
:1022D000FE96FE96FEB6F676F655FEB6FEB6FE9570
:1022E000FE96F695FE95FEB6FEB5FEB5FEB6FEF67A
:1022F000FEB5FE95FEB6FEB5FE75FE54F634F654F8
:10230000EE13F634F675F675F654F654F634EE130D
:10231000F634F633EE14EE13E5B1DD90E5D2E5B216
:10232000E5D2E5B2DD91D570CD2FBCAED6DBDEFBBC
:10233000DEFCDF1CEF7EEF9EE73DE71CE71DEF7E36
:10234000EF9EF7DFF7BFEF7ED6BBCE9AD6DBCE5A35
:10235000CE7AD69ACE9ADEFCE73DE75DE75DDEFCFD
:10236000DEDBE73DEF7EEF9FFFFFCE599470B57146
:10237000A4CCCE97FFFFCCF4C2CCA2EBA40EA862F3
:10238000B801C064B0009923D6B6A30A80008000CB
:10239000B288CE12A571E73DE73DE73DEF5DEF5D09
:1023A000E71DDEFCDEFCE71CDEDCDEFCE73DEF5D6E
:1023B000EF7EEF5DDF1CDEFCDF1CDEFCDEFCDF1CE5
:1023C000DEFCD6DBDEDCDEFCDEFCE73DE77EEF7E1E
:1023D000DF1DE71DE75EE75EEF7EEF9EEF9FF7BF35
:1023E000F79FEF7EE73ED6DCCE7BD6BBDEDBDF1C85
:1023F000EF7EEF9EEF9EF79EEF7EEF9FF77EEF7EE4
:10240000EF5EEF5DF79EFFDFFFFFFFDFEF5DD69A28
:10241000AD76AD76B597B596B5B7B5B7B576A51423
:102420009CF48C527BF07BF0738F526A39C720A3E7
:10243000104110610820080008201041184120A216
:102440001882188218A210411061082010611061D2
:1024500010610820082010404A4884727C326C11B8
:102460008515AE1AAE5B8C3192E9AB8CB40DCCD035
:10247000DD31ED93E572E552ED72E531ED51E53177
:10248000DCF0DCD0DC8FCC2EC42EBBACB36BA2E96D
:102490009267A2EA9ACAA30AC40ECC2EB3CCD4D0B7
:1024A000ED93F614F635F655F675FE75FE75FE9647
:1024B000FE96FE96FEB6FE96FE96FE95FE75FE55BF
:1024C000EDF3FE55FE75FE75FEB5FEB6FEB5FEB526
:1024D000FEB5FE75FE95FEB5FE95FE95F654F634F6
:1024E000F634F634F655FE75F654F614EDF3E5D1F0
:1024F000EE12EDF3E5D2E591DD90DD70E5B2E5B2E7
:10250000DD91E5B1DD91D550C4EFBC8DDEFCD6DBAD
:10251000CE9AD6DBE71DE73DE71CDEDBE73DEF7E2D
:10252000EF9EF7DFF7DFEF9EDEDCD6BBD6DBD69A79
:10253000CE5AD69AD69ADEBBE71DE75DE75DD6DCBC
:10254000DEFCE73DEF5EFFFFDEBA83CBB56FBDD1AA
:10255000944CCD73BAAB9800A8009124D698BA4990
:10256000A000B0019800C3ADFFFED55388008000E5
:102570009061CD508C8CD69AEF7FE73DEF7EF79E31
:10258000EF5EDEFCD6BBDEBBD6BBD6BBDEFCDF1C03
:10259000E71CE71CE73DE73DDF1CDEFCDEFCDEFC64
:1025A000DEFCD6DBDEFCDEFCDEFCE71DE73DDF1DEE
:1025B000E75DEF7EE75DEF5EEF7EEF7EF79FEF7EFC
:1025C000EF5EEF5EDF1DD6BBD69BD6BBDEDCE71D24
:1025D000E75DEF7EEF9EF79EEF9EEF9FF79EEF7E0B
:1025E000EF7EEF5DF7BFFFFFFFFFF7BFE73DCE5A7E
:1025F000AD76AD76B597B5B7B597AD76AD35AD35AA
:10260000A53594B48C527BF05AEC4A4A2904102028
:1026100018411041080008201041184120821882FA
:102620001861188210611041186108201862104169
:10263000186200000841186152697C3184737C5330
:1026400084D5A61A9D77834D9B2AABECB3ECC46E60
:10265000D4F0DD31DD11DCF0E531E531E510DCD021
:10266000D48FD46ECC2DB3ACB36BAB4BAB2A8A05F5
:1026700079849ACA8A689AC8CC6FC42ECCB0EDB35C
:10268000F5F4F634F635F634FE55FE76FE75FE7535
:10269000FE96FE76FE96FE96FE76FE75F634F655AE
:1026A000EDF3F634FE75F654FE95FE95FED6FEB5B6
:1026B000FEB6FE95FE95FE75FE95FE75FE55FE7501
:1026C000F674F654F654EE13EE13F613EDF3E5B28A
:1026D000E5D2EDF3DD91D52FD570D530DD71E5B2C2
:1026E000DD91DD91D551CD30BCCEBCAED6DBCE9ADE
:1026F000CE9AD6BBDEDCDEFCE73DE71DEF7DEF9E2C
:10270000EF9EFFFFF7DFEF7EDEDCD6BBD69BD69ACF
:10271000CE7ACE7ACE7AD69BE71DEF7EE75DDEDB02
:10272000DEDCE71CF7BFDEFBAD31B56FC652CE95E0
:10273000BD3281239800C945B04190E4E75ACCAE40
:10274000BA88C30AA1C5DDF3EF59BB89A1A4BB6D4B
:1027500080E2EE55A551B596FFDFF79FEF7EEF5D66
:10276000EF5DEF5DD6DBCE9ACE9ACE7ACE9AD6BB0F
:10277000D6DBDF1CE73DE73DE73DE73DE71DDEDC5F
:10278000D6DBD6DBD6DCDEFCDF1CDF1CDEFDE73E65
:10279000EF9FF7DFF7BFF7BFEF7EE75EE75EE75E2D
:1027A000EF9EEF5EE71DD6BBD69BD6BCDEFCE73DB9
:1027B000EF5DF79EF79EF7BEF7DFF7BFF7BFEF9F1E
:1027C000EF7EF7BFFFDFFFFFFFFFF7DFE71CC63934
:1027D000AD76B596B597B5B7BDB7AD76A535A515A8
:1027E000A5158C527BD0736E5AAB420818821041EB
:1027F00010400800084018811020188220A218619B
:102800001061186110611061104110401861104191
:102810001061000018C228C3524973F084737C739E
:1028200084D4A61A8C9382CAAB8BB40DB40DBC4E63
:10283000CCAFCCCFD4F0D4B0DCF0DD31D4F0CC8F41
:10284000D46FCC2EBC0DAB8BAB2AA32A8247594444
:1028500050C2822782279AE9BBEDD490F5D4EDD3FC
:10286000EDD3F614F635FE55FE75FE76FE75FE7553
:10287000FE75FE96FE96F655FE75F634F634FE5558
:10288000F634F634F634F654F654FE75FE95FEB67C
:10289000FE95FEB5FE95FE74FE75F654FE55FE746B
:1028A000FE95F654F634EDF3E5B1EDD2EDD3E5B295
:1028B000E5D2DD92DD50D52FD52FD52FD530DD7166
:1028C000DD71D550DD71CD30BCCEC4EFD6BBCE9A14
:1028D000CE9ACE7AD6BBDF1CE73DE75DE75DE75DCC
:1028E000EF7EF7DFF7DFEF7EDEFCCE9BD6BBD6BBFD
:1028F000D69ACE7ACE7AD69BE71CEF7EE73DDEFCF9
:10290000DEDBE73DFFFFAD337BC9DEF6D5B3A3AC1D
:10291000D637A1E5A060A861D2A7C44CB511A48D9B
:10292000E6D2AC0B8224EED382E3BC28D52EDE3473
:10293000A369B4CFB5D5CE39F7BFEF5EE73DE73D2C
:10294000EF7EEF7EDF1CD6BBCE9ACE7ACE7ACE9BC0
:10295000D6BBD6DCDEFCE73DE75EE73DDF1DDEFCF7
:10296000D6BBD6BBD6DCDEFCDEFCDF1CE73EEF5E72
:10297000EF9EEF9FF7BFEF9EEF7EEF7EEF7EEF7E45
:10298000EF9FEF5EDEFCD69BD67BDEDCE73DE73DCE
:10299000EF5DEF9EF7BFF7DFFFFFF7DFF7BFEF9FBA
:1029A000EF9EF7BFFFFFFFFFFFFFF79EDEFCBDF8C6
:1029B000AD55AD76B596B5B7B596AD76A5359CD483
:1029C0009CD48431736F630D528B294510201020E5
:1029D0000800102018810800104020A220A21861D1
:1029E0001041188118611882104110401041106187
:1029F000000010A2318620824A296B8F8CF47473F8
:102A00007CB49DD9734E82A9ABCCB42DB42DBC2E11
:102A1000C46FC46ECC8FCC8FD4B0D4D0D4CFD48F6D
:102A2000C42EBBEDB3ACAB8B92EA72274986394515
:102A3000390469A579E6AB6CC46EDCF1E592EDB3BF
:102A4000EDD3F634FE55FE55FE76FE76FE75FE7627
:102A5000FE75FE75FE75F655F655F634F634F655E8
:102A6000F634F634EE13F634F634F655F674FE7595
:102A7000FE95FE95FE75F654F654F654FE75F67402
:102A8000FE74F613EDD3F614EDD2E5B1E5B2E5B27E
:102A9000E592D551D530CD0FCD0FD52FD52FD530CF
:102AA000DD91D570D550CD0FC4CECD30D6BBCE9AEA
:102AB000CE9ACE5ACE9ADEFCDEFCDF1CDF1CE73D50
:102AC000EF7EF7BFF7DFEF5EDEDCD69BD6BBD6DB53
:102AD000D69ACE7ACE7AD69ADEFCE73DE73DD6DBB3
:102AE000DF1CF7BFE73D8C4EB5D1C4B090A399046D
:102AF000D678E657B1A4BA05AC4BC52DD56E92E792
:102B0000CD8EAC8A9BC9C58E9BC8B52CB4CBB4689E
:102B1000D5F07B8CC638F7BFEF7EEF5DE71CE73D55
:102B2000E75DE73DE73DDEFCD6BBCE9BCE9BCE9B73
:102B3000D6BBD6DCDEFDE73DE73EE75EEF7EE73D58
:102B4000DEDCDEFCDF1DDEFCDEDCDEFCE73DE75D1F
:102B5000E75DE71DE75DEF5DEF5DF79EF7BFF7BF50
:102B6000EF9EE73DD6BBD6BBD69BD6BBE71CE73D69
:102B7000EF9EF7BFFFBFFFFFFFFFF7DFF7BFEF7F5E
:102B8000EF7EF7DFFFFFFFFFFFFFE75DD6BBBDD89E
:102B9000AD56AD76B596B596AD76B597B597A535E4
:102BA00094B384116B6F5ACC528A20E3080008005A
:102BB0001020188208201020188218611882102016
:102BC00018611882106118611040106110401041A6
:102BD000000029C74A6A1841526A638F84B474534B
:102BE0007CD484737AAB8AC9A38CB40DB42EBC0D8B
:102BF000BC0DC44EC44ECC8FCC90BC0DBBCCD4AF5E
:102C0000C42DAB8BA34B82A96249524A528B62CC32
:102C1000528A49657A06BC0ECC8FDCF1DD31E57253
:102C2000F5D3F634FE55FE55FE55FE75FE75FE5580
:102C3000F655F634F635F634F634F654F634F654E2
:102C4000F634F634F634F634F634F634F634F65414
:102C5000F655F634F654F654F634F634F674FE951A
:102C6000F654F5F3E5B2EDD2EDD2E5D2E5B1DD9162
:102C7000DD71D550CD0FC4CFCCEFCD2FD550D55071
:102C8000CD50D550CD30C4EEC4EECD30CE9ACE9AD4
:102C9000CE7AC659C659D6BBDF1CE73DDF3CEF7E76
:102CA000EF9EEF9EF7DFEF7EDEFCCE9AD69BD6BB83
:102CB000CE9ACE7ACE7ACE7AD69BE71CE75DDF1C21
:102CC000E75DFFFFCE39842DD67499659800A9235E
:102CD000DEB8F7BDCCAFEE129B6A8AC5CE2FC5B069
:102CE000AD0FA5509CCE7BCB840C840CA50FA4CE3D
:102CF0009C90F7DFF7DFF79FF7BFEF7EE71CDF1C45
:102D0000E73DEF7EEF7EE73DDEFCD6DCD6DCD6BBD2
:102D1000D6BBD6DCDEFCDF1DE75EEF9EEF7EE73D37
:102D2000E73EE75EDEFCD6DCDEDCDF1CDF1CE75DB9
:102D3000E75DE73DE73DEF7EF79FF7BFF7BFF7BFE2
:102D4000EF9EDF1CDEDCD69BD69BDEDCE71CE75D5E
:102D5000EF9EF7BFFFDFFFFFF7DFF7BFEF7EEF7EEE
:102D6000EF9FFFDFFFFFFFFFF7BEE75EDEDBBDF893
:102D7000AD56AD76AD76B597B597AD76A5369CD404
:102D8000949384316B4E5AEC41E81061100010208E
:102D900018621041104018821861188210201041EA
:102DA00020A21861106110611040106108401020CD
:102DB0000841426A4A8B1861528A63B084947494C1
:102DC0007C72836E9B6D8ACAA38CB3EDBC2EBC2E25
:102DD000BC2DC42EBC2DC44EC42EBBAC9A89A32BD3
:102DE000AB8C8AEA72CB6AEC6B4E739073B06B6EED
:102DF0006B8F526A8AA8BBEDCC8FDCF1DD10ED93AE
:102E0000F5F4F614FE14F614F634F654F654F654AB
:102E1000F634F655F655EE14F614F634F614EDF3D2
:102E2000FE55EDF3EE14F634EE14F634F634F634C3
:102E3000F654EE13EDF3F634F634EE13F654F6745E
:102E4000F634EE13EDD2DD91E5B1DD91DD91DD716A
:102E5000D550D52FCCEEC4CFCD0FCD2ED550CD50E3
:102E6000CD50D550C50FBC8DC50FD551CE9ACE7A59
:102E7000C659C639C619CE9ADEFCDF1CE75DEF7E67
:102E8000EF7EF7BFFFFFEF9EDEFCD69BD69BD69B67
:102E9000D6BBCE7ACE9ACE9ACE9ADEFCE71CEF5EF7
:102EA000EF9EFFFFCE399550D653A0A2B883808005
:102EB000A329A40BAB68DE31CD8FAD2E944B8327B5
:102EC00093CCD6B6DF38AD525A88B593E73963292B
:102ED0007BEFFFFFE75EE75DE73DE73CE75DE75D32
:102EE000E73DEF7DEF9EEF7EDF1DDEFCD6DCD6DC1E
:102EF000D6DCD6DCDEFCDF1DE75EE75DE75DEF7E5E
:102F0000EF7EE73DDEFCDEFCDEFCE71DE73DE71D76
:102F1000DEFCE71DEF5EF79EF79EF79EEF9EEF7ECD
:102F2000EF7EE71CD6BBD69BD69BDEDCE73DE75D9C
:102F3000EF9EFFDFFFDFF7DFF7DFF79EEF7EEF9E0D
:102F4000F79FFFFFFFFFFFFFF7DFE73DD6BBB5B7FA
:102F5000A535AD56B597B597AD56A515A4F594B35F
:102F6000949384116B2D528A1882100018201841F6
:102F70001861080020A218611861188108001882E1
:102F800018821882188210411041106110610000EF
:102F900010C35B2D4A8B1061528A74116BF174124D
:102FA0007B6E9B2CB4709B8DAB8DB40EC42FC44F25
:102FB000C42FC44FBC2EBBECB3ABBBAB8A884986D5
:102FC0005A8A62ED6B9073F17C5384527C3273F0B9
:102FD0006BD06B6E82C9B38CBC0DCC8FE572EDD417
:102FE000F5F4F614F5F4F5F3F614F614F614F614F5
:102FF000F634EE14EDF3EDF3EE14F614F614EE13CE
:10300000F634F634EDF3EDF3F634EE13F634F6342D
:10301000EE14EE13F634F614F654EE14F634F613FA
:10302000EDD2EDD3EDD2E591E591DD71DD71DD718C
:10303000D530CCEECCEFC4CFCD0FCD2FC4EFD550D3
:10304000CD50CD30C4CEB48DCD30D571CE7ACE79C1
:10305000C639BE19BE19CE7AD6BBDF3DE73DE75E65
:10306000EF7EEF9FEF9EEF7EDEFCD6BBCE7AD69B47
:10307000D6BBCE7ACE7ACE7AD6BBDEDBDEFCDEFCE9
:10308000E77DFFFFCE5A9D30C6319122BA88EEF817
:103090008225BC6ABD0CB50C8C6BB5D1C50E81E226
:1030A000A3C9AD0FA4CEA4CD946AB56EB54F5A8610
:1030B0009CF2FFFFE75DDEFCDEFCE73DE75DE75DE0
:1030C000DF1CDF1CE75DEF5EE75EDEFCD6BCDEFCEE
:1030D000DF1DD6FCDEFCE73EE73DE75DE75DEF7E0A
:1030E000EF7EE73DDEFCE71DDF1DDEFCDF1DDEDCE5
:1030F000DEFCE75DF79EEF9EF79FEF9EEF9EEF7E73
:10310000EF5DDF1CD6BBD69BD6BBE6FDEF5DEF7E49
:10311000F79EFFBFFFDFF7DFF7BFEF7EEF7EEF9E8B
:10312000F7DFFFFFFFFFFFFFF7DFE71DCE7AB59761
:10313000AD56B597B597AD76AD56AD36A5359CD4A1
:10314000949373B062EC2945080018201841186167
:103150001020186110411041188210400800188298
:103160001882188218611040104010611862000027
:1031700029A65B4E5B0D294439C773F163D073AF49
:103180008AEBAB2CC4D2BC70AB8DBC2FC450C44FE7
:10319000BC0EBC2FC42FBBACB38BAB4A72484A4A9F
:1031A0005B2E73D17C52847384B48CD48CB48452DF
:1031B00073F16BB07B0BA32AC46EDD51EDD3F61413
:1031C000F614F5F3F5F3F5F3F5F4F614F614EDF360
:1031D000EDF3EDD3E5B2E5D3E5D3E5D3EDF3F614A6
:1031E000EE14EE14EE14EE13F614EE13EDF3EE13EC
:1031F000F614EDF3EE13F634F634EE14EE14EDF2AD
:10320000EDB1E591E571E571DD50DD71DD70D53031
:10321000CCEFC4AECCEFCCEFCD0FCD2FC4CECD30A4
:10322000CD30C50FBC8DB48DCD50CD71CE7ACE7959
:10323000C639BE18BE39C659D6BBDF1CE71DE75DCF
:10324000EF9EEFBFEFBFEF9EE73DD6BBCE7ACE7AC3
:10325000CE9ACE9ACE7AC659CE7AD6BBD6DBDEFCD3
:10326000EF5EFFFFCE5994CFD717BC2A89E3CE3249
:10327000C52EB4EC8C2B4A46AD51BDB08BC9A42AE7
:10328000B4CBB50BC58DCE2DDE8FDE50CE0FAD0C81
:10329000A50ECE57D69BEF7FE75EDEFCDEFCDF1C83
:1032A000DEFCDF3DE75DEF7EF7BFE75DDEFDDEFCC8
:1032B000DEFDD71CDF5DE73DE73DE75EEF7EEF9E7D
:1032C000EF5EE71DE71DDF1CDF1CDF1CDF1DDEFDE1
:1032D000E73DEF7EEF9EF7BFF7BFF77EEF7EEF7E15
:1032E000E73DDEFCDEDCD6BBDEDCE71DEF5DEF7E1E
:1032F000F7BFF7DFFFFFF7DFF7BFEF9EEF9EEF9E11
:10330000FFFFFFFFFFFFFFDFE73DDEFCCE7AB59753
:10331000AD76AD76AD76AD76AD55AD36A4F59CD433
:1033200094937BF0526A1000182018410820104135
:10333000186118610800184118820820104118818E
:10334000106118821041104110611041106100009D
:1033500052ED532E63B05B0C20C36BB0636F7B6D7B
:10336000AB0BBB8DBC31BBF0AB4CC40FC450CC70AD
:10337000BC0EBBCDB3CCB3CCB38B8AA95A296B6F2F
:103380007C1184738CD48CD48CB48CD594D58CB4AF
:103390007C126BF1630CA36BED93F5F4EDD3EDF3BD
:1033A000EDF3F5D3F5D3F5F3F614F614F614EDF3C7
:1033B000EDD3EDF4EDF3E5D3E5B2EDD3EDF4EDF3BC
:1033C000EE13EDF3EE13EE14EE13EE13E5D2EE135F
:1033D000F634EE14EDF3EDF3F634EE13E5D2E591A9
:1033E000E550E550E551DD30D52FD52FD530CD0F47
:1033F000C4CFC4CEC4EFCCEFCD0FCD30CD0FC50FB1
:10340000C4EFBC8EB44DBCAECD30CD51CE7AC659D2
:10341000C639C639C639C639D6BBDF1CE73DEF7E93
:10342000F7BFF7BFF7BFEF9EE75DD6BBCE7ACE7A88
:10343000CE7ACE7ACE7ACE7ACE7ACE9AD6BBD6DC79
:10344000E71CEF5EDF1C8C4FC655A42A92A3B4EB99
:10345000C5D09CCD946E5A69940CBD4DBD8DEF13B3
:10346000FF73EEF1DE8FDE8EDE6EE68EF751FFF437
:10347000FF92D62FBD91B574CE7AEF5FDEFCD6DB1E
:10348000DF3DE75DE73DEF5EEF7EEF7EDF1DDF1D99
:10349000DF1DDF3DE75EDF1DE73DE75EE75EEF7EB8
:1034A000EF7EE75DE75DDF1CDEFCDF1DDEFCDF1D80
:1034B000E73DE73DEF7EF7DFF7BFF79FF7BFEF9EF2
:1034C000E73DDEFCD6BBD6BBDEFCE73DEF5EF79EFC
:1034D000F7BFF7BFF7BFF7DFF7BFEF7EEF9EF7BF8E
:1034E000FFFFFFFFFFDFE75DE71DDEFCC659AD769E
:1034F000AD56AD56AD77AD56A515AD36A51594B301
:103500008C527BCF396518402081082010411882E9
:1035100020A21041102018611041082020C3104043
:1035200010411882186110411061084100000841E3
:10353000636F42AC5B6F8D1518C35B0C5AEC8ACA83
:10354000C3CDC3EFCC50BBCEB38DCC4FC430CC7009
:10355000C40EBBADB32BB36B9AEA6249630D73F132
:1035600084738CB494F59535951594F594F58C93F6
:103570007C536B908B4DDD10EDB2EDB2EDB3EDD31E
:10358000EDB2EDB2F5D3F5F3F614EE13F614F6340E
:10359000EDF3EE14E5D3E5B2E5D3EDF3EE14EDF47F
:1035A000EDF3EE14EDF3EDF3EE13EDF3E5D3EE13DF
:1035B000EE13EDF3EDD3E5D2EDF3EDF3E591DD5050
:1035C000DD30DD50DD30DD30D52FCD0FCCEFCD0F30
:1035D000C4AEC4CEC4AEC4CECD0FC52FC50FC4CEAD
:1035E000B46DAC4DAC6DC4CFD531C530C639BE1845
:1035F000C618C618BDF8BDF8CE7ADEFCE75DEF7ED2
:10360000EF7EEF9EEF9EEF9EE73DD6DBCE9ACE9A01
:10361000CE7ACE7ACE7ACE7ACE7ACE9AD69ADF1C6F
:10362000E71DE73DF7DFBDD6634BACF1CDF4940B5E
:103630008BECCE32A50D944BC5CEF793F732C5EF88
:10364000B56EB550BDB4CE35D635C5D2BDB0C5AE5C
:10365000DE2EFF72FFB2D62FAD0FB575DEFDE71D72
:10366000DEFCDEFCDEFCDF1CEF7EEF7EE73DDF1DD7
:10367000E73EE77EE75EE75DEF5EEF7EEF7FEF7FA1
:10368000EF7EEF7EE75DE73DE71DDEFDD6DCDEFC8D
:10369000DF3DE73DEF5EEF9EF7BFF7BFF7BFEF7E81
:1036A000E71DDEFCD6BBDEDCE73DEF5EF79EF79E56
:1036B000F79EF7BFFFDFFFDFEF9EEF9EEF9FF7DF85
:1036C000FFFFFFDFF7BFEF7EE73DDEDBC639AD561C
:1036D000AD56AD76AD76A535A514A5359CD39CB376
:1036E0007BAF4186288220810800106120A220A2A1
:1036F00018821041102010610820106120C308209A
:10370000104120C3188210610841084100002104C3
:1037100074322A09534EA5F939E820E37B0BAB4BF1
:10372000D470CC70D4B1BBEEC42FCC70C3EEBBEE62
:10373000BBCDB38BAB2A9AEA6A69630C7C118C739C
:103740008CB495169D569D3695169D169D1694D54E
:103750007C537B6ECC70F5B2E592EDD3F5F4EDD3EE
:10376000F5D3ED92ED92EDF3F614EE14F634F61473
:10377000F614EDD3E5D3E5D3EDF3EDF3EDF4EDF38E
:10378000EDF3EDF3EDD3E5D2EDF3EDF3EDF3EDF382
:10379000E5D2E5B2E5B1E591EDD2E5B2E571DD3016
:1037A000D50FD52FD50FD50FD530CD0FC4CFC4AE83
:1037B000C4CFCCEFC4AEC4CECD30C50FC4CEBCCECA
:1037C000AC0CAC2CB48EC4AFCD31A46DBE18BDF81A
:1037D000BDF8BDF8BDF8BDF8C639D6BBEF7EEF9E8B
:1037E000E75DE75DEF7EEF7EE75DDEFCD6DBD6BB17
:1037F000CE9ACE7ACE7ACE7ACE7ACE9AD6BBE73D24
:10380000E73DDF1CDF1DEF7EE73EFFFFEFBF5A699C
:103810006B09B4EEA4CAF752EF11B54DB591C63796
:10382000DF1BF7DFFFFFFFFFFFFFFFFFF79FB5B6CF
:10383000840CAD2CC5CBFFF4FF93BD6EA4F2D6BCB7
:10384000E71DDEDCE71CE73DEF7EEF9EEF7EE71D28
:10385000E73DEF7EEF7FEF9FEF7FEF9FEF9EEF9FC4
:10386000EF9EE75EE75DE73EE73DDEFCDEDCDEFD8A
:10387000DF1DE75EEF9EF79EFFDFFFDFEF7EEF5E6F
:10388000E73DDEFCDEDCE71DE73DEF7EF7BFFFDF57
:10389000FFDFFFFFF7DFF7BFF7BFEF9EF79FFFFFE9
:1038A000FFFFFFFFFFFFE75DDF1CDEBBBDF8AD568E
:1038B000AD56B596AD76A5359CD49CF4A514730C85
:1038C000392430E228A21040104118821861188271
:1038D0001041186110411041080020A220821020E0
:1038E000188128E318A210401041084000003A094E
:1038F000745329E963B0959773F000007268D4900F
:10390000DC90DCD1D4B1C42FD4D1CC50BBADAB6BE7
:10391000AB2BA30A8A886A6A6B2E7C108C9394B5B1
:1039200094F59D569D579D369D579D35951684B5AA
:103930008C51C48FED31EDB3F635F614F614F5F471
:10394000EDD3EDB2EDD3F614F614EE14EE14EDF45F
:10395000EE14EDD3EDD3EE14EDF4EE14EDF4EDF33F
:10396000EDD3E5B2E5B2EDB2EDD3EDF3EDF3EDF36A
:10397000E5B2E591E591E591E571DD50D50FDD10FA
:10398000D530D50FD50FD50FCCEECCCEC4AEC4AE4E
:10399000CCEFC4CFC4EFC4AEC4CECD0FBCADB48D9C
:1039A000A40CAC2DBC8EC4EFACAE736ABE18BDF8CF
:1039B000BDF8BDF8BDF8BDD7C618CE9ADF3DEF7E85
:1039C000E73DE73DE75DEF7EEF7EDEFCD6DBD6DB55
:1039D000CEBBCE7AC65ACE7ACE7AD69BD6BCDF1C68
:1039E000DF1CD6DCDEDCDF1DEF7FE75EFFFFBDD82E
:1039F00041E4BD8DFFD3D62EA4EEC617F7BFFFFF5F
:103A0000FFFFFFFFFFFFFFFFFFFFFFFFFFFFB5B659
:103A1000DEFCDEFCA4D09469E6AFFFF4CDEE9C9012
:103A2000D6BCE71DDEDCDF1CDF3DE73DE75EEF7F58
:103A3000DF1DEF5EF79FF79FEF5EEF7EEF7EEF7E7D
:103A4000F7BFEF9FE77EE73EDF1DD6DCDEFDE71D1B
:103A5000DF3DEF7EF7BFF7BFFFFFFFDFEF7EE73D04
:103A6000E71DDEDCDEFCE71DE75DEF7EF7BFFFFF55
:103A7000F7DFF7DFF7DFF7DFEF9EEF7EF7DFFFFF20
:103A8000FFDFFFFFFFDFE75DDF1CD69AB5B7A53587
:103A9000AD35AD55AD35A535AD55A4D4522930E47D
:103AA00049A628C210200820186110611861104131
:103AB0001061104118610800080020A2188210400F
:103AC00020A228E3188210411041000000005B6E24
:103AD00063D1320A74528D56951621454923ED3231
:103AE000E531E533D4D1CC4FCC6FBBCDAB2BA2C9E4
:103AF0008A886A285A695B2D7C128C7394D49D162F
:103B00009D579D57A557A5779D5795368CB49472B0
:103B1000CCD0ED71ED92F5D3F615F614EDD3EDF3AF
:103B2000EDD3F634F634EDF3EE14EE14EDF3EDD3FD
:103B3000E5B3EDD3F614F634EE14EDF3E5D2EDF380
:103B4000E5D3E5B2EDB2EDD3EDF3EDD3F5F3EDD280
:103B5000E591DD71DD71DD71D530CCEFD4EFD50F9E
:103B6000D50FD50FD52FD50FC4CEC48DC48DCCEFB6
:103B7000CCCFCCEFC4CFBC8EB44DC4CEB48DA3EBB0
:103B8000AC2DB46DC4EFC51083AB6369BDF8BDF84F
:103B9000BDF8BDF8BDF8BDD7BDF8C659D69BDF1C32
:103BA000DF1CE73DE75DEF7EE75DDEDCD6DBD6DBE5
:103BB000CE9BCE7BCE7ACE7ACE7AD6BBD6DBD6DB88
:103BC000DEFCDEFCD6DBDEDDDEFCDF3DDF1FB5B676
:103BD000CDCEFFF3E6F1B5B3EF7EFFFFFFFFFFFFB2
:103BE000FFFFFFFFFFFFFFFFFFFFFFFFC638A4F34C
:103BF000FFFFFFFFFFFFC5F7944DCDCDFFD2CDEE08
:103C0000A4D1DEFEDF1BDEDCDEFCDEFCE75DEF7E4A
:103C1000E73DE75EEF9FF79FEF9FEF7EEF7EEF9E22
:103C2000EF7FEF9FEF7EE77EE73DDEFCDEFCE73DCA
:103C3000E75DEF7EEF9EF7BFF7BFEF7EE73DDEFC6F
:103C4000DEFCDEFCDEFCE71DEF7EF7BFFFDFFFDF03
:103C5000FFFFFFFFFFFFF7DFEF7EF79FFFFFFFFF95
:103C6000FFFFFFFFF7BFE71DDEDCCE39B597A515D7
:103C7000A514A515A535B5B794723925312562ABC4
:103C800041A710211020104110611882186118619D
:103C9000186108001861102010412082186110611D
:103CA000188220E3188210411061000008627452EB
:103CB0005B4F322A7C948D3684D452CB1000932BE8
:103CC000ED93E511D490C3EDBB6BAB0A9AA87A488B
:103CD0005A495ACC638F7C318C938CD59D369D5735
:103CE000A5779D579D579D579D5794D5A471D51184
:103CF000F572EDB3EDD3F593EDB3F5D4EDD3F5F463
:103D0000F634F655F634F614EDF4F614F614EDD355
:103D1000E5B3EDD3EDF4EE14EDF4EDF3E5D2EDD330
:103D2000E5D2EDD3EDD3EDB2EDD3EDD2EDB2E57149
:103D3000E571DD51D510CCEFCCEFD50FD4EFD4EF3A
:103D4000D4EFD52FCD0FCCEECCCEC48DBC8DCCCE48
:103D5000CCCFC4CFC4CEB46DB46DB48EAC2DA40C96
:103D6000B44EB48EC50F9C2D62E96B8BBE18BE1885
:103D7000BE18BDF8BDF8BDD7BDF8C5F8CE59DEDB1D
:103D8000DEFCDF1CE75DE73DDF1CDEFCD6DBD6DCBE
:103D9000CE7BCE5ACE7ACE7ACE7AD69BD6DBD6BB27
:103DA000D6BBD6DBDEFCDEFCDEFCDF3FAD36B54D40
:103DB000FFF1C5AD8C71FFFFFFFFFFFFF7FFFFFFB6
:103DC000FFFFFFFFFFFFFFFFFFFFF7DF9CD2E6F9DA
:103DD000DED9E77DFFFFFFFFE73D946ECDADFFB27B
:103DE000BD8DAD34E75ED6BBD6BBDEFCE71CE73D40
:103DF000EF5EE73DEF7EEF9FF7BFEF9EEF9FEF7E19
:103E0000EF7EEF9FEF9FEF9FE75ED6BCDEFDE73DC5
:103E1000E73DEF5EEF7EEF7EE75DEF5EE71CDEFCE9
:103E2000DEFCDEFCE71CE75DF7BFFFDFFFDFFFFF27
:103E3000FFFFFFFFF7DFF7BEF7DFF7DFFFFFFFFF53
:103E4000FFFFFFFFFFDFEF5DD6DBC639AD55AD15D8
:103E5000AD35A515B5968BF030E449E8738E4A2947
:103E600020821861186110411041184110411882D8
:103E700008000800104110411041188218611041DB
:103E800018A218A220C218610840000021257C94C5
:103E900042CC324A85158D567CB47C31186118416C
:103EA0009C30AC0EA34B9B2A92A97A896AA962EC3A
:103EB000636E73D07C528CB494F5951595369D57EE
:103EC000A5979D779D779D579D14BCD2E552EDB285
:103ED000F5D3EDB2EDD2F5D3EDB3EDB2F614FE5558
:103EE000FE35F614F634F634EDF3EDD3EDD3EDD321
:103EF000EDF3EDD3E5B3E5B3E5B3EDD3EDF4EDF3D9
:103F0000E5D2E5D2EDD3E592EDB2E592DD71DD507B
:103F1000DD50DD30CCEFCCCED50FD530D510D4EF81
:103F2000CCEFCD0FCCEEC4AECCCEC4AEC4AECCCEB6
:103F3000C4CEC4AEBCCEAC4DB48EA44D9BCBAC2C89
:103F4000B46DC4CFB48E6AE763086B6AC618BE1836
:103F5000BDF8BDD7BDF8BDD7BDD7BDF8CE39D67A2F
:103F6000D6BBDEDBDF1CE75DDF1CDEFCD6BBDEFC88
:103F7000D6DCCE7BC65AC659CE7AD6BBD6BCDEBB03
:103F8000DEDCDEDCE73EE73DEF9FBDF99C8CFF8F7A
:103F9000EF3129460027BE1AFFFFFFFFFFDFFFFFBB
:103FA000FFFFFFFEF7FFFFFFFFFFAD75AD51FF9570
:103FB000BD4DB54FD679FFFFFFFFF79F9CB0D5EE03
:103FC000FF71A4ABBDF8EF7EDEDBDEDCDEDCDEFC09
:103FD000E75EEF7EE73DEF9FF7DFF79FEF7EE75E5F
:103FE000EF7EEF7EEF7FEF7EE71DDEDCDEFDE71D7F
:103FF000DEFDE73EE73EE73EEF5EE73DE71CDF1C08
:10400000DEFCE71CE73DEF7EF7BFF7BFFFDFFFFFFA
:10401000FFFFFFFFF7DFF7BFF7BFF7DFFFFFFFFF90
:10402000FFFFFFFFF79EE71CD6BBC5F8AD55A4F414
:10403000A515AD357B4D30E36B0D84315AAB312482
:104040002081184118611061106110411861104100
:104050000820106110201041188210411861186169
:10406000188218A220C310610840000031C884D50E
:104070003A6B324A85158D7684B47C3141C7000194
:10408000532E74327BAF6B8E6B4D632D6B6E73D082
:1040900074107C32849394D594F59D3695579D7712
:1040A0009D989D989516A4D3CCD2ED71F5D4EDB31F
:1040B000F5D4F5F4F5D4F5D4EDB3EDF3F634F635E7
:1040C000FE55F655F635F5F4EDD3EDD3EDD3EDD33E
:1040D000EDD3E5B3EDF4EDF3EDD3EDD3EDF4F6145C
:1040E000EDF3E5B2EDB2E5B2E591DD71DD30D5304D
:1040F000D50FD4EFCCEECCEFD530D50FD510D50FF2
:10410000CCEECCCECCAECC8EC4AEC4AEC4AECCEF76
:10411000CCCFBC6DB46DAC4DAC4DA3ECAC0CAC4D88
:10412000BCAECD315A064A2573AA636AC618BE18BA
:10413000BDF8BDD7BDD7B5B7BDD7BDD8C618CE5908
:10414000CE7AD6DBDF1CE75DE75DE71CD6BBD6FB8E
:10415000DEFCD6BBC65AC65ACE5ACE7AD69BDEDC19
:10416000DEFDDEFDDEFDDF1ED6FEA4B0EEAEFF50AE
:1041700052CA0069002800469536FFFFFFFFF7FF8F
:10418000FFFFFFFFFFFFFFFFE75D842DDE71D62FEE
:10419000F6F1E68FB52CB593F7DFFFFFEF9EA4D0C5
:1041A000EEAFDE4B9CAFE71EDF3DDEFCD6DBD6DBA1
:1041B000E71DEF7EE75EF7BFF7DFF79FEF9FEF7E2C
:1041C000EF7EEF7FEF7EE73EE71DDF1DDF1DE73D62
:1041D000E71DE73EE73EE73DE73DDF1CE71DE71C47
:1041E000DF1CE73DEF5DEF7EF79EF7DFFFFFFFFF90
:1041F000FFFFFFFFF7BFEF9EF7BFFFFFFFFFFFFFD0
:10420000FFFFFFDFEF7EDEFCCE5ABDD8AD559CF53B
:10421000A514730C30C36B0C8C726B2D49E828C24B
:1042200018411861106108201861104110410820E0
:10423000082010611040082020A210401881188228
:10424000186118A228E3186108000000426A84D5AA
:10425000322A42AC8515851584D463D05ACB1062BE
:10426000424B743374537412741173F073D07C1115
:1042700084728CB48CD58CF5953695369D579536D1
:104280009CF5ACD3B490CCD0E551EDD3EDD3EDB3E8
:10429000EDB3F5F4EDF3EDD3EDF3F614F635FE558D
:1042A000F635F634F614EDF3EDF3EDF3EDD3EDD38F
:1042B000E5D3EDF4F614F614F614EDF4EDD3EDF3C6
:1042C000EDF3E5B2E591E592E591DD70D50FCCCE49
:1042D000CCCECCEFCCEFD50FD50FD50FCCEFCCEFAC
:1042E000CCCECCCEC4ADC48EC4AEC4AEC4AECCCEE7
:1042F000C4AEB44DB42DB46DA42C9BEBAC4DBC8DB1
:10430000D5716268000049E57BAB73AAC618BDF899
:10431000BDF8BDF8BDD7B5B7B5B7BDB7BDF8C6597F
:10432000CE7AD6BBDEDCDF1CE73DDEFCD6BBD6BBDF
:10433000D6BBD6BBCE7AC63AC639CE5AD69BD69B0A
:10434000DEDCD6DCD6DCEF7FAD76C54BFFB16B8A09
:10435000006A196D31EA000300017C74FFFFFFFF62
:10436000FFFFEFBFDEFBE73D8C91AD0CFF51C54D6C
:10437000A4ACE6B1FF72C56CB572F7DFFFFFD6BC27
:10438000ACCCFF90ACCAAD54EF9FDF1DDEFCD6DB9A
:10439000DEFCDF1DE75EEF7EEF9EEF9FEF7EF79F77
:1043A000F79FEF7FEF5EE73DE73DDF1DDF1DE73D58
:1043B000E73EE73DE73DE73CE73DE73DDF3DDF1C0E
:1043C000E71CE71CE73DF79EF7BFFFFFFFFFFFFF7E
:1043D000FFFFF7DFEF9EF7BFF7BFFFFFFFFFFFFF16
:1043E000FFFFF7DFE75DD6DBC639B5979CD49CB3FA
:1043F00083EF390562AB949273AF6B0C3965102073
:104400001020186110611020186118611040080018
:10441000082010411041084020821061188118A224
:1044200018A2188228E318620000000052ED7C7385
:1044300029E9530D8515853684F56BD05ACB10814B
:10444000296763D17452743274327C3284738472FB
:10445000849394D595168D1695169CD4ACD2BCB188
:10446000CCD0CCCFDCF0ED72E572E592EDB3EDB3DC
:10447000E592EDD3EDB3EDB3EDB3EDD4F614F63430
:10448000F634F614F5F4F614F5F4F5F4F5F4EDD38A
:10449000F614FE55F655F614F614F5F4EDD3E59240
:1044A000EDB2E592E591E591DD50D52FD50FCCEF3A
:1044B000CCCED4F0D510DD50D50FCCEFCCCECCCEB9
:1044C000C4AEC4CEC4ADC48DCCCEC4AEC4CEC4AF15
:1044D000BC8EB44DAC2CAC8DA40CA40CBCAEBCEF0B
:1044E00072C80000000020C2732973AAC639BDF843
:1044F000BDF8BDF8BDD7B5B7B597B5B7BDD7C63907
:10450000CE7AD6BBD6DCDF1CE75DDF1DD6DBDEFC5A
:10451000D6DBCE9AC65AC639C639CE5ACE7AD6BB63
:10452000D6BCD69BDF1DC65B9C8DFFB1B54D08E99F
:10453000004B5B2DFFB78BEB000300027C55DF1CAB
:10454000C616BD71B54EB54FA4ACD60EE6AFA48B62
:10455000BDB5C615C5CEFF71BD6BB5B4FFFFFFFF7E
:10456000B595D5ECDE4CACEFE73EDF1DDF1CDEFC85
:10457000DEDCDEFCE73DE75EEF7EF79FF7BFF7DFAF
:10458000F7BFEF9EEF7FEF7EDF1DDF1DE73DE75EAC
:10459000E73DE71DE75DE75DE73DE75DE73DDEFC05
:1045A000DF1CE71CEF5DF7BFFFFFFFFFFFFFFFFF13
:1045B000FFFFF7DFEF9EF7BFFFFFFFFFFFFFFFFFEC
:1045C000FFFFF79EE71CD69AC618AD3594728C1083
:1045D00041865A4A94928C527BAF5A8A2081182085
:1045E000102018411861104118411861104008004E
:1045F000082010201041106120821882104120A252
:1046000020C3188228E3106100000000530D74538A
:10461000324B4B0D851685358D1573F139C71081D9
:1046200039E94AAD73F174127C327C7384948494BA
:104630008CD48CF594D4A4B2BCB2CCB1D4D0E53136
:10464000E551E551E552DD52E551E592E5B3EDD393
:10465000E5B2E572E5B2E592EDB3EDF4F614F635A8
:10466000FE35FE35F5F4F5F4FE15FE15F634F614B8
:10467000FE55F655F635F5F4F5F4F5F4E5B2E5B288
:10468000E5B2DD71E591DD71DD50D530D530D53045
:10469000CCCFCCEFDD30D530D50FCCCEC4AEC4AE50
:1046A000C48DBC8EC4AEC4CECCEFC4EEC4AEBCAE22
:1046B000B46DAC2CA44DAC4D9BECAC4DBCCF628723
:1046C00008001881082008004A267BAAC639BDF8D0
:1046D000BE18BDD7B5D7B5B7B597B5B7BDD7BDF877
:1046E000C659D69BD6BBDEDCE73DDF3DD6DCDEFC23
:1046F000DEFCD6BBCE7AC639C639CE5ACE5ACE7A71
:10470000CE9ACE7AE73FA513CDADFFB24A8B004BD0
:10471000194AD630FFF3FF72B52E2946000183CC2B
:10472000CDADDE4EF710E66FEEB1F6D1DE0D9CACEE
:10473000FFFFEFBFAD72CDCDF70EAD0CCE58FFFF32
:10474000E71DB4EDFF2FC58FCE39E73EDF1CDEFC41
:10475000DEDCDEFCDEFCDF1DE75DF7BFFFFFFFFFF9
:10476000F7DFF79FF79FEF7EE73DDF1DE73DEF7E29
:10477000EF7EEF7EEF7EE75EEF7EEF7EE73DDF1CB4
:10478000E75DEF9EF7DFFFFFFFFFFFFFFFFFFFFF8C
:10479000FFFFF7DFF7BFF7BFFFFFFFFFFFFFFFFFE1
:1047A000FFFFEF7EDEFCCE5AC5F89C939451524831
:1047B000398694529CF47C10734E41861840184000
:1047C00008001021104110411882186108200000D3
:1047D0000820104110401041188218611881188279
:1047E00020A220C22904104100000882532E641226
:1047F0003A8C4B4E7D157CD47CB46B8F000010211D
:10480000732D4A4A426B6BD174327C7384B48494A6
:104810008CB4A4B3BCB2CCD0DCF0E551E551E55189
:10482000E551E552E572DD51E572E593E593E592D8
:10483000E572E551E572E592EDD3F635F635FE35D4
:10484000FE35FE35FE55FE55F655F615F634FE35A9
:10485000FE35F614F614EDD3EDB2E5B2DD71E57177
:10486000E571E591DD51D530DD50D530D530D5102D
:10487000CCEFD510D4EFCCEFCCEFC4AEC48EC48D4A
:10488000C48DC4AECCEFCCEFCD0FC4CFB46DB46D3E
:10489000AC0CA40CA42D9BECA42CBCF05A462060BC
:1048A00028C228E220C2080020E26B29C639BDF8E0
:1048B000BDF8BDD7B5B7B5B7B5B7B596B5B7BDF8FF
:1048C000C619CE7AD6BBD6DCDF1DE75EDEFCD6BBD2
:1048D000D6FCD6DCD69BCE7AC65ACE59D65ACE7ADC
:1048E000CE7ADEFCC61AACEFFFD2A4ED0088004AF7
:1048F000946DFFD3940CB52EFFB2D60E83C9B4CB02
:10490000DE6FCDEF83C89429B52CC5ADCD8BC5B274
:10491000FFFFFFFFFFFFBD93D5CCE6CEAD11EF7ECD
:10492000FFFFC5B5E66DCDCCBDD5EF7FDEFCDF1C4E
:10493000DEFCD6DBD6DBDF1CE73DEF9EFFFFF7DFBB
:10494000F7DFF7DFF7BFEF7FE75EDF1DE73DEF7EC5
:10495000EF7FEF9FEF7FEF7FE75EE73DE71CE73DEF
:10496000F7BFF7DFF7DFFFFFFFFFFFFFFFFFFFFFEF
:10497000FFFFF7DFF7BFFFFFFFFFFFFFFFFFFFFFB7
:10498000FFDFE71CD69ACE5AB5B79492628A418669
:1049900094929CB484107BCF62AB28C320611040FA
:1049A000080018411861186118611861080000209A
:1049B00008001061082010411041188218A21881C7
:1049C000208220A229031061000018E45B905B9014
:1049D0003A6B5BD07CD47C9373F14A07390362074E
:1049E000832B7B0B51E76ACB8BCF93EF8BEF9C51E3
:1049F000B491CCB0D4B0DD10DD50E551DD72E5519D
:104A0000E551E551E592E572E551E552E552DD519A
:104A1000DD51DD51DD71DD92EDD3F635F676FE76B2
:104A2000FE76FE55FE76FE76F635F614FE14F5F4A7
:104A3000F614F614EDD3EDB2EDD2E5B2DD51D5307A
:104A4000D510DD50DD30DD30D510D50FD550D53047
:104A5000D4EFD4EFCCCFCCCEC48EC48DC48EC48E54
:104A6000C4AEC4CECCEFCCEFC4CFBC8EAC2CA3EB89
:104A70009BECA3ECA40CA3EBA3EBB595428A1840E6
:104A8000418320C12902104010205286C618BDF86B
:104A9000BDF8BDD7B5B7B596B596B5B7B597BDD87E
:104AA000BE18C659CE9BD6DCDEFCE73DDEFCD6BB8D
:104AB000DEFCDEDCD6BBCE9ACE7ACE7ACE5ACE9B48
:104AC000CE9BE73FA513C58DFFB24AAA000A426BF1
:104AD000FF94CDF0006600649C89FF30FF70BD2A12
:104AE00062A610833164DE90EEF183A87BAACE57D4
:104AF000FFFFF7DFFFFFEF9EB54EEECEBD6DBE1799
:104B0000FFFFD69AC5ECE66DBD94E71EDF1CE75D9E
:104B1000DF1CD6DBDEFCE71DDF1DE75DF7BEF7DF40
:104B2000F7DFF7DFF7DFEF9FE73EDF1DE73DEF9FA2
:104B3000EF7FEF9FEFBFEF9FEF7EE75EEF7EF7BF68
:104B4000F7BFF79EF7BFFFFFFFFFFFFFFFFFFFFF6E
:104B5000FFFFF7BFF7DFFFFFFFFFFFFFFFFFFFFFD5
:104B6000EF7EDEFCD69BC639B5768C1041867B4D38
:104B7000AD1584318C51738F398628A220610820AD
:104B800008201021208218811841104108200000BF
:104B90000820104108001041188220A218A1188195
:104BA00020C320A220C31081000019255BD0534FE1
:104BB0003A6B63B07CB47C9352AC51C69B6BABAD8B
:104BC0009B6CA38CABACB3CDB3EDB3CCB3EDC46FE6
:104BD000D4AFD4AFD4AFDD31E572DD72E572E5510B
:104BE000E551E572E572DD51DD51D511DD31DD5163
:104BF000E572DD31DD51DD72EDB3F615FE96FEB7DF
:104C0000FE97FE35F5F4F5B3ED92EDB3F5B3F5B3DC
:104C1000EDD3EDF4EDD3E5B2E592E592DD71DD5132
:104C2000D530D50FD510D510D50FD530D530D530DE
:104C3000CCEFCCAFCCAFC46DBC4DC46DC48EC4AE94
:104C4000C4CECCEFCCEFC4EFB48DAC0CA40B9BEB7B
:104C50009BEBA3ECA40CA3EB93CD9DB87CD420C21A
:104C6000394328A120C12081000039A4C639BDF8EC
:104C7000BDF8B5D7B5B7B596B596B596B596B5B7EF
:104C8000BDF8C659CE7AD6BBDEFCDF3DDF1DDEFCAB
:104C9000DEFCD6BBCE9BC65ACE5ACE7BCE5ACE7A3F
:104CA000DEDCC65A9CAFFF51ACCC08E8114DA4EF36
:104CB000FFD2528A00070002734BD5EFF6EFFF5187
:104CC0008BA900009C8CFFF5BD8DBE15EFBEF7BF14
:104CD000F7BFF7DEF7BEFFFFC636BD4AE68EAD7200
:104CE000FFFFEF5EC5CFF6EEAD10D6BCE75DE73C4B
:104CF000DEFBD6BBD6DBDEFCE73DE73DE75DF7BF7D
:104D0000FFFFFFFFFFFFF79FE75EE73DE75EEF9FD7
:104D1000F7BFFFFFF7FFF7DFF7DFF7DFF7BFF7BEFC
:104D2000EF7EF7BEFFFFFFFFFFFFFFFFFFFFFFFF6D
:104D3000F7DFF7DFFFFFFFFFFFFFFFFFFFFFF7BF1B
:104D4000EF5DDEDCD67AC619AD355A6949C7A4B322
:104D50008C3194929CD362CB28A2288118601020B9
:104D6000082010201861186118411041000000004F
:104D7000002018610820000020A220A2188118A29B
:104D800028E320A220E31081000021465BD0536F6E
:104D9000322A536F74937C7252497A68A38BABADFD
:104DA000ABCDABEDBC2EBC2EBC2DC46ED4AFCCAF06
:104DB000CCCFD4D0D510DD51DD71E571E572E55170
:104DC000DD51DD72E593DD72D510CCCFCCF0D5305E
:104DD000DD31DD11DD11E572EDD3FE35FE55FE76D8
:104DE000FE55F5D3E511E4F0E510E531E552ED921D
:104DF000EDB3EDD3E5B2DD71D530D530DD71DD51E8
:104E0000D530D530D510CD10CD0FD530CD10CD0F3C
:104E1000C4AEC4AEC48EC48EBC6DBC6DC4AECD1069
:104E2000CD10CCEFBCAEAC4DAC2C9BCBA3EB9BEB35
:104E30009BCBA40CA40C93CC94B295D995973165D7
:104E400028C128E2188120E218611040C639BDF857
:104E5000BDF8BDB7B5B7B596AD76B596B596B5B74D
:104E6000BDB7C618CE7ACEBBD6FCE71DE75ED6FC32
:104E7000D6BBD69BCE9AC639C639CE5ACE7ACE7A12
:104E8000E71EAD55AD0CFFD35AE9008A530EFF5310
:104E9000B50C0067000652C9FFF983EC6B29F6F0E8
:104EA000FF0FB52CFF51D67018C58CF6FFFFFFFF22
:104EB000EF9EF7DEF7BEFFFFEF7EBD8EE6AEA510DC
:104EC000DF3DFFFFD633EEAEA50DD69AEF7FDF1C98
:104ED000D6DBD6DCD6BBDEFCDF1CE71DE73DEF7E74
:104EE000FFFFFFFFF7DFF7BFEF7FEF5EEF7EEF7FA4
:104EF000F7DFF7DFF7DFFFFFFFFFFFFFFFDFF7BEA3
:104F0000FFDFFFDFFFFFFFFFFFFFFFFFFFFFFFFFF1
:104F1000F7DFFFFFFFFFFFFFFFFFFFFFFFFFEF9E3A
:104F2000E73DDEDBCE5AB5B88C3139656B0CA4F4A5
:104F300094929D1484104A08288228A110600800C9
:104F40000800184118411861186110200020000065
:104F5000082018A20820000018A220C320A2106177
:104F600020C320C328E31061000021665BB05B9082
:104F700029E9530E7CB46BD05A488AE9A3ACA3CD7F
:104F8000A3ACB3EDB40DB3ECBC4EC48FC4AFCCD066
:104F9000D4F0CCF0D510DD30DD31DD51E572DD30FF
:104FA000D510D531DD31DD31D510CCCFCCAFD4D05B
:104FB000D4D0D4F0DD11E551ED92F5D3F5F4F5D36D
:104FC000ED92E531DCCFE510E551E551DD92EDD311
:104FD000EDD3E5B2DD91DD71D510CD10DD51D530C9
:104FE000CCEFCD10D530D510CD10D530D530CCCFBD
:104FF000C4AECCAEC48EC48EBC8EC4AECCEFCD10CD
:10500000C4EFC4CFB46DA40CA40CA3EBA3ECA3EC2D
:10501000A42CAC4C9BABA4B1A5D78D56A63A3A298B
:1050200018403943208120A120C11040C639BDF865
:10503000BDF8B5D7B5B7B596B596B596AD96B59654
:10504000B5B7BDF8C65AD6BCD6DCDF1CE75DDEFCC2
:10505000D6DCCEBBD69BC639C659C659CE5ACE7BF6
:10506000D6BC9CB0D60EC58DADB67CD88C4DFF732A
:105070003A0800070066BDD2FFF6528C00054A6967
:10508000DE2FFFF1FF50526A000900287C12FFFF5B
:10509000FFFFF7BEF7BFF7BEFFFFCE34D62DB54FEB
:1050A000C659FFFFDE76E68EB54DCE59E75EDF1CB2
:1050B000D6DBD6DBD6BBDEFCD6BBD6DBDEFCE75EC2
:1050C000F79FF7BFF7DFF7DFEF7EE75EEF7FEF9F3A
:1050D000F7BFF7BFF7BFF7DFFFFFFFFFFFFFFFFFE0
:1050E000FFFFFFFFFFFFFFFFFFFFFFFFFFFFFFFFD0
:1050F000F7FFFFFFFFFFFFFFFFFFFFFFFFDFEF7E79
:10510000E73DD6BCBE19AD156ACB41A6947194B3E8
:105110009CD49471736D49E7206028A10800082091
:10512000102018412061184118610820002000005B
:105130000840188208200000106120A220E31061BE
:10514000188220C3290418A200001905534F6431A6
:1051500031E942CD7CD45B4E59E68AE99B8CA3AD04
:10516000A3ACABCDABCDB3EDC44EC46FC4AFCCB02C
:10517000CCD0CCF0CCF0DD10DD10D510D4F0D4F0D4
:10518000CCCFCCCFCCAFD4F0CCCFCCAFCCAFCCAF9E
:10519000CCAFCCAFD4D0DD10DD10E551E572E551D8
:1051A000E551E551E551ED92E5B2E592E5B2E5D282
:1051B000E592DD71D531DD30D530D530D530CD102B
:1051C000D530CCF0CCCFD510D551D551D530CCCFB2
:1051D000C4AEC4AFC4AFBC6EC4AFCD10CD30C4EF4D
:1051E000B48EB44DAC0CA3EBA40CA42CA40CA40C56
:1051F000A46DA3EC9BABB5B6AE9B95369D976C1199
:1052000018A239632902188010411861C639BDF807
:10521000BDF8BDD7B5B7B596AD96B596B596B5966A
:10522000B596BDD8C639CE7BD6DCDF1CE73DDEFCAB
:10523000D6DCD6DCCE7AC639C639C659CE9ADF1D41
:10524000BDB79C6CEEF1A4ADD6FBFFFFEEF67B691B
:10525000000400273228FFD6AD30008700AC0007DD
:105260002147DE4FBD8C002708ED00AB0006532F11
:10527000FFFFFFFFF7BEF7BEFFFFD697D60DBD6E4F
:10528000BDD7FFFFDEB7E68FBD6EC618EF7FE75DC7
:10529000E73CDEFCDEDCD6DBD6DBDEFCDEFCE73D1D
:1052A000E75EE75DEF9EEFBFE75EDF1DE75EEF9F26
:1052B000EFBFEF9FEF9FF7BFFFFFFFFFFFFFFFFF76
:1052C000FFFFFFFFFFFFFFFFFFFFFFFFFFFFFFFFEE
:1052D000FFFFFFFFFFFFFFFFFFFFFFFFF7DFEF9E77
:1052E000DEFCC619AD769CD452286289A4D38C51B9
:1052F0009CD48C1062AB3103288020600800082009
:105300001041186128C220811041000000200820AF
:1053100008401882082000001061188220C320C2B3
:10532000186118A2290318C200001904534E6C32E8
:1053300029E9428B7CB463D051E682A9934BA38CBC
:10534000A3ACA3ACABCCC44ECC8FC48FC48FCC8FDA
:10535000C46FC44ECC8FCCAFD4CFCCAFC44EC44EF0
:10536000C48EC48EC48EC48EC46EBC6EC48EC46E15
:10537000C46EC44EC42ECC6ECCAFCCAFD4D0DD1036
:10538000E531E531E551E571E571E571E551DD5155
:10539000DD51D530D530CCEFCD10D530D531CD1055
:1053A000D530D510CCCFC4CFCCF0CD10D510CCEFAC
:1053B000CCAFCCCFC4CFC4AFC510C510C4EFB48E32
:1053C000AC2CA3EBA3EBA40CA3EBA40CA3ECA42D9B
:1053D000AC2D9BCBA4B0B65AA67AA61984B484D4BB
:1053E00039E820C23143208108200820C639BDF8A1
:1053F000BDD7B5D7B5B7B596AD96B596AD96AD76E2
:10540000B576BDD7C619CE7BD6DCD6FCE73DE71D09
:10541000DEFCD6FCCE7AC639C639C659C65ADEFD80
:10542000AD74ACCBE66FA511DF5EFFFFF7568BE9DD
:10543000004600037BECFFF852CC0008090B092B57
:10544000002910C72987002708CB112B08EB00067D
:105450003A0DE79DFFFFF7BEFFFFDEF9D60EBDAEAA
:10546000B5D6FFFFE6F9E690BD4ECE39F7BFEF9E09
:10547000EF9EE75DDF1CDEFCD6DBD6BBDEFCDEFC90
:10548000E73EEF5EEF7EE75EE73DDF1DDF3DEF9F2E
:10549000EF9FE75EEF7EEF9EFFDFFFFFFFFFFFFF67
:1054A000FFFFFFFFFFFFFFFFFFFFFFFFFFFFFFFF0C
:1054B000FFFFFFFFFFFFFFFFFFFFFFFFF7BEE73D1F
:1054C000CE7AB5B7A5359C935208730CA4F48C72B0
:1054D000A51483F0396630C130C118400800082097
:1054E0001000186128C22081184100000000082027
:1054F00010611882080000001041188120C220A10C
:10550000186120C320C218A200001904534E63D1B1
:1055100029E93A4A7C736C11318661E6932A932A11
:10552000A36CA36CABACBC2EC44EC46EC46EBC4E9C
:10553000BC0DB3EDBC2DBC2DBC2DB40DABCCB3EC70
:10554000BC2DBC4EBC4EB44DBC4DB42DBC6EBC4E3F
:10555000B40DABCCB3CCB3CCBC0DC46FC46ECC8F8C
:10556000D4CFD4CFDD10DD10DD10D4EFD4CFDD10DB
:10557000D4EFCCCFD510CCF0CCEFD510CD10CD10D2
:10558000CD10CCF0CCCFC4AFC48EBC8EC4CFCCCFAA
:10559000C4AEC4AFC4CFC4EFC510BCCFB48EAC2C66
:1055A000A40CA3CBA3EBA40CA40C9BEBA40CA42DE8
:1055B000A3EC93ABAD96AE9BA63AA6198D56955625
:1055C0005B2E0860318420C210410800C639BDF846
:1055D000BDF8B5B7B5B7B596AD96AD96AD76AD5647
:1055E000AD76B5B7BDF8C65ACEBCD71DDF3DE71DB9
:1055F000DEFCD6DCCE9AC67ABE18C618C65AD6BC11
:10560000A511BD2CC58CA552F7FFE73ECDCEFF0EF0
:105610007C0D0044B56FF7341929008A090B090B7A
:1056200000A80006088639E7192808CA110B090CDA
:105630000007218AE71DFFFFFFFFDEBACDEEBDCEDA
:10564000BDD6FFFFE6F8DE70B54EC659F7BFEF7E58
:10565000EF7DE75DDF1CDEDCD6BBD6BBD6DBDF1D16
:10566000E71DE73DE75EE73DDF1DDF1DDF3DE77E30
:10567000E75EE73EEF5EEF7EF79EFFFFFFFFFFFF77
:10568000FFFFFFFFFFFFFFFFFFFFFFFFFFFFFFFF2A
:10569000FFFFFFFFFFFFFFFFFFFFFFDFE75DD67AA2
:1056A000BDD8B5B7A53594715A287B8D9CB394B3FA
:1056B000A51462CB28C230C130A1102010201041A7
:1056C000104128A220A120811841000000200000E4
:1056D000106120C3102008200820186120A118A103
:1056E000186120C318821061082010834ACC63D14E
:1056F00029E93A4B74735B90192641657A88932A9D
:10570000934A934A9B4AABCCABECBC2DB40DB3EDA2
:10571000B3EDB40DABECB3ECABCCAB8BABACABCC77
:10572000B3ECB40DB40DB42DB42DB40DB40DB40D53
:10573000B3ECABCCABCCABACABACB3ECB40DBC2EE4
:10574000C46EC46EC46EC46EC46DC48ECC8ECCAE3A
:10575000CCAFCCEFD4F0D510CCF0CCEFC4CFCCEFA5
:10576000CD0FCD0FD510CCCFC48EB44DB42CB44DCD
:10577000BCAEBCAEBCAFBCCFB48EAC4DA3EB9BCB30
:10578000A3EBA3EBA40CA40CA40C9BECAC4DAC6D54
:105790009BAA9C2EB659A639AE39A5F89597A5F9BE
:1057A0008D152103312318C2212418C2C639BDD753
:1057B000BDD7BDD7B5D7B5B7AD76AD76AD56AD765D
:1057C000AD76B596BDF8C65ACE9BD6FDDF3DE75EF9
:1057D000DEFCD6BBD69BCE7ABE18BE18C63AC65BD8
:1057E000A4F0CDCCB50BAD94FFFFD69ABD8CCD897E
:1057F000CE35ADF8CDEFC5B100A800CB090A004900
:10580000424BB56FBD8EF6F07BCB002808CA110B5A
:10581000090B0007190ACEBBFFFFDEB9C5EEB58D37
:10582000BDD7FFFFDE97DE70B52DC659EF9FE71D90
:10583000E73DE73DDF1CDEFCDEFCDEFCDEFBDEFCE4
:10584000DF1DDEFCD6DCDEFCDF1DDF1DDF3EDF5EA4
:10585000DF1DDEFCDF1CE73DEF9EFFDFFFDFFFFF0C
:10586000FFFFFFFFFFFFFFFFFFFFFFFFFFFFFFFF48
:10587000FFFFFFFFFFFFFFFFFFFFF79EDEFCC63AC3
:10588000B5B7AD5594B383EF5A4894319CF49CD48A
:1058900084114A07310330C2206118411061186237
:1058A0001861208118611881104000000020082034
:1058B000104120A2104108200800186120A120C238
:1058C0001882186120C21861082010A23A2963B01A
:1058D000322A320A7C734ACD19674A8A59C582C86E
:1058E000932A8AE98AC9A36BB3EDB3ECABACA38B63
:1058F000ABACB3ECABACABCCABCCABABABACABAC69
:10590000A3ACABCCABEDB40DABEDABEDABCCABCC5A
:10591000ABCCABECABECABECABECA3CCABCCABCC57
:10592000B3CCB3ECB3EDBC0DBC0DC44DC46EC48E92
:10593000C48ECCCFCCEFD4EFCCAEC4AECCEFCCEF9A
:10594000CCEFCCEFCCEFC4AEC46EBC4DB42CB40CD9
:10595000BC6DB46DB44DAC2CA3EBA3EBA3CBA3EB0C
:105960009BCB9BCBA3ECA40CA40CA40CAC6DAC4DBA
:10597000938AA533B69BA619A6199DF89597A619E3
:1059800095974A8A20C3188121245ACAC618BDD7C0
:10599000BDF8BDD7BDD7B5B7AD76AD56AD76AD5672
:1059A000AD55B596BDD8BE19CE9BD6DCE75EE75E99
:1059B000DF1CD6DBCE9AC659C639C639C619B5D949
:1059C0009C8DDE2DA4ABAD96FFFFC657C5ACB52AA6
:1059D000C638EF7ECDCDACED002700AB090A00073D
:1059E00073ACFFD2F711FF91942B004708EA10EA3D
:1059F00010EB110B00080888CEBCF7BBCE0EB56DBE
:105A0000C618FFFFD676E6B1BD4FCE59EF9FE75DD2
:105A1000E75DDF1CDF1DDF1CDF1CDEFCDEFCDEFCC7
:105A2000DF1DE73DDEFCD6DCD6DCD6DCD6FCDF1D98
:105A3000D6BCD6BBDEFCE71DE73DEF5DF79EFFFF62
:105A4000FFFFFFFFFFFFFFFFFFFFFFFFFFFFFFFF66
:105A5000FFFFFFFFFFFFFFFFFFFFEF7ED69BBDF8BD
:105A6000AD769CF49CF483AE5A279492A53594723B
:105A70006B2D41C6390330C12061104110401040E8
:105A80002061206010402081104100000020002093
:105A9000080020A21861104008200820188220C2A7
:105AA0001881104020E318820820108129C75B8FDD
:105AB00029C829A874734ACD19475B8F5A8A6A2767
:105AC00092EA8AE9828892EAABCCA3CBA36AA36A62
:105AD000A36AABABABCCABCCABCCABCCABCCA3ACC1
:105AE000ABCCABCCABECABECABCCA3ACA3ABA3AB38
:105AF000A3ABA3ABA3ABA3CCA3CCA3CCA3CCABACA9
:105B0000ABCCABCCB3ECB3EDBC4EC44EC48ECCAF7F
:105B1000CCAFCCAFCCCFCCCFCCAECCAFD4F0D4EFDD
:105B2000CCEFCCCFC48EBC4DBC4DBC4DB42CB44DD1
:105B3000B46DB42DAC0CA3ABA3CB9BABA40CA40C49
:105B4000A3CCA40CA3ECA3ECA3ECAC0DAC2DAC0C3F
:105B5000A42EADF8A65AA639A619A6199DF895D86F
:105B60009577959742691020000073ADBE18BDF877
:105B7000BDF8BDD7B5D7B5B7AD76AD55AD56AD56B9
:105B8000AD56AD96B5B7BDF8CE7AD6BCDF3DE75E73
:105B9000DF1CD6DBD6DBCE5AC639C639C63AB5B815
:105BA0009C8CE62DACCCB5D6FFFFB5D5C58BB52A00
:105BB000CE79DEFCBD6CDE5131C8002708EA002832
:105BC0004A49F730ACCB398310A608CA110A10EA4B
:105BD00008EB10EA110B000808A9948FEF11B56EBD
:105BE000DEFCFFFFD634DE90AD0ED69BEF7EE75D88
:105BF000DF1CDF1CD6DBDEFCDF1CDEDCDEFCDEFCBB
:105C0000DEFCDEFCD6DCD6BBD6DCCEDBD6DBD6DCDF
:105C1000D6DCD6DCD6DCDEFCDF1CE71DEF7EFFDF4A
:105C2000FFFFFFFFFFFFFFFFFFFFFFDFFFFFFFFFA4
:105C3000FFFFFFFFFFFFFFFFF7DFE73DCE5AB5B7DE
:105C4000A5149CF4A515838E5A489CB39CF48C3102
:105C500062EB41A638E330C11860104008201020E4
:105C6000208120611020208210610000084008205F
:105C7000102020C218821041106108001861208194
:105C80001861186118821882080000202986530DB7
:105C9000216621676C324AED19264B0D6C117B2B66
:105CA0007A888AE982C8826892E99B4A9B4AA36BF8
:105CB000A38BA38BA38BABCCABECABECABCCABCCC7
:105CC000ABECA3CCA3ABA3ABA3ABA3ABA38BA3AB1A
:105CD000A3CC9BAB936A9B6A9B8BA38BA3ABA3AB1D
:105CE000ABACABCCB3EDB40DBC2DC46EC48ECCCF7D
:105CF000D4F0D4F0D4EFCCCFCCCFD4EFD4F0CCCF01
:105D0000CCAFC48EBC4DBC4DB42DB44DB46DBC8E67
:105D1000BC8EAC2CA3CB9B8AA3ABA3ECA3EC9BCBFC
:105D2000A40CA40CA3ECA3ECA3ECA3ECABECABECA9
:105D3000A4D1B65AA65A9DD8A618A5F8A5F99DF8DB
:105D40009DF9B6FD8515104108002124BE18BDF847
:105D5000BDD8BDF8BDD7B5B7AD76AD55AD35AD3510
:105D6000AD56AD76AD96BDF8C639D69BDEFCE73EA6
:105D7000DF1CD6BBD6BBCE7AC639BE39C63AAD9784
:105D80009C8CE62CACECB5F7FFFFB5B5C56BBD2B15
:105D9000BDF7DF3CA4ECEE90C5F4426C0004008833
:105DA00029C8F6F19C6A20C2422908C910EA10E904
:105DB00010EB08EA08EA112B00054A69FF91D67337
:105DC000FFFFF79DC5D1DE90B510DF1EEF7EE75DCA
:105DD000DF1CDEFCDF1CDEFCDEFCDF1CDEDCDEFCB0
:105DE000DF1DD6DCD6BBD6DCD6BCD6BCD6BBCE9BA4
:105DF000D6BBD6BBD6BBD6DBDEFCE73DEF7EFFDFF6
:105E0000FFFFFFFFFFFFFFFFFFFFFFFFFFFFFFFFA2
:105E1000FFFFFFFFFFFFFFDFEF5ED6BBBDF8A5551D
:105E2000A514A515A535838E6269A4D494B3736EA9
:105E3000526941C630E228A120811061082010403B
:105E400028A1208110202082106100200840082015
:105E5000104120A218811041106108001020188202
:105E600020A21881188118610820000021254AAC61
:105E7000190521266C124ACD192642CC634E626860
:105E8000596582698AE982A882889309A38BAB8BC2
:105E9000AB8BA3ABA38BA38BA38BA3ABA3ABA3AB0A
:105EA0009B8B9B8B9B8BA3ABA3CCA3CC9B8A930993
:105EB0007A667A268AA793299B6AA3ABA3ABA3AB86
:105EC000ABCCABEDB40DB42DBC4EC48FCCAFD4F085
:105ED000D510D510D4F0D4EFD4EFD4EFD4F0C4AFB4
:105EE000BC6EBC4EBC2DBC4DBC4DBC6DBCAEBC8EA6
:105EF000B44DA3EB9B8A9B6AA3EBAC0CA3ECA3EC85
:105F0000A40CA3ECA3ECA3ECAC2DAC4DABECA3EC3C
:105F1000A554B69BB69B9DD8A5F8A619AE5AA61A4D
:105F2000A65BB6DDBF3E39E810200820BE18BDF8DC
:105F3000BDD7B5D7B5B7B596AD76AD55AD55AD3581
:105F4000AD55AD76AD96B5B7C639CE7AD6DCE71D80
:105F5000DEFCD69BCE9ACE7AC639BE39C639B59804
:105F60009C4CE60CA4ECADD7FFFFB5D5B52AC58C8B
:105F7000B595EFBFA4CDDE4FCDF0D6D9428D00044C
:105F80001108C58EEEB0DE90DEB12129008A08C965
:105F900000070089090A08CB0006A4ADEF10842F82
:105FA000FFFFEF3BCDF0D62FAD33F7DFEF7EE75DA0
:105FB000DF1CDEFCDEFCDEFCD6DCDF1DDF1DE73D8A
:105FC000E75EE73DDF1DDEDCD6BCD6BBCE9BCE9BBD
:105FD000CE7ACE9BCE9BD6BBDEFCE75DF7BFFFFF44
:105FE000FFFFFFFFFFFFFFFFFFFFFFFFFFFFFFFFC1
:105FF000FFFFFFFFFFFFF7BFDEFCC639AD769CF465
:10600000A535A535AD567B8E62499C9284315A8A5E
:106010004A07418528A128A120A1106110201861FC
:1060200028A11861104128C210410820104000002A
:106030001020188218821881188200001061102028
:10604000186120A2188110201041000010A33A49C5
:1060500010E5190663D15B2E1926524961E769E5FF
:106060005984512361C582A99B2A9B6AA36BA36AA9
:10607000A36AA38BA38BA38B9B6A9B8AA3ABA3CCA2
:10608000A3AB9B8A9329828869C559845122510206
:10609000510159427A6693299B8BABCCABECAC0D8A
:1060A000B42DABEDB42DBC6EC4AFCCCFD4F0D510B5
:1060B000D510DD31D4F0D4EFDD30DD10D4CFC48E77
:1060C000B42DBC2DBC4DBC6EBC6EBCAEBCAEB44DD4
:1060D000A3EB9B8AA3CBA3ECAC2DAC0CA40CA40C1F
:1060E000A3EC9BECA3ECA3ECAC4DB48EA3CAA470C0
:1060F000ADF8AE3AB69BA619A619AE5AAE7AAE9CCA
:10610000A67BBF3DDFFF7432082018A1BDF8BDD8C3
:10611000BDF8B5D7B5B7B596AD76AD55AD55AD357E
:10612000AD55AD55AD76B5B7C619CE7AD6DCE73DDF
:10613000E73DD6BBCE9AD6BBC659BDF8BE19B5B899
:106140009C6CDDCBA4CBADB6F7FFBDF7A4C9D5ECF5
:10615000B572FFFFB573CDCCD5ADC5D2FFFF5B4F98
:1061600000039C6BFF51D64F94CD21490008004796
:10617000632B29A808A900292988F772CE300024AA
:106180005B31BDD4EF33BD6CB5B5FFFFEF7EE73DAE
:10619000DF1CDEFCDEFCE71DE73DE73EE75EEF9F30
:1061A000E75EE75EDF1DD6BCD6BBCE9BCE9BCE7A2C
:1061B000CE7ACE7AD69BDEDCE73DEF7DFFFFFFFF98
:1061C000FFFFFFFFFFFFFFFFFFFFFFFFFFFFFFFFDF
:1061D000FFFFFFFFFFDFE73DCE7ABDD8A514A51472
:1061E000AD55AD56AD557B8E5A298C10736E524904
:1061F0005248392428A138E228C118411041188199
:1062000028A12061186028C2104108001041002018
:106210001061188220A220A21861000010611841AC
:106220001000188220A2102010200000084131C860
:1062300010C410E563B04AED210559E769C58AA885
:106240008AE96A0648E248E261A582A89B299B2A5E
:106250009B4A9B4A9B4A930992E98AC982887206A3
:1062600061A5512348A140A148A1592369E582A80D
:106270009B4A9B6AA38BA3CBABECAC0DB42DB44E65
:10628000B44EB44EB42EC48ECCCFD4F0D510DD3184
:10629000DD30DD51E551DD10DD10D510CC8EBC2D8B
:1062A000B42CB42CBC6EBC8EC4AEC4AEB44DAC0C1D
:1062B000A3CBA3ABABEBAC2DAC4DA42CA3ECA3ECCC
:1062C000A40CA3CC9BCBA3ECAC2DB44D9BCCAD7557
:1062D000B67AAE39B6BBA619AE39A65AAE7AB6FDB5
:1062E000A63BBF1EDFFF957718A21060BDF8B5D79B
:1062F000BDD7BDD8B5D7B5B7AD76AD55AD55AD3574
:10630000AD55AD76B596B596BDF8CE5AD6DCE73D1F
:10631000E75DD6DBD69BD6BBC659BE18BDF8B5D750
:10632000944CCD6BACCBAD95EFDFCE7BA4CCD60B34
:10633000ACECE77FD69BA48AFF72ACABBD92FFFFAB
:106340006BD07BAAFFF363080001000500066B6CAD
:10635000FFD59CEF08A9000683CBFFF67BCB004856
:1063600000068C6DFFF6B54ECEBCF7BFE75DE73C8F
:10637000DEFCDF1CDEFCDEDCE73DE75EEF7FEF9F4F
:10638000E73EDF1DD6BCCE9BCE9ACE9ACE7ACE5AB1
:10639000CE7ACE7AD6BBDF1CE75DF7DFFFFFFFFFCB
:1063A000FFFFFFFFFFFFFFFFFFFFFFFFFFFFFFFFFD
:1063B000FFFFFFFFEF7EDEDBC639A535A4F4A53570
:1063C000AD76AD76AD5583AE5A4983AF62EC6ACBFC
:1063D0006289394330E238E238E2102010412081EE
:1063E000206120A1208128C21040082010410020F7
:1063F000106120A220C218611882082010401841A4
:106400001000186118821041104108000000214559
:1064100018C408635B4F42CD2904618569E582C8D1
:106420008B4A8B097A6761C551225102618469A444
:1064300069A4594448E33881304138413000302064
:1064400040A1594369E582A89B6AABECBC4EBC6E87
:10645000BC6EBC6EBC6EBC6EBC6EB44EB44EB44E64
:10646000B44EB46EBC4EC48FD4D0D4F0DD10E55120
:10647000E551DD51E571E531D4F0CCAFC44DBC0C34
:10648000BC2DBC4DBC8EC4AEC4AEB46DAC0CABEC7C
:10649000A3ABA3CBB42DAC4DAC4DAC2DA40CA40C34
:1064A000A3ECA3CCA3CCA3ECAC2DA3CB9C70AE39B6
:1064B000A619B63ABEBCAE39AE39AE9BB6BBB6FC79
:1064C000A65BBF3EDFFFA65B29251020BDD7B5B771
:1064D000BDD8BDD7B5D7B5B7AD76AD55AD55AD5572
:1064E000A535AD55AD76AD76BDD7CE59D6BBE73D1A
:1064F000E75DDF1CD6BBCE9ACE7ABE18BDF8BE19BA
:10650000944DBD09BD4BA532DF5EE75EACF0C58999
:10651000B50AB5B6FFFF948ECDECF711A4CBB5B29A
:10652000EF7CAD31EEF18C2C00034A4AAD4EFF9367
:10653000F7326B4C002810C6EF32E6F21948008A99
:106540002169DEB3E6CFACF0F7BFEF9EE75DE71C55
:10655000DEDBD6DBD6DBDEFCDF1DE73DE75EE73DBD
:10656000D6DCD6BBD6BBCE9BCE9BCE7AC639CE5A16
:10657000CE5ACE7AD6DBDF1CEF9EFFFFFFFFFFFF78
:10658000FFFFFFFFFFFFFFFFFFFFFFFFFFFFFFFF1B
:10659000FFFFF7BFE71CCE7AB5B79CD4A514AD7644
:1065A000AD76AD76A51483AF5A69734D62CB838EF9
:1065B0005A4828E23102412339021040106128A1D3
:1065C000206130E228C128C2188108001041000073
:1065D000104120A218A1104020A21061000010203C
:1065E000104010201861104118411020000010A226
:1065F000190408434ACD4B0E20E461A5722682E9B6
:10660000932B8AE98B0A932A8AC9724769A5592371
:1066100050C238412800280040A2594469E68AE95E
:106620009B6BABEDBC4EBC6EC4AFC4B0CCAFCCCF9B
:10663000CCD0C4D0C48FC48FC48FBC6FBC6EB44EDA
:10664000B44EBC6EC48FCCAFD4F0DCF0DD30ED7254
:10665000EDB2ED92E571DD10CCAFC46DBC2DC44D33
:10666000C48EC4AFC4AEC4CFBC8EAC0CABEBABEB32
:10667000A3CBA3ECAC0DB44DAC4DAC0DA3ECA40C72
:10668000A3ECA3ECA3ECA40CA3CB93CCADD7A63A7C
:10669000AE3AAE7ABEBCAE39AE5ABEFCBEFDAE9BC3
:1066A000AEBCCF9FDFFFAE7C31872082BDD7B5B7B0
:1066B000BDD7B5D7B5B7B596AD76AD55AD55AD55DA
:1066C000A535A535A555AD76B5D7C639D6BADF1CE3
:1066D000E75DDEFCD6BBD6BBCE9ABE18BDD8C63AA7
:1066E0009CB1ACC9D5CC944DCEDBF7FFB595A4AA2F
:1066F000EEAEA4ACE71DDF3D8BE9DE2EF732C58E92
:10670000C5F1BD91AD2DB56EB54EF752FFF3D67103
:1067100052C9086700077BEBFFF6634B004900484E
:1067200073ABFFF7B52DB5D6FFFFEF7EE75DE71C36
:10673000DEFCDEDCDEFCE73DDEFCDEFCDF1CDEDC5E
:10674000D6BBCE9ACE9BCE7ACE5AC659CE79CE7AC9
:10675000CE7AD6BBDEFCE73DF7DFFFFFFFFFFFFF92
:10676000FFFFFFFFFFFFFFFFFFFFFFFFFFFFFFFF39
:10677000FFFFE73DD6BBBDF89CF4A4F4AD55AD7664
:10678000AD56A515949383AE6ACB6B0C6AEC838EE1
:106790004186310330E2412338E21040104028A204
:1067A0002081310230C228A2208208001061080036
:1067B0000841188220A21061188218810800082060
:1067C000102008001861104110201020080010400F
:1067D00018C30063428C5350086259E67A887A687D
:1067E000934B934B9B8B936B934A9B4B930A82C91E
:1067F000824771A569A58AC9A38BABECBC4EBC6E60
:10680000BC6EC4AFCCF0CD10CCEFCCF0CCF0CCF063
:10681000CCEFCCF0CCCFC48FC46EBC6EBC4EBC4EA3
:10682000B44EBC4ECCB0D4F0D4F0DD30E531ED72D6
:10683000ED92ED72DD31CC6EBC2DC46DC46EC48E94
:10684000C4CFCCD0CCF0C4AEAC0CAC0CAC0CABEB2D
:10685000AC0CAC4DB44EB44DAC2DA40CA3ECA3ECDD
:10686000A40CA3ECA40CA40C934AA513AE7AA61A0C
:10687000B65BB69BBEBCAE59AE7ABEFDAEBCB6DD55
:10688000BF1ECF7EDFFFB6FD31881882B5B7B5B722
:10689000B5D7BDD7B596AD76AD76AD55A535A53591
:1068A000A535AD35A535AD55B5B7C618CE9ADF1CA3
:1068B000E75DDF1DD6BBD6BBCE9ABE18BDD8BE19CC
:1068C000A5149C6ADE0D9C4AB5B6F7FFE73E8C0D19
:1068D000CDACCDCCA4EFFFFFDEBC9C6BC58BFF1114
:1068E000F6F1E6B1DE90EEF2FFD2E6D09C8D10E537
:1068F000006508C92108FFB4BDCF0087008B194986
:10690000E6B3F752AD31E75FF79EE73DE73DE71CA1
:10691000DEFCDEFCDF1CD6BBD6BBD6DBDEFBD6BA8C
:10692000CE9ACE7ACE5AC65AC639C659CE7ACE7AC1
:10693000CE7AD6BBE73DEF7EF7BEFFFFFFFFFFFF3E
:10694000FFFFFFFFFFFFFFFFFFFFFFFFFFFFFFFF57
:10695000EF7ED6DBC639A5359CF4AD56B596B59617
:10696000AD5594B38C5183AF6AEB62AA736D7B6DA6
:1069700049C749C62881410238E21840080028C2A8
:1069800020A130E2392328C21861082010610820B4
:106990000820106120C21861104020C31021080097
:1069A0001020104118611882080008000800080033
:1069B000106200633A4C639108A331037A8972062E
:1069C0008309938BA40DA3EDA3CC9BAB9B8BA38BD3
:1069D000A36AA38BB40DC44EC48FCCAFCCF0D5103A
:1069E000D510D511D531DD31D530D510D511CCF03C
:1069F000CCD0CCD0CCF0CCAFC48EBC6EBC4EB42DC1
:106A0000BC2DBC4EC48FCCCFDD10E571E531E53037
:106A1000E530D4F0C44DBBECC44DCC8FC48FC4AFB3
:106A2000C4CFC4CFBC8EAC0CABECB40DAC0DAC0D74
:106A3000AC0CB44DB46EAC4DAC2DA40CA40CA3ECBA
:106A4000A3ECA40CA40C9B6A9C4FBEBBB67BA619FE
:106A5000AE7AB69BBEBCB67AB69BB6BBB6DDC73FB8
:106A6000BF1ECF9FDFFFBF3E31C81841B596B5B7F7
:106A7000B5D7B5B7B597B596AD76AD35A535A534CF
:106A8000A535A535A535AD55B596BDF8C65AD6DCA4
:106A9000DF1DE73DDEFCCE9BCE7AC639BDF8BDF8E2
:106AA000BDD8944CC54BBD2B9C8FE73EF7FFBDD79F
:106AB0008388EE8EBD8CAD11F7BFEF7DAD31AD0D8E
:106AC000B52CC58DD60FD5EEA4EDB573BD9729A90C
:106AD000000200C7530CBDB210E700CB00298C2D7B
:106AE000FFF6B52CB5D7FFFFE75EEF7EEF7EE75DE3
:106AF000DEFCDEDCD69ACE7AD6BBDEDCD6DBCE9AE6
:106B0000CE7ACE7AC659C639C639C639CE7ACE7A49
:106B1000D6BBDF1DE75DEF9EFFFFFFFFFFFFFFFF1F
:106B2000FFFFFFFFFFFFFFFFFFFFFFFFFFFFEF9EE6
:106B3000E73DCE7AAD969D14AD55B596B596B59612
:106B40009CF48C528C5283CF6AEB732C8C305A8914
:106B500052495A6928A138E239022081080020A14F
:106B600028E230C1392328C120810800104010409C
:106B70000000082020A21882104018A2104108002E
:106B800010401882184120821020080008200800B8
:106B900000000883320B534F194510A2624969E681
:106BA0007A879B8BA3EDA40DAC0EABEDABCDB40DF2
:106BB000BC4DC4AECCF0D4F0D4F0D511DD31D5311C
:106BC000DD31DD51DD31DD31DD31DD31D511CCD0CF
:106BD000CCF0CCD0C4CFC48FC48FC44EBC2DB40D68
:106BE000BC2DBC4EC44EC48FCCCFD510D4CFCCAEB0
:106BF000C46EBC2DBC0CC44DCCAFC46EC48EC4CF0F
:106C0000C4AFBC8EB44DAC0CAC0CB40DABECABEC67
:106C1000AC2DB44DAC4DAC2DA40CA40CA42DA3EC08
:106C20009BCBA40C9B8A93ACAE18B6BCB67BA639A2
:106C3000AE7ABEDCBEDCB6BBB69BAE9BC75EC77F82
:106C4000BF5FCF9FE7FFB6BD21051820B576B5B66B
:106C5000B5B7B5B7B5B7B5B7AD76AD35A534A534CD
:106C6000A534A515A535A535AD76BDF8C65AD6BB54
:106C7000DF1DE75EDF1DD6BBCE9BC659C638C5F803
:106C8000C65A9CD19C69DE2E9409B5B7F7DFF7FF91
:106C9000AD3393E7DE4DBD2C9C8CDEFBFFFFD69A17
:106CA000B5D5A532A4CCBD6C944EEF5EFFFFEF9D31
:106CB00039E7000429CC112908CB008A424AFF9405
:106CC000E690A4D0EF9EF7DFEF7EE75EEF5EDF1C7D
:106CD000D6BBD69ACE7ACE9ADEFCDEFCD69BCE9A76
:106CE000CE9AC639BE19C659CE7AC659CE7ACE9B2F
:106CF000DEFCE73DE73DF7DFFFFFFFFFFFFFFFFFA4
:106D0000FFFFFFFFFFFFFFFFFFFFFFFFFFFFEF7E24
:106D1000D6BBBDD8A534A535B597AD96AD76AD3506
:106D200094B394728C3183EF734D83AF947149E7C0
:106D3000524962AA30E238C1414328C208001061BA
:106D4000312330E2392328E128C20820080010410D
:106D500000200000186120E310611041104108205C
:106D6000080018611861186118410800080008003F
:106D70000000108229E94AEE10C521865B0C498586
:106D80007A27934A9BACA3EDAC0DABEDB40DBC6E72
:106D9000CCAFD4F0D510D510D510D511D511D53133
:106DA000DD52DD31DD31D511CCCFCCF0D510CCD0DA
:106DB000C4AFC48FBC8FC46EC44EBC4EB40DB3ED13
:106DC000B40DB42DB40DBC0DBC2DBC2DBC0DB3EC5D
:106DD000ABABB3CCBC2DC46EBC6EBC6EBC6EBC8FFA
:106DE000BC8FB46EB44DB40DABECAC0CA3CBA3EB29
:106DF000B44DB46DAC4DAC2DAC0DA40DA3ECA3EC17
:106E0000A3EC9BAB8B4AA575B6BCAE3AB65AAE5A4C
:106E1000A659BEDCBEFCB6BBB6BBC73EC77FC77FAC
:106E2000BF5FCF7FEFFF9DD900001000B576B5960C
:106E3000B5B7BDD7B5B7B596AD76AD55A515A51403
:106E4000A514A535A535A515AD55BDD7C65ACEBBDC
:106E5000DF1DE75EDF1DD6BBD6BBCE7BC639BDD7F7
:106E6000BDF8B5B88BEAC54BC56C8C0DDF1CEFBF08
:106E7000F79F9CB083A6CDECBD6A8BCACE79FFFF8D
:106E8000FFFFF7BFB54FCDEDAD2DE71CFFFFFFFFB7
:106E9000FFFF632D000310CB08EC1908D651FFB299
:106EA000940AC659FFFFEF5EE73DDF1CDEFCD6DB30
:106EB000D69AD69BCE9BD6DBE71CD6BBCE5AC65AFB
:106EC000C659C639C65ACE7ACE5ACE7ACE9AD6DBB3
:106ED000DF1DE75DEF9EFFFFFFFFFFFFFFFFFFFFEF
:106EE000FFFFFFFFFFFFFFFFFFFFFFFFF7DFDEFCFE
:106EF000C619AD55A514AD56B597B596AD769CD4CB
:106F000094B394928C51945183EF83EF94715228EF
:106F100062CA5A69392338E2496339231020106163
:106F200028C139023903392328C2106008201061B2
:106F300008400000188220A2188210201861082042
:106F4000000010412082104110411020080008006C
:106F5000000000201946428C21263A0963D052CA0B
:106F600061C58287936B9BCCA3CDA3ACB40EC48FB9
:106F7000CCD0D511CCF0CCF0D510D4F0CD10C4CFFE
:106F8000CCD0D4D0CC8FC4AFBC6EB42EC48FC48F41
:106F9000BC6EBC6EBC4EB44EB44EB40DABCCABCCE0
:106FA000A3CCA3AB9B8BA36B9B4A9B6AA38BA38BAA
:106FB000A38BABCCB40CB40DAC0CB42DBC4EB44D07
:106FC000B44DB44DB42DB40DB40DABECABECAC2D55
:106FD000B44DB44EB46EAC2DA3ECA3ECA40CA40D34
:106FE000A3CC8B4A9CB2BEDCAE9BAE5AAE5AB6BBAB
:106FF000AE7ABEBCB69BB6BBBF3ECF9FC77FC79F16
:10700000C77FD7BFEFFF74B300001840AD76B596C9
:10701000B5B7B5D7B5B7B596AD76AD55A535A51409
:10702000A514A514A514A514A535B597C619CE7A2F
:10703000D6FCDF3DE73DD6DCD6DCCE9BC639BDF7BE
:10704000B5D7C63A94918BC7DE0DACCB9CB1EF7E21
:10705000EF9FEF9FAD337B88B5499C68B5B5F7FFCF
:10706000E75DEF9EBD90CDEC9C8ABDD6FFFFEF7E25
:10707000FFFFFFFF841000480067B54FFFD3ACAAA5
:10708000A534FFFFEF9EE75DDEFCD6DBD6BBD69ACC
:10709000CE7ACE9AD6DCE71DD6BBC659CE7ACE7A4A
:1070A000CE5ACE9BD6BBCE7AC659CE9AD6DBDF1C43
:1070B000DF1DEF7EF7DFFFFFFFFFFFFFFFFFFFFF9B
:1070C000FFFFFFFFFFFFFFFFFFFFFFFFE73DCE5981
:1070D000B596A535AD76B596B596AD76AD359CD45D
:1070E00094B394B394929C9294928C3083CF5A49E7
:1070F000734D522830E230E2496339221820106182
:10710000188031023902396330E2104008201861DA
:1071100008400820106118821881080010411041B1
:107120000000000020A218611020102008000000BC
:10713000000000001906324B29884AAB5B906BF0C7
:107140005AAB61E68AE99B6C9B8C9B6CABEDC48F60
:10715000CCB0CCF0CCD0CCB0CCD0C4AFC48FB42D9C
:10716000B42DBC6EBC4EB42DB42DABEDABCCB42E57
:10717000BC4EB42DB40DABEDABCCA3ABA3AB9BAC71
:107180009B8C936B934A934A93299329934A934AEE
:107190009B8A9B8BA3ABA3CBA3ECAC0CABECAC0D51
:1071A000B42DB42DB42EBC4DB42DABECAC0DB42D20
:1071B000B44DB46EAC4EAC2DA3EC9BCBA40CA42C64
:1071C000932993EEBEBBB6DCB67BBE9BB69BB69B4B
:1071D000B69BB69BB6BBBEFDC75EC79FC79FC79F8A
:1071E000CFBFDFFFCFBF6C7310A22061AD76B59625
:1071F000B5B7B5B7B5B7AD96AD76A535A515A51498
:10720000A514A515A514A514A535AD76BDD8C63908
:10721000D6BBDF1DE73DD6DCD6BCD69BCE7ABE39C9
:10722000BDD7BDD8BE1983EDA468E62FA46B9CB171
:10723000EF5DE75DEFBEC658946C8C0AD69AE77E88
:10724000EF7DF7DFA4EF9C8A944BBDF6FFFFE77D4F
:10725000E75DFFFFFFFF5ACA8BE9FFD3BD4C8C4EA1
:10726000F7DFF7BFDF1DDEFCD6BBCE9AD69ACE9AEB
:10727000D69AD6BBDF1DD6DCD69BD6DBCE9ACE7A8D
:10728000CE9AD6DBCE9ACE7ACE9AD69BD6DCDEFCD0
:10729000E73DEF9EFFFFFFFFFFFFFFFFFFFFFFFF49
:1072A000FFFFFFFFFFFFFFFFFFFFE75DD69ABDD7A0
:1072B000A555AD55B597B596B596AD56A5159CF4A3
:1072C0009CD394D39CD39CB3A5149CB36B0C5A69E8
:1072D00083CF524930E22060496351A420A1186154
:1072E000186128A13923394331031861080010615E
:1072F000104100000800106118A210200820104161
:1073000000200000104118810800104010200800E3
:107310000000000010A4320A216742CC6BF17473A4
:107320007C736B0C6A278AEB934B932AA36BBC2E5E
:10733000C46FC46FC46FC46FC46FBC6EB40DABCCEC
:10734000ABECABCCABCCA38BA3ABABCCABECAC0D75
:10735000ABECA3CCA3CCA3AB9B8B9B8A9B6B9B8BF3
:10736000936B936B936A936A934A932993499329F6
:10737000934993499B6A9B8A9B8AA3CBABECABEC6A
:10738000B42DBC6EBC6EB42DABECAC0CB42DB44EB5
:10739000B46EAC4DAC2DA40C9BCBA3ECA42C9BAA3F
:1073A0008B6AADF7B6DDB69BB67AB69BBEDCB6DCB3
:1073B000AE7AB69BBEDCBF1EC75EC77FC79FCFBF7E
:1073C000CFDFDFFFA69C8D5742280000AD55B59654
:1073D000B5B7B5B7B5B7AD76AD76AD55A535A5148E
:1073E000A514A4F4A514A514A535AD76B5B7BE199A
:1073F000CE7AD6DCE73DDEFDD6BCD6BBCE7AC6194A
:10740000BDD7BDD7BE39B5B77B8BB4EADE2DA46B33
:107410009470DEFCEF7EEF9FDF1CC618E73CE73C74
:10742000E75DEF9DCE57C616DEFBEF7DE75CEF9E76
:10743000FFFFD71B9CF0BD8EFF72C58C944EEF7E74
:10744000FFFFE73DDEDCCE9AD69ACE9ACE9ACE7A70
:10745000CE9BDEDCDEFDD6DCD6BBD69ACE7ACE7AEB
:10746000CE7ACE7ACE7ACE9ACE9AD6BBDEFCDF1D0D
:10747000EF9EF7DFFFFFFFFFFFFFFFFFFFFFFFFFB5
:10748000FFFFFFFFFFFFFFFFEF7ED69ABDF8AD566F
:10749000AD56AD96B5B7B5B7B597AD56A514A5140D
:1074A0009D149D14A515A4F4AD76AD55736D628938
:1074B0008C51524828A12060390251A43102208108
:1074C000188118603123394330E220A10000080000
:1074D0001040000000000820188210410800080039
:1074E000082000000000188110200800102008006B
:1074F00000000000002131E921683A8B7CB484B49B
:1075000084D57C9462EC624882CA8B0A930AABAC45
:10751000BC2EB3EDB3CDB3EDB3EDB42DABCCA38B9B
:107520009B8B9B6A9B8B934A932A9B4AA3CCA3ABCE
:10753000A38B9B8B9B8B9B6A9B8A936A9B6A934AC8
:10754000934A8B4A934A934A932A934A934A93299C
:10755000934A934A934A9B6A9B8BA3ABABCCB42DC3
:10756000BC6FBC6FB42DABECABECB40DB44EB46ED1
:10757000B44DAC2DA40C9BAB9BABA40CA40C8B4AC0
:10758000A514BEDCAE9BB69BB6BCB6DCB6BBBF1DBD
:10759000B6BCAE7ABEFDBF3EBF5EC79FCFBFCFBFFA
:1075A000CFDFDFFFAE7C853752EC0000AD55AD96E6
:1075B000B5B7B5D7B5B7AD76AD76AD55A535A5148C
:1075C000A514A514A514A514A514AD55B597C5F912
:1075D000C65AD6BBE73DDF3DD6FCD6DBCE9AC639D0
:1075E000BDF8BDD8BDD8BE39A5567348B50AE64F1B
:1075F000ACAB944EBDD7E75DEF9FEF9FDF1CDF1C68
:10760000E71CDF3CF7BFF7DFF7BFF7BFEF9FDEFBFD
:10761000B554946CBD4BF6F1BD2B9C8EEF7EFFFFF5
:10762000EF5FDF1DD6DBD6BBD6DBD69BCE7ACE7A1C
:10763000DEFCD6DBD69BCE9ACE7ACE7ACE9BCE9B84
:10764000CE7AC65ACE7ACE9BD6BBD6DCDEFDE75DBF
:10765000F79EFFFFFFFFFFFFFFFFFFFFFFFFFFFFA3
:10766000FFFFFFFFFFFFF79ED6BBC618B597AD56CD
:10767000AD76B5B7B5B7B5B7B597AD56AD55AD5550
:10768000A535AD76AD76A515AD76AD55734D5248A1
:1076900094715A4930E2208030C1498341632060AF
:1076A0001881186028C23964392328C208200000D4
:1076B000106108410000000010411041082008003E
:1076C000082000000000106118820800082008202F
:1076D0000000000000002126194719676BF17C7338
:1076E0007C948493736E6A8A6A2782C9930A930A88
:1076F000A38CB3EEABCCABACA38BA3ACA3ABA3ABD3
:107700009B6A9B8A9B6A932993299B4A934A9B6A0B
:107710009B8B9B6A9B6A934A936A934A93098AE973
:107720008AC882E88AE98B098B0A934A934A934A6A
:10773000936A936A936A9B8BA3ABA3ABB40DBC8F84
:10774000C4AFBC6EB40DABECB40DB40DB44DB44EBF
:10775000AC2DAC0D9BAB938BA3ECB42CA3AB947072
:10776000B67BB6BCB69BAE9BBEDCBEFCBEDCBEFD33
:10777000C73DA619B6DDC77FC77ECF9FD7BFD7DF6E
:10778000CFDFD7FF9DFA8557745120C2AD55AD9616
:10779000B5B7B5B7B596AD76AD55A555A535A51414
:1077A0009CF3A514A514A514A514A535AD76BDD8D4
:1077B000C65AD6BBDF1DDF3DDEFCD6FCD6BBCE7A7B
:1077C000BE18B5D8BDD8B5D7BE39AD367B6AACC802
:1077D000DE2DBD4A9C4AA4F2C5D7D6BBE75DEF9F1C
:1077E000EF9FEF9EEFBFEF7FDEFBC638B573A4CDF2
:1077F000ACCBE670DE4FA48AACF2F77FFFFFEF7EE2
:10780000E75DDF1DDEDCD6DBD6BBCE7AC639D6DB44
:10781000E71CCE9AD6BBD6BBCE9ACE9ACE9BD6BB11
:10782000D6BBD6BBD6BBCE9BD6BBDF3DE75EEF7EDD
:10783000F79EFFFFFFFFFFFFFFFFFFFFFFFFFFFFC1
:10784000FFFFFFFFF7BFDF1CC639B5B7AD76AD77D9
:10785000B597B5B7B597B597AD77AD56AD76AD766B
:10786000AD76BDB7B576A535B596AD557B6D5A49A4
:107870008C315A4849C53102208049A45A0528C193
:10788000100020C220813102498430E310610000E1
:10789000104110410000000008201020082008209E
:1078A00000000000000008201881104108000800B6
:1078B000000000000000004221A808A43209641260
:1078C0007C327AAA7A076A0759A56A0782A98AE9E7
:1078D000930AABACABACA38C9B6B9B4AA38B9B8BEF
:1078E000A38B934A8B099309932A934A9329936A0A
:1078F000A38B9B6B932A8AC97A677A467A467A6702
:1079000082C88B099329934A936A9B8A9B8B9B8B92
:107910009B8B9B8A9BAB9BABA3CBAC0DB44EC4AFF4
:10792000BC6EB40DABECAC0DB44DAC2DB44DB44D40
:10793000A40C9BCB936B9BCBAC4DABCB9BEDADF831
:10794000AE9BB69BB6BBB6BBBEDCBEDCBEFCBEFD12
:10795000BF1DAE9BB6DDCF9FCF9FC79FCFBFCFBF11
:10796000D7FFBF3E857795D995774A27A555B59618
:10797000B5B7B596B596AD76A535A535A515A514BB
:10798000A514A514A514A534A514A535AD76B5B7D1
:10799000BE19CE7BD6DCDF1CDF1CD6DCD6DCD6BB2A
:1079A000C65ABE18B5D8B5D8B5D7C63AAD767BACF1
:1079B00093E8C56AD5EDB52AACCCAD0FB552BD94F0
:1079C000BDB5BDB4B5B3B572B550B52DC56CE66ED9
:1079D000E68FACCBA48ECE37FFFFFFFFF7BFE73DAE
:1079E000DEFCDEFCD6BBCE7AC619C639D6DCE73D56
:1079F000DEDCD69BD6BBD6BBCE9BCE9AD6BBD6FC06
:107A0000DEFCDEDCD6BBCE9BD6DCE75DEF7EEF7E18
:107A1000F7DFFFFFFFFFFFFFFFFFFFFFFFFFFFFF9E
:107A2000FFFFFFFFE75DCE7ABDD7AD76AD76B597A8
:107A3000B5B7B597B597B597B597B597B597B597C6
:107A4000B5B7BDB7B596AD76B5B7AD5583AE5A8966
:107A5000943149E741A53944184039026225416310
:107A60001020188220A118804984394318A10020D1
:107A700008201041000000000820102010400020C5
:107A800000000000000000001040186108200800FD
:107A900000000000000000001967088408C453B00B
:107AA0007B6E92889AEA8AC9826871E761C6828889
:107AB0008AEA8AE9932A932A9B4B932A934A9B6BDF
:107AC000934A932A932A936B934B9B4B930A8AC9AD
:107AD0007A67722669E572067A678AC99B4AA3AB00
:107AE000AC0CAC0DAC0DB42DAC0DAC0DABECA3CB14
:107AF000A3ABA3ABA3ABA3CCABECAC0DAC0DABED8C
:107B0000A3ACA3CCAC0CB44DAC4DA40CA40DA3EC15
:107B10009BAB9BAB9BCCAC2CAC0C93CCAD75B69B10
:107B2000AE7BAE5AB6DCBEFDBEDCBEFCBF1DBF1DCB
:107B3000B6BCBEFDB6DDC75ED7DFCF9FCFBFC77F68
:107B4000CFBFA67B85569E1A9DD952CAAD55AD763C
:107B5000AD76B596B596AD76AD55A535A514A514FB
:107B6000A5149CF3A514A514A514A514A555AD97AB
:107B7000BDF9CE5AD6DCDF1CDF1DD6FDD6DBD6DC48
:107B8000CE9BC659BE18BDF9B5D7B5D7BE3AB5D943
:107B900094507BA99C49CD8CDE0DD5CCC56CBD4BDA
:107BA000BD6BBD4CC56CCDECDE6EEE8FD5ECACCABA
:107BB0009C6DAD53E75DFFFFF7FFF7DFE75DD6DCB8
:107BC000D6BCCE9AC659C619C619CE9BDF3DE73D35
:107BD000CE9ACE7AD6DBD6DBD6BBD6DCDF1CDF1D59
:107BE000D6DCD6BCD69BD6BCDEFCE75DEF7EEF9E36
:107BF000FFFFFFFFFFFFFFFFFFFFFFFFFFFFFFFF95
:107C0000FFFFEF9ED6BBBDF8AD97AD76B597B597A4
:107C1000B597B597B597B5B7BDD8BDD8B5B7BDD8E9
:107C2000B5D8BDB8BDD7B5B7B596AD558C105A8986
:107C300083EF49E741863985208038E251A451E439
:107C400020C1104020A11880392349A420C2082057
:107C500008201040002000000820104108200020CB
:107C60000000000000000000082010201061082023
:107C70000000000000000000192508A41105534F62
:107C80008B8EAB8C932B930A932B92EA72487207DC
:107C90007A688AA98AC992EA932A932B932A934AEB
:107CA000934A932A8B0A7A88722669C56184618413
:107CB00069A572268AE9A38BB42DBC4EBC6EC4AFF5
:107CC000C4D0BCAFBC8FBC6EB44DAC0DAC0DAC0C15
:107CD000A3ECA3ABA3ABA3CC9B8B936A936A934A0D
:107CE0009B6BA3CCA3ECA3EC9BCC9BCC9BCCA3CB5E
:107CF0009BAB9BCBA40CB42C9B8B9D54AEDCAE5A9F
:107D0000B69BAEBBB6BBBEFDB6FCB6FCBF1DBF1D71
:107D1000B6DCBF1DBEFDBF3DD7DFCFBFC77FC77F6E
:107D2000BF3E8557957895D89E1A634DAD55AD7673
:107D3000B596B596AD76AD76AD55A535A514A51419
:107D40009CF49CF39CF39CF4A514A514A535AD56A6
:107D5000BDD8C65ACEBBDF1DDF1DDEFCD6DCD6FC8F
:107D6000D6DCCE9AC639BDF8B5B7B5D7B5B7B5D854
:107D7000BE3AAD569471942C9C49ACCAC56BCDCC1F
:107D8000CDCBD5CCCDCCC56BB50BACACA4CEB5743E
:107D9000DEFCFFFFF7DFEFBFEF9FE71DD6DCD6BBB2
:107DA000CE7BC65AC65AC63AD69BD6DCDEFCD6BBBC
:107DB000CE7AD6BBDEFCD6DCD6DCDF3DDF3DD6FCA2
:107DC000D6DCCEBBD6BBDEFCDF1DE75DEFBFEF9E92
:107DD000FFDFFFFFFFFFFFFFFFFFFFFFFFFFFFFFD3
:107DE000F7DFD6DCC619B597AD76AD96B596B597E3
:107DF000B597B5B8BDD8BDF8C619C5F8BDD8BDF89A
:107E0000C619BE18BDF8BDD7AD55AD559C9262CA16
:107E1000734C4A07398639852060310141435A063F
:107E2000498418401861208128C2418431021041E0
:107E300008411061082000000000084008200000F0
:107E40000000000000000000080008001041186158
:107E50000800000000000000088200011105641104
:107E600093AEA34C9B2C8AEA9B4B934B934B932A48
:107E70007A687A68828882A882A982887A6872067B
:107E800061A5594448E348E2592369A582679309EB
:107E9000A3ABAC0DBC6EC4AFCCD0CCF0CCF0CCF06E
:107EA000C4D0C4CFC48FBC6EB44EB40DAC0CA3EC24
:107EB000A3AB9B8B9B8B936A934A8B298B2A8B4A10
:107EC000936B938B936A936A9BAAA3CC9BAB9BAB5C
:107ED000A40DAC2DAC2DA3AC9C91B6BCAEBBAE7AC0
:107EE000B6BBBEFCB6FCBEFDBEFDB6DCBF1DB6DC3F
:107EF000B6BCBF1DBEFDBF3DCFBFCF9FBF5EC79FFE
:107F00009E1A7CF595988D98AE7C7C72AD76AD9678
:107F1000B597AD96AD76AD55A535A535A535A51466
:107F20009CF4A5149CF49CF4A514A514A534AD569A
:107F3000B5B7BDF9C65ADEFDE73DDEFDD6FCD6FC81
:107F4000D6FDCEBCCE7ABE18B5F8B5D7B597B597E5
:107F5000B596B5D7BE19AD98A5149CD1AD31A4CFB7
:107F6000A4AEAD10B551AD73B595C639DF1DEF9F09
:107F7000E73EDEFCE71DDEFDD6BCCE7BCE7BCE7AB7
:107F8000C65AC65ACE7AD69BDEDCDF1DDF1DCE9BDD
:107F9000CE9ADEFCDEFCD6DCDF1DE73EDF1DD6FC24
:107FA000D6DCD6BCD6DCDF1CE75EEF9EEF9EEF9EF4
:107FB000FFDFFFFFFFFFFFFFFFFFFFFFFFFFFFDF11
:107FC000DEFCC65AB5B7AD56AD76B596B596B59743
:107FD000B5B8BDF9C619C639C619C619C639C639E4
:107FE000C619C618C618BDF8AD55AD56A4D372EB68
:107FF0006AEB5A6931443964206028A0412351C595
:1080000051C431021020208120813902312318818E
:10801000082118A208200000000000200820080005
:1080200000000000000000000800082008001040C8
:1080300008200800000000000000086363B09D569F
:108040008BAE92CAA38D9B4B8AEA9B4BA3ACA38CAD
:108050009B6B8AE982A87A6769E561845963514319
:108060005143596369C57A87934AA3CCAC2DBC6E42
:10807000C4AFCCF0CCF0CCD0D511D511D510CCF00C
:10808000C4CFC4AFC48FBC6EB44EABECA3CC9BAB1F
:10809000936A9B8A936A932A934A934A8B4A8B4AA0
:1080A0008B2A8B498B49938A9BAB9B8BA3ABAC0DE3
:1080B000B46EB44EA3AB940FB67AAEDCB6BBAEBB17
:1080C000B6BBB6FCB6FDBF1DBF1DBF1DBEFDB6DCF9
:1080D000B6DCB6FCB6FDB6FDC75FBF5FC77FA67B4B
:1080E0008D9895B895988DB8B6BD8CF4AD76AD7673
:1080F000AD76AD76AD76AD55A535A515A514A5140F
:108100009CF49CF49CF4A514A514A514A514AD55D9
:10811000B597BDF9CE7BD6DCDF1DDF3DDF1DDEFC74
:10812000DF1DD6FDCE9BC659BE18BDF8B5D8B5B774
:10813000B5B6B597AD96B597BDF8BDF9B5D9B5D873
:10814000BDF9C63AC65ACE9BD6BCD6BCC65AC63AAC
:10815000C639CE59C63ACE39CE5ACE7AC65ACE5A3A
:10816000CE7ACE7BCE9BD6BCDEFCDEFCD6DBCEBB95
:10817000D6BCDEFCDF1DD6FDDF1DDF1DD6DCD6DC68
:10818000CEDCCEBCD6FCE73DE75DE73DEF7DFFFFF3
:10819000FFFFFFFFFFFFFFFFFFFFFFFFFFDFE73DE9
:1081A000CE7BBDD7AD55AD76B597B596B5B7BDD835
:1081B000BDF8C619C639C639C639C639CE5AC63908
:1081C000BDF8C639C619C619AD55A515ACF4730C62
:1081D0005A6862AA3924396330E2208030E159E6D6
:1081E00051E53902206020A120613102310220A234
:1081F00000001861188108200000000008211020EC
:108200000000000000000000000008000000104115
:10821000102008000000000008616BF09D97955643
:1082200083EF8A89A36CA3CE92EB932AA3ACA3AC71
:10823000A3ACA3AC9B8B9B4A8AE87A677A678AE9EE
:10824000930993299B4AA3CCAC0DBC6EC48FCCD0B0
:10825000CCF0D511D511D511D511D511CCF0CCF06C
:10826000C4AFC48FBC6EB42DABECA3AB9B6A936A56
:10827000936A936A934A934A932A8B2A8B2A8B098F
:108280008B2A8B49936A938B938A9B6AA3ABAC2D01
:10829000B44D9B6A8BEEAE39B6FDAE9BB6BBB6BB9A
:1082A000B6DCBEFDBF1DBF1DBF1DC73EB6BCB6BC04
:1082B000BEFCB6DBB71CB6FDBF3EBF5FB6DC957734
:1082C0009DF99DD895B895B9BF1E9556AD76AD551B
:1082D000AD76AD96AD76AD55AD55A535A514A514C5
:1082E0009CF49CF49CF49D149D14A514A514A53530
:1082F000AD56BDF8CE5BD6BBDEFCDF3DDF1DDF1D1E
:10830000D71CDF3DD6FCC67BC639BE18BDF7B5D736
:10831000B5D7B5B7B596B576AD76AD76AD76AD9742
:10832000B5B7B5B7BDD8BDD8BDD8BDD8BDD8C619AD
:10833000C619C639C65AC639CE5ACE5AC65ACE5AA8
:10834000CE5ACE7AD6BBDEFCDF1DD6DCCE9BCEBBB2
:10835000D6DCD6FDDF1DDF1DDEFCD6DCD6DCD6DCB0
:10836000CE9BCEBBD6DCDF1DE71DE75DFFDFFFFF49
:10837000FFFFFFFFFFFFFFFFFFFFFFFFE77DCE7B5C
:10838000BDD8AD56AD56AD77B597B5B7BDF8C619E2
:10839000C619C639CE5ACE5ACE5AC639C639C6398A
:1083A000CE59CE59C639C618B596A514A4F483CFB4
:1083B00052285A4849A53964394428C128C24984F9
:1083C00059E6392231022080184028A2310220A12A
:1083D0001020080018821040000000000000080073
:1083E0000800000000000000000008000000082055
:1083F00010000820000000003A4A8D1584B484F46F
:108400008CD4834C8AA99B4C932C8AC99B4BA3ACDC
:10841000A3ACABCDAC0DAC0DABED9BABA38BA3CCA8
:10842000ABCCA3CCABECB42DBC4EC48FCCD0D4F031
:10843000D511D4F0D511D531CD11C4B0C48FC48FAE
:10844000BC6EB42DAC0CA3EC9BAB936A936A934ABD
:10845000934A934A8B0A82A872677A888AC98309E9
:108460008B4A934A936A938A8B498B4A93AB9BAA14
:10847000938A8BCDADF8AEDCAE9BB6BBAE9BB6DBC4
:10848000B6FCBF1DBF1EBF1DBF1DBF1DB6BCB6BC09
:10849000B6DCB6BCAEBBBF1DB6DCB6FC9E1995B84B
:1084A000AE5B8D769DF99DFACFDF8D36A555AD7605
:1084B000AD76AD76AD76A535A535A514A514A51474
:1084C0009CF49CF49CF39CF4A514A514A514A51489
:1084D000AD55B5B8C61ACE7BD6FCDF1DDF1DDF1D3E
:1084E000D6FCDF3DE75ED6DCC65AC639BE19BDD81C
:1084F000B5B7B5B7B5B7AD97AD96AD96B5B6AD76E0
:10850000B596B596B597BDD7BDF8C619C619C63983
:10851000C639BE19C639CE5ACE5AC618C619C6397A
:10852000C639CE7BDEFDD6FCD6BBCEBBCEBBD6DC01
:10853000D6FCD6FCD6DCDF1DD6DCCE9BD6BBCEBBB4
:10854000CE9BCEBBD6DCDEDCE73DFFDFFFFFFFFFCF
:10855000FFFFFFFFFFFFFFFFFFFFEF7ECEBBBDD89A
:10856000AD56AD56AD76B597BDD7BDF8C5F8C619B1
:10857000CE5ACE7ACE7AC639C639CE5ACE5ACE5ACD
:10858000CE7ACE7ACE39C618BDF8A5159CD38C51BB
:10859000628A51E6520741A541A5310228C24143F2
:1085A0005A064163414230E02060184028C120A1B2
:1085B0001040000010611041080000200000000081
:1085C000080000000000000000000000082000007B
:1085D000080008200800000029C863B07C5284B459
:1085E0008CF57C5172EB7ACA82C982898AE99B8CAC
:1085F0009B6B9BABAC2DAC4EAC2EAC2EB44FB42EC3
:10860000AC0DAC0DB44EBC8FBC6EC4B0CCD0CCF0B5
:10861000D510D4F0CCF0CCD0C4AFBC6EB42DB40D1A
:10862000B42DABCC9B8B9B8B9BAB936A9B6B934A80
:108630008AE97A677A6782888AC98AE99329936A7C
:10864000934A8B298B29934A8B29934A932983092F
:108650008C0FAE39AEDBAE5AAE7AAEBBB6BBB6DC73
:10866000BEFCB6FDBF1DBF1DBF1DBEDCB6DCB6DC4B
:10867000AE9BB6BBB6BCB6DCAEBB9E1895569DF99C
:108680009DF99DD88D98A65CDFFF7C73A555AD75CF
:10869000AD76AD76AD76A555A535A535A514A51451
:1086A0009CF49CF49CF39CF4A514A514A514A514A7
:1086B000A535B597BDD8C63ACEBBDF1DDF3DD6FD8B
:1086C000D6FDDF1DE73EDF1DD6DCC65AC63ABDF833
:1086D000B5D7B5B7B597B5B7B597B596B596B597BC
:1086E000AD76AD96B596B5B6BDD7BDB8BDF8C619D1
:1086F000C639C619C5F8C619C639C639C63ACE5ADA
:10870000CE7ACE7BD6BCD6BBCE9BCE9BCEBCD6DCA7
:10871000D6DCD6DCD6DCD6DCD6DCD6DCCEBBCE9B3B
:10872000CE9BCE9BD6BBDEFCF79EFFFFFFFFFFFF7D
:10873000FFFFFFFFFFFFFFFFF7BFD6DBBDD8A5564A
:10874000A535AD76B597BDD8BDF8C639C639CE5A70
:10875000CE7ACE7ACE7ACE7ACE7ACE7ACE7AD69BB0
:10876000CE7AC659C619C618BDF8A53594B384107B
:108770006AEB49C65227524941A53964310330C1D9
:1087800049A449844142498220801840206028C27F
:10879000188100000820186108200820000000004F
:1087A0000800080000000000000000000820082069
:1087B000000008000820000000613A2A6BF184B331
:1087C00084B484D47C726B6E6ACA6A687289932B93
:1087D000934B9B6BA3EDAC4EAC2EAC0EB44FB44F91
:1087E000AC0DB40DB42DBC6EC48FC48FC48FCCD06F
:1087F000CCD0C4AFC46EBC2DBC2DABECA38AABAB4C
:10880000A3ABA3AB9B6A936A9B6B934A82A87A47FC
:108810007A678AC89B6AA3CCAC0DAC2DABECA3AB3A
:108820009B6B934A8B0A8B09932A8AC8832A94B23A
:10883000AE5AB67BAE5AAE9AAE7AB6BBB6DCB6DCF2
:10884000BEFDBF1DBF1DBF1DBEDCB6BBB6DCAE7A14
:10885000AE7BB6DCB6DCB6BCA5F98D569DD89E19AC
:108860009DF995D88578AEFEE7FF84B3A554AD5544
:10887000AD76AD76AD55A555A535A535A514A51490
:108880009CF49CF49CF49CF49CF4A4F4A514A534EE
:10889000A535AD55B5B7BE19CE7BDF1DDF3DD6FC86
:1088A000DF1DDEFDDEFCDF3DDF1DCEBBC65ABE395F
:1088B000BE18BDD8B5B7B5B7B5B7B596B596B5B707
:1088C000AD97AD96AD96AD76B596B5B8BDF8BDF899
:1088D000BDD8BDF9C639C619C619C65ACE7ACE7AE0
:1088E000CE7ACE7BCE9BCE7BCE7ACE9BCE9BCE9BC2
:1088F000D6BCD6BCDEFDDEFDDEFCCEBBC67AC65ADB
:10890000C67BCE9BD6DBEF5DFFFFFFFFFFFFFFFFC8
:10891000FFFFFFFFFFFFF7BFD6BBBDF8AD36A535A4
:10892000AD76B5B8BDF9C619C639C65ACE5ACE5AB3
:10893000C65ACE5ACE7BCE9BCE7BCE7ACE7AD69BF3
:10894000D69ACE7ACE5ACE59C639AD76949283F065
:1089500062CB49C6520762CB49E8416428E2312222
:1089600030C14143414251A330C0206028A128C1F9
:1089700018611040000010210841000000000000B4
:1089800000000820000000000000000008000000B7
:10899000000000001040082000001926747384D4E1
:1089A0008D1585158CF57CD474516B4E6AAA72A90D
:1089B0008B0A8B2B936BA3EDA40DAC4EAC2EAC2E7F
:1089C000AC2DABEDABEDB42EC46FBC2DBC4EBC2EAC
:1089D000BC2DB40DABCCA38BA3AB9B6B9B4AA38BE1
:1089E0008B29936A934A8B09826771E571E68287C6
:1089F000A36BAC0DB42DB44EB44EAC4DB40DAC0C59
:108A0000A3CC9B6B934A930982C8838C9D96AE9BA3
:108A1000A67BAE3AAE7AAE7BAE9AAEDCB6DCB6BB27
:108A2000BEFCBF1DBF1DBF1DBEDCB69BB67BAE3AF4
:108A3000A65AB6BBBEFCAE5A8D3695779DD89E1908
:108A4000A63A85578DD9BF5EDFFF7431A555AD5568
:108A5000AD76AD76AD55AD55AD55A535A514A5147E
:108A60009CF49CF39CF49CF4A514A4F4A514A51404
:108A7000A535A555B597BDF9CE7BD6DCDF3EDF1D0C
:108A8000DF1DDEFCD6FCDF3DDF3DD6DCD6BBCE9A5B
:108A9000C659BE18BDF8B5B7B5B7B5B7B5B7B5B710
:108AA000B5B7B596AD76B596B597B5B8B5D8BDB7E7
:108AB000BDF8BE19C639C619C639C639C65ACE5A06
:108AC000CE7AD69BD69CCE7BC65AC65ACE7BD69B38
:108AD000D6BCCEBBCEBCCE9BC67AC67AC67AC67A88
:108AE000C67AD6BBDF1CFFDFFFFFFFFFFFFFFFFFE4
:108AF000FFFFFFFFF7BECE9AB5D7AD36A536B576E8
:108B0000BDD8BDF8C639C65AC63AC63AC65AC65ABC
:108B1000CE5ACE9BCE7AC65ACE7ACE7ACE9BD69BF2
:108B2000D69BD6BBD6BBCE7AC639AD5594727BCF19
:108B30005A8A528A4A0762AA5A8A396428C23984F0
:108B400049A430A13102392249832060208020606D
:108B500018801861080008200820000000000000AC
:108B600000000020000000000000000000000000E5
:108B70000000000008201061000021267C9484F58C
:108B80008D358D368D168D15851584B474116AEB6F
:108B900072A972A982CA936B9BACA3EDA3EDA3ED5E
:108BA000A40D9BAB9BACA3CCABACABCCABCCABAB7D
:108BB000A38BA38B9B6A934A93299B4A8AE98B29AF
:108BC0008B2982E97A4769A469A582479B29A3ABCF
:108BD000ABECB44EB44EB44EB44FB42EAC0DABECC3
:108BE000A3AB9B8A8B287AC88C0E9DF8A63AA6194F
:108BF000AE39AE7AAE7AAE7BB6BBB6DDB6DCB6BC0D
:108C0000B6FCBEFDBF1DBEFCB69BB67BAE19AE3A30
:108C1000AE7AB6DCB69B8D5695979DB89DD8A619B1
:108C20008D978D78AEDDD7DFD7FF530DA555AD7687
:108C3000AD76AD76AD55AD55AD55A535A514A5149C
:108C40009CF49CF39CF4A5149CF4A514A514A51401
:108C5000A534A535AD76B5D8C65AD6DCDF3DE73D9F
:108C6000DF1DDEFCDEFCDF3DDF1DDF1DD6DCCEBB05
:108C7000CE79C638BDF8BDD8B5D7B5B7B5B7B5B795
:108C8000B5B7B5B7B596B596B5B7B597B5B7B59706
:108C9000B5B8BDD8BDD8BDF9C619C63ACE5AC63A80
:108CA000C65ACE7ACE7ACE7BC63AC63AC65BCE7B61
:108CB000CE7BC65ACE5BC65AC63AC65AC65AC65AA2
:108CC000CE7BDEFCF7BEFFFFFFFFFFFFFFFFFFFFD6
:108CD000FFFFEF9ED6DBBDD8AD56A536B597BDF8E4
:108CE000C619C619C639C65AC65AC65ACE7ACE7BD6
:108CF000CE7BCE7ACE5ACE7ACE7BD6BBD6DCDEFC0D
:108D0000D6DBD6DBD6BBCE7AC639B5769472738EF7
:108D10005AAA630C52495207630C49A5392328E229
:108D200049E5310228A030A1414241431840184092
:108D300020A12080080000000820000000000000A2
:108D400000000000082000000000000000000000FB
:108D5000000000000820082000003A2A84D48D1565
:108D60008D358D5695568D568D368D367CF57C73AA
:108D7000738F6B2C6ACA7ACA8B2B938B9BCC9BAC60
:108D80009BAC9B8C8B2A934A9B4AA36B9B6A9B4A06
:108D90009309932A8AE893098B0982E982C982C9D7
:108DA0007A6761A471C5824692C8A36BAC0DBC4EB4
:108DB000BC4FB42DBC6EBC4EB42EB42DAC0DA3ABC9
:108DC000A36A8B098B4B94B29DD8A619A5F9A63935
:108DD000A639AE5AAE7AAEBBB6BBB6FCBEFDBEFC83
:108DE000BF1DBF1DBF1DBEDCB67BAE3AAE3AAE7A2C
:108DF000B6BBBEDCA6198D569DB895B79DB79597A5
:108E00008D779E5BCF9FE7FFB6DE3229A554AD5527
:108E1000AD55AD76AD76AD55A535A514A514A51403
:108E2000A5149CF39CF39CF49CF3A514A514A51421
:108E3000A514A534AD55B5B7BE19CE9BD6DCD6DC8E
:108E4000DF3DDF3DDF1DDF1DDF1DDF1DDEFDD6DB6E
:108E5000CE9AC659C619BDF8BDD7B5D7B5B7B5B7FF
:108E6000B5B7B596B596B597B597B597B596B59785
:108E7000B597B597B5B7BDD8BDF9C619C619C61906
:108E8000C63AC65AC63AC63AC63ACE5AC65AC63A7A
:108E9000C63AC65AC65ACE5AC65AC63ACE3ACE5A1A
:108EA000D6DBEF9EFFFFFFFFFFFFFFFFFFFFFFFF90
:108EB000EF9ECE9ABDF8AD76A535B597BDF8C6192B
:108EC000C619C639C63AC63ACE5ACE9BCE7ACE7AA3
:108ED000D67BCE7BCE7AD69BD6BBD6DCDEDCD6DC90
:108EE000D6DBD6DBD6DBCE9AC639AD5583F06B0C1C
:108EF0005AAA734E62EB49C76B0C5A28394328E2D1
:108F000028E249A528C1288028A0498430E21840D9
:108F100018612060104100000000082000000000DF
:108F200000000000082008200000000000000000F1
:108F3000000000000000000010C36BF07CB48D1531
:108F40008D56957795779577955695568D358515E8
:108F500084D57C9373F06B2D6AEB7B0B834B8B6C0E
:108F6000938C938B8B2A830A8B2A8AE9932A930901
:108F7000932A82E982E982E97AA86A476A066184CB
:108F8000594371C58AA8A34AABCCB40DB44EBC8E6C
:108F9000BC8FB46EB42DB40DB40DA3EBA3AB9B6A20
:108FA0008AE9838D95569E199DF9A5F9A619AE5AA1
:108FB000A65AAE5AAE9BAEBBAEBBB6FCBEFDBF1D45
:108FC000BEFDBF1DBEDCB69BAE5AA619A65AB67B27
:108FD000B67BB69B9DB895779577959795B78DB8E5
:108FE000A65BAEFECF7FD7FF9DF92986A555AD556F
:108FF000AD55AD76AD76AD55A514A5149CF4A5146C
:109000009CF49CF39CD39CD39CF4A5149D149CF4D9
:10901000A514A534AD55B596BDD8CE5ACEBBD6DC79
:10902000DF3DE73DDF1DDF1DDF1DDF3DDF1DDEDC3A
:10903000D6BBCE7AC639C618BDF8B5B7B5B7B5B781
:10904000B597B596B5B7B597B597B5B7B5B7B59761
:10905000B597B5B7BDB7BDB7BDF8BDF8C5F9C63949
:10906000C63AC619C63AC619C63AC65AC63ABE194B
:10907000BE19C65ACE7BC63AC63AC65AC63AD69B1F
:10908000EF7EFFFFFFFFFFFFFFFFFFFFFFFFEF9EF2
:10909000CE9BBDF8AD56AD56B5B7BDF8BDF8C5F918
:1090A000C639C63AC63ACE5ACE7BD6BBD69BD69BDD
:1090B000D6BBD69BD69BD6BBD6DCDEDCDEFCD6DBB5
:1090C000D6DBDEFCD6BBCE7AC618A5357BAF5ACB35
:1090D0006B2D736E7BF0524962AA6AEA49A531038F
:1090E00028C23924392330C128A028A151A428C17D
:1090F0001020184018600000000000000000000070
:109100000000000000000800000000000000000057
:1091100000000000000000005B4E849384D48D3674
:1091200095569577959895989577955695568D5629
:109130008D36853684D57C736BD06AEC59C669E769
:109140007A687AA98AEA82EA7AC982A982C98B0AEC
:1091500082EA72686A4769E661C561A461A4720621
:10916000824792E9A34AABABB40DBC4EBC4EBC6E79
:10917000BC8FBC6EB42DABEDA3CC9B6A930982EA85
:10918000842F9D7695B89DD8A5F8A6199DF9A63986
:10919000AE5AAE7AB6BBAEBBB6BCB6DCBEFDBF1D2A
:1091A000BF1DB6DCB6BCAE5AAE19AE3AAE7AB67BCF
:1091B000B69BA619957695779DB89E39A63A9E7B63
:1091C000AEFDBF5EBF5FB6BD9DF852ABA555AD55B8
:1091D000AD55AD55AD55A535A534A514A5149CF4D4
:1091E0009CF49CF49CF49CF39CF39CF49CF49CF401
:1091F000A514A514A535AD56B5B7C639D6BBDEFC4A
:10920000DF3DDF3DDF1DE73DDF3DDF3DDF1DD6DC20
:10921000D69BCE7AC639C618BDF8BDD8B5B7B5B796
:10922000B5B7B5B7B5B7B596B5B7B5B7B596B59740
:10923000B597B5B7B5D7B5B7B5B7BDD8BDF8C639C9
:10924000C619C63AC63AC619C63AC63AC63AC63A60
:10925000CE7BC65ACE7AC639C639C65ACE9BE75D92
:10926000FFDFFFFFFFFFFFFFFFFFFFDFE73ECE7ADD
:10927000B5B8AD56AD56BDD7C618BE18BDF9BDF8C8
:10928000C619C65ACE7ACE7ACE9AD6BBD6DCDEDCEA
:10929000D6DBD6BBD69BD69BD6BBD6FCD6DCD6BB04
:1092A000DEFCDEDCD69BCE5ABDD8A514736E5AAB5D
:1092B0007BAF7BAF7BF0734D49E7628983AE394565
:1092C00028C22881312330E128C1206038E2498456
:1092D0002060102018400820000000000820000036
:1092E0000000000000000000082000000000000056
:1092F000000000000000424A8CD48CF58D158D369C
:109300009577959795989DB89DB8959795979577EA
:1093100095778D568D5684F574526ACB72278248A4
:109320007A477A687A687A687A8882A87A897A89A4
:1093300072486A0669C571E67A478AA88AE893097D
:109340009329A3ABABCCB40DB42EBC4EBC6FB44EC2
:10935000B42EB40DAC0DA3CC934A82E87AC98C72BA
:1093600095D795D89DD8A5B8A5F9A619A619A61977
:10937000AE5AAE7AAE9BAE9BB6BCB6DCB6FCBEFCBB
:10938000BEFDB6BCAE7AAE39A619A639AE5AAE7AD3
:10939000BE9B9DD895769DD8A67AA69BAEDCAEDD09
:1093A000BF5EBF5FB73F9598A61A7472A534AD55DE
:1093B000AD55AD55A555A535A534A514A514A514D1
:1093C0009CF49CF39CF39CD39CD3A514A514A514E6
:1093D000A514A514A534A535B5B7C619C65AD6BB6C
:1093E000DF1DDF1DE73DDF3DDF1DDF1DDF3DDF1C36
:1093F000DEFCD6DBCE9AC659C618BDF8BDD7B5B7C8
:10940000B5B7B5B7B5B7B5B7B5B7B5B7B596B5B71D
:10941000B5B7B5B7B5D7BDD7B5D7BDD8BDD8C619BF
:10942000C639C63AC63AC639C65AC65AC65ACE5AB6
:10943000CE9BCE7BC63AC639BE19CE7AE75DFFFF1A
:10944000FFFFFFFFFFFFFFFFEF9ED6FCC65AB5B739
:10945000AD36B597BDF8C618C619C639C619C619AE
:10946000C619CE5ACE7ACE7ACE7AD6DBDEFCDEFCB8
:10947000D6BBD6BBD6BCD6BCDEFCE73DDEFCDEFCF4
:10948000DF1CDEFCD6BBCE59B59694726B2D62CC38
:109490007BCF84107BF07BCF49E75227947262CB5D
:1094A00020A130E220A128A128A028A02040392214
:1094B0004143184010201020000000000020002030
:1094C000000000000000000000200020000000005C
:1094D0000000000010A27C118CF5957795779576A9
:1094E000957795979DB89DD89DB89DB895B79DB730
:1094F0009DB895979556851574118B4DAB6CAB6BDC
:10950000A34B9B2A92EA930A92E98AC98AC982A943
:1095100082A882A88AC9930A9B4BA38BA3ABA38B77
:109520009B6BA3CCB42DB42DB40DB42DB44EB44E5E
:10953000ABECA38B9B8B932A7AA97AEB94D39E19DD
:109540009DD8A5D89DF89DF99DF9A619A639A63AEA
:10955000AE7AAE9BAE9BAEBBB6BCB6DCB6FCBEFD77
:10956000B6BCB67BAE5AA619A619AE39AE5AB69B92
:10957000B67A9DD8A639A69BAEDCAEFDAEFDC75F20
:10958000C79FB73FA67B8CF5AE7C8D57A535A5351B
:10959000AD55AD55A535A535A534A534A514A514EF
:1095A0009CF49CF49CF39CD39CF39CF49CF4A51435
:1095B000A514A514A514A535AD76BDF8C65AD6BB1D
:1095C000D6FCDF1DDF3DE73DE73DDF1DDF1DE73D4D
:1095D000E73DDEFCCEBBCE7AC639BE18BDF8BDD89D
:1095E000B5B7B5B7B5B7B5B7B5D7B5B7B5B7BDD7D3
:1095F000B5D7B5B7B5D7BDD7BDF8BDD8BDD8BDF9BE
:10960000BE19C639C65AC65AC65ACE7ACEBBCE9BEA
:10961000CE7AC63AC65AC63AC65AE73EFFFFFFFFA1
:10962000FFFFFFFFF7BFE75ED6BCBE19AD97A5569B
:10963000B597BDD8BE18C619C639C639C619C639B8
:10964000C639C65ACE7ACE9AD6BBD6DCDEFCD6BB9D
:10965000D6DCD6DCD6DCDF1DE73DE73DE71DDEFCD2
:10966000DF1CDEFCD6BBC639A5357BCF6B4D736ED8
:109670007BCF841083F08C5152485A8983F08C3010
:1096800041A628A220811860208028802040204008
:10969000392228A110000800082000000000000066
:1096A000000000000000000000000020000000009A
:1096B0000000000018E37C528D3695779D979DB78A
:1096C000959795979DB89DB89DB89DD99DD89DD8E3
:1096D0009DD89DB89D978D567C11A3CFBBEEABADA9
:1096E000ABADA38C930A9B4B9B6B9B6B9B6B9B4B78
:1096F000932A932A9B4AA3ABABECAC0CAC0DABEC1E
:10970000A3ABA3ABABECABEDA3ECA3CCA3ECA3CC92
:109710009BAB8B2A7AA972C983EF95159DD895D8F2
:109720009DD8A5F89DF89E19A619AE19AE5AAE7A25
:10973000AE7AAE7AAE9BB6DCB6DCB6DCB6DCB6BBD7
:10974000B69BB67AA6199DF8AE39B67AAE7AB69BB4
:10975000AE3AA65AAEDCAEDDB71EB73EBF5FBF9FC6
:10976000BF7FB6DD953684F4B71E9E19A535A55585
:10977000AD75AD55AD55A535A514A514A514A51405
:10978000A514A5149CF49CF49CF39CF39CF39CF40A
:10979000A534A514A514A534AD55B5B7C639CE9BCF
:1097A000D6DCDF1DDF1DE75EE75DE75DDF1CDF1D4B
:1097B000E73DDEFCD6BBCE9ACE7AC659BE19BDF8BF
:1097C000B5D8B5D8B5D8B5D7B5B7B5D7BDD7BDD746
:1097D000BDD7B5D7B5D7B5D7BDD8BDD8BDD8C619B3
:1097E000C63AC639C639CE7ACE9BCE9BCEBBCEBB4F
:1097F000C67AC67AC65ACE9BEF9EFFFFFFFFFFFFD9
:10980000FFFFF7DFE73DD6BCC619B576A555AD9687
:10981000B5D7BDF8BE19C639C619BE18C619C63A9D
:10982000C63AC63ACE7AD69BD6BBDEDCD6DCD6BBF1
:10983000D6DCDEDCDEFCDEFDE71DDEFCE73DE73DE1
:10984000E71DDEFCCE9ABDD79492738E7BCF7BAFA3
:109850007BF0843183F094B362CB5A6983CF7BCFA2
:1098600062CA28C228E21020102018601840182070
:1098700028A028A1102008000820000000000000F7
:1098800000000000000000000000000000000000D8
:109890000000000018E37C528D3695779DB79DB887
:1098A0009DB89DB89DB89DD89DD89DD89DF89DF92F
:1098B0009DF89DD89DB895B884B39BCEB3EEB3EF19
:1098C000B3CEABCDA34C92EA9B4BA36BA38C9B4B2B
:1098D0009B6B9B6B9B8BABCCABEDAC2DAC0DAC0DFC
:1098E000A3CC9B8B9B6B9B8B9B6B934A8B098AE9CD
:1098F0007A8872A97B6D8CB39D979DD895979DB7FB
:109900009DD8A5D8A5F9A619A639A65AAE5AAE7BF8
:10991000AE9BAE7BB69BB6BBB6BBB6BCB6BCAE9B75
:10992000B69BAE5A9DD8A619AE5AB67AB69BAE5A19
:10993000A619AEBCB71DB73EBF1EBF7FC79FBF7F76
:10994000B6FE959884D495B7B73FAE7AA535AD5598
:10995000AD75AD55A535A535A535A514A514A5142A
:10996000A5149CF49CF49CF39CD39CF39CF3A51449
:10997000A514A514A514A534A535AD76B5D8C65A39
:10998000D6BBD6FCDF1DE75EEF7EE75DE73DDF1C63
:10999000DF1CDF1DDF1CD6BBCE7AC659C619BDF849
:1099A000BDF8B5D8B5D8B5D8B5B7B5B7BDD8B5D762
:1099B000BDD8BDF8B5D8BDF8BDF8BDF8BDD8C6193D
:1099C000C639BE19C65ACE7ACE9BCE9BC67BC67A06
:1099D000CEBBCE9BCE9BEF9EFFFFFFFFFFFFF7DFCF
:1099E000EF9EDEFCCE9BBDF8AD96AD75B596B5D8B5
:1099F000BDF8C639C639C619BDF8BE18C63AC65A2A
:109A0000C65AC65ACE9BD6BBDEDCDEDCD6DCDEFC1C
:109A1000D6DCDEFCDEFCDEFCDF1DDF1CEF5DEF5D77
:109A2000E73DDEDCCE59AD76841073AF843183F030
:109A30007BCF83F08C3194B26B0C62CB8C30738E05
:109A40005A8928E3414328C20800082020611020D9
:109A50002040288018400800080000000000000096
:109A600000000000000000000000000000000000F6
:109A70000000000008626C118D56957795B79DB86F
:109A80009DD89DD89DB89DD8A5F9A5D8A5F9A619AA
:109A90009DF89DF89DD89DD88D768C709B8DA38D5B
:109AA000ABAEABCEABCE9B4B8AE99B2B9B6B9B6B40
:109AB0009B8B934B9B4BA3ABABCCAC0DABEDA3CC37
:109AC0009BAB934A932A8B097AA87AA87AA872AAA0
:109AD0007B4D7C3095969DD895B795B79DD89DD8F0
:109AE000A5F9A5F9A619AE39A619A65AAE5AAE7AA5
:109AF000AE9BB69BB69BB6BBAE9BB6BBB6BBB69B8E
:109B0000AE7AA5F8A5D8AE39AE5AAE5AB67BA6390C
:109B1000A65AB71DBF3EBF5EBF5EB73EBF5FB6DD94
:109B200095B885159577961AB73EAE7BA534AD5599
:109B3000AD55A535AD55AD55A534A534A514A51421
:109B4000A514A5149CF49CF39CD39CF39CF3A5143E
:109B5000A514A514A514A534A535AD56BDD7C63991
:109B6000CE7BD6DCD6FDDF3DE77EE75DE75DDF1C23
:109B7000DF1CDF3DDF1CD6DCCEBBC67AC63ABE1981
:109B8000BDF8B5B8B5D8B5D8B5B8B5D8B5D8B5D885
:109B9000B5D8B5D8BDD8BDF8BDF9BDD8B5F8BE1893
:109BA000BE18C639C67ACE7ACE7BCE9BCE9BCE9BD4
:109BB000D6BBD6DCEF5EFFFFFFFFFFFFEFBEDF1D72
:109BC000D6BCC61AB5B8AD76AD55B596B5D7BE18E4
:109BD000C639C619BE18BDF8BDF8C639C659C63A49
:109BE000CE7ACE9BD69BDEFCDF1DE71DE71DDEFD9A
:109BF000D6DCD6BCDEFDDF1DDF1DE75EEF7DEF5D51
:109C0000EF3DD6BBBE189CD47BD084108C518C51B8
:109C1000738F7BCF947294927BAE6B2CA4D3841001
:109C20005249184030C241641880000010201020B2
:109C300010202061204008200800000000000000E3
:109C40000000000000000000000000000000000014
:109C50000000000008417432955795779DB8A5D84B
:109C60009DD89DF8A5F99DF89DF89DF8A5F8A61931
:109C7000A619A6199DF89DB89DD895978C51838EED
:109C80008B6D8B8D8B6D8B4D7AAA72698AEA932AC4
:109C9000932A930A930A932A934A9B8C9BAB934AE9
:109CA0008B2A82EA7AEA7AC97AC972EA734C8451B9
:109CB000957695B795B79DB79DB89DB89DD8A5F9F0
:109CC000A5F9A5F9A619A639A639A65AAE5AAE7AAB
:109CD000AE9BB69BAE9BAE9BAE9BB69BAE9BAE7A4D
:109CE000AE5A9DF8A5F9AE3AB67AB67BA6399E393A
:109CF000AEBBB6FDB71DB71EBF3FB6FEA67C8D77C7
:109D000084F49DB795B8961AB71EAE9BAD55A53491
:109D1000AD55AD55AD55A535A534A514A514A5145F
:109D20009CF4A514A5149CF39CF39CD39CD39CF4A5
:109D3000A514A514A514A534A535A535AD96BE1951
:109D4000CE7AD6BCD71CDF3DE73DE75EE73DDF3D81
:109D5000DF1DDF1DDF1DDEFCD6FCCEBBC65ABE19E3
:109D6000BE19BDF8B5D8B5D8BDF8BDD8B5D8BDF8C1
:109D7000B5D8B5D8BDF8BDD8BDD9BDF9BDF9BDF9C7
:109D8000BE19BE19BE39C67ACEBBCEBBCE9ACE9B0B
:109D9000D6BCE75EFFFFFFFFF7BFE73DD6BCC65A64
:109DA000B5B8AD77AD76AD76B5B7BDD7BE18C63907
:109DB000C639C638BE18BE18C639C65AC659CE7A74
:109DC000D6BBDEFCDEFCD6BCDF1DE75EE73DDEDC9D
:109DD000D6DCD6DCDEFCDF1DE71DE75EEF7EEF5E46
:109DE000E71CCE5AAD768C3184108C518C51947214
:109DF0007BCF841094728C5294B2528994929CF4CA
:109E000041E700001820310339231020000008002A
:109E10000800204020401040080000000000000022
:109E20000000000000000000000000000000000032
:109E30000000000021058D158D7695779DB89DD881
:109E4000A5F89DF8A619A5F9A619A619A619A5F9A8
:109E5000A619A619A5F9A5F99DF99DD88D9784B4E1
:109E6000745274316BF06BF06B8F6B4D6B0B72EA4D
:109E70007AEA830A7AC97AA87AE9830B834B836CDE
:109E800083AD7BAD73CF73CF7C3084B395559597FD
:109E90009577959795B79DB89DD8A5F9A5F9A61979
:109EA000A619A619A639A619AE5AAE5AAE7AAE9B15
:109EB000AE9BAE9BAE9BB6BCAE9BAE9BAE7AAE3AB3
:109EC000A5F89DF8AE3AAE5AAE3AB65AAE5A9E5A78
:109ED000A67AB6DCAEBCA67BA65B95B98D568D5630
:109EE0009576959795B7A65BAEDDBEFEA554A534D5
:109EF000AD55AD55A555A535A534A534A514A51466
:109F0000A514A5149CF49CF39CF39CF39CF49CF482
:109F1000A514A514A514A514A535AD35AD76BDD8E9
:109F2000C63ACE9BD6FCDF1DDF3DDF3DDF3DDF3D8A
:109F3000E73DDF1DDF1DDF1DD6FCD6DCCE9BC65AFC
:109F4000C639BE19BDF9B5D8BDF8BDF8BDF8BDF923
:109F5000BDD8BDF8BDF9BDD8BDD8BDD8BDF9BDD9F6
:109F6000BDF8BE19C63AC63AC65AC67ACE9BD6DCEA
:109F7000DF1DEFBFF7DFE75EDEFDCE5ABE19B5B7D6
:109F8000AD76AD76AD96B5B6BDF8BE18C639C65A33
:109F9000C639BE18BE18C639CE7ACE7ACE7AD6BBAE
:109FA000D6DBDEFCE73DDF1CDF1DE73DDF1DD6DC39
:109FB000D6BCDEFCDF1DE73DEF7EE75DE73DE73D1C
:109FC000D6BBC6199CD384118C72949294929492AD
:109FD0008410843094729492AD556B2C736EA514DA
:109FE0003165000008001040390328A10800000076
:109FF0000000184020601840102000000000000001
:10A000000000000000000000000000000000000050
:10A0100000000000424A9D978D5695979DD8A5F95E
:10A02000A5F9A619A619A5F9A5F9A63AA61AA61A78
:10A03000A619A619A61AA61AA5F99DF89DF895B80D
:10A0400095978D3684F57CD47CD47CB3747274116E
:10A0500073F073F07BCF7BCF7C107C107C518492AB
:10A060008CF384F485148D158D35957795779577D8
:10A070009D989DB89DD89DD8A619A619A619A63950
:10A08000A63AA619A63AAE5AAE5AAE7AAE7AAE9BA8
:10A09000B69BAE9BB6BBB6BBAE9BAE9BAE7BAE3AA1
:10A0A0009DD8A619AE5AAE5AAE3AAE5AAE7AA65A54
:10A0B00095D89DF995D88D778D768D56959795F88D
:10A0C00095D895B79DF9A63AAE9CB6DCA534AD55AA
:10A0D000AD55AD55A555A555A535A534A514A51463
:10A0E000A514A5149CF49CF49CF39CF49CF39CF4A0
:10A0F000A514A515A515A515A514A535AD76B5B757
:10A10000C639CE9BD6BBD6FCDF1DDF3DDF3EE75E0A
:10A11000DF1DDF1DDF1DDF1DE73DDF3DD6DCCEBBD4
:10A12000C65AC639C619BE19BDF8BDF9BDF8BDD8A5
:10A13000BDD8BDF8B5D8B5D8BDD8B5B8B5D8BDD897
:10A14000BDF9BDF9BE19BE19C639C65ACE9BD6BCDB
:10A15000D6DCDF1DD6BCC65ABE19B5D8B5B6AD76AD
:10A16000AD76B596B596B5D7BDF8C639C639C639F8
:10A17000C639C639C639CE7ACE9ACE9AD6BBDEFC5F
:10A18000DEFCDF1CE75DE75EDF1CDEFCDEFCDEFCE8
:10A19000D6DCDEFCDF1CE75EF7DFE75DE71DDEFCFB
:10A1A000CE7ABDB78C728C5294B394D39CB39492F4
:10A1B0008C5284118C529CD3AD769CB36B6E83F021
:10A1C00041C7000000000000184130C120600000BD
:10A1D0000000100020611840102000000000000066
:10A1E000000000000000000000000000000000006F
:10A1F0000000002074529577957795979DD8A61901
:10A20000A5F9A5F9A639AE3AA619A61AA63AA61A2C
:10A21000A63AA63AA61AA61AA6199DF89DF89DF97F
:10A220009DD89DB795778D568D5685368535853663
:10A230008D36851585158515853585358D3585557D
:10A240008D568D368D368D5695769D9795B795B7EB
:10A2500095B89DF89DF89DF9A619A639A639A63995
:10A26000A63AA65AA65AA65AAE5AAE7AAE9BAE7B6C
:10A27000AE9BAE9BB6BBAEBBB6BBAE9BAE5AA5F912
:10A28000A5D8A639A65AAE5AB67AAE5A9DF98D9778
:10A29000855685368D7795B795D895D895D89E19DA
:10A2A00095B795D8A63A9E1AAEBCAE9AA534A535F8
:10A2B000AD55AD55A535A535A535A514A534A514C1
:10A2C0009D14A514A5149CF39CF39CF39CF39CF49F
:10A2D000A514A535A535A535A514A515AD76B59656
:10A2E000BDD8C619CE7BD6DCD6FDDF1CDF3DE75ED0
:10A2F000DF1DD6FCDF1DE73DE75EE75DDEFCD6DC5B
:10A30000CE9BC65AC639C619BE19BDF9BDF9BDF9ED
:10A31000BDF8BDF8BDD8BDD8B5D8B5D8B5D8B5D875
:10A32000BDD8BDF9BDF9C619C639C619C63AC63A6F
:10A33000CE5ACE3ABDF9B5B7B596AD96AD76B596CF
:10A34000B596B597BDD7BDF8C639C639C639C63931
:10A35000C659C65ACE9BD6DBDEDBD6BBD6BBDEFCEF
:10A36000E73DE75DE73DDF1CE75DDF1DD6DCDEDCBA
:10A37000DF1DDEFCE71DE73DEF9EEF7EE73DDEDB08
:10A38000C6399CD38C3194B39CF49D149CB38C72CD
:10A39000949384318431A4F4AD56A5358C526B2D41
:10A3A00031450800084100200000186028A118402D
:10A3B00000000800204018400800082000000000AD
:10A3C000000000000000000000000000000000008D
:10A3D000000031E895978D5695779DB89DD8A5F9E1
:10A3E000A5F9A619A619AE3AAE3AA619A63AA63A02
:10A3F000A619A63AA61AA61AA61AA63AA619A61920
:10A400009DF89DF89DD8959795B895B8959795978F
:10A41000957695768D568D568D568D769577957762
:10A4200095779576957795B795D89DD89DD89DD8F1
:10A430009DF99DF9A619A619A619A639A63AA63A14
:10A44000A639AE5AA65AA63AAE7AAE9BAE7BAE7B82
:10A45000B69BAEBBAEBBB69BB69BAE7BA6399DD8BA
:10A46000A5F9AE5AAE5AAE7AB69BA5F985158535D3
:10A470008D768DB795D895D896199E199DF99E1908
:10A480009DF89E399E3AA69BC77FB6BBA535A534DD
:10A49000AD55AD55AD55A555A535A534A534A51477
:10A4A0009CF4A5149D149CF39CF49CF39CF4A514BB
:10A4B000A514A535A515A514A514A535A555AD96C6
:10A4C000B5B7BDF8C65AD6BBDEFCDF1DDF3DDF3DAC
:10A4D000DF3DDEFCDF3DE75DDF3DE75DDF3DD6FCD8
:10A4E000CEBBCE7AC65AC639BE19BDF8BDF8BDD8A6
:10A4F000BDF8BDD8BDD8BDD8B5D8BDD8BDD8B5B8C4
:10A50000B5D8BDF9BE19C619C619BE19BDF8BDD753
:10A51000BDD7B5B7B596AD76AD76AD76AD96B596F9
:10A52000B5B7BDD7BE18C639C639C619C65ACE9BEF
:10A53000D6BBD6BBDEDCDEDCDEDCDEFCDEDCDF1D3B
:10A54000E73DE73DE73DE73DEF7EE71DD6DBCE7A11
:10A55000DEDCE75DE75DDF1CE71CE73DDEFCD6DB0C
:10A56000AD768C3194929CF4A535A51494938C729D
:10A570009493949294B39CF4AD56AD76A515738FD5
:10A5800028E31841104108400020000018412061D4
:10A5900010200000102018401020080000000000CB
:10A5A00000000000000000000000000000000000AB
:10A5B00000006BF09DD8959795979DD89DD8A5F9EB
:10A5C000A619A61AA63AA5F9A61AA63AA63AAE5A06
:10A5D000A63AA63AAE5BA63BA63AA63AA61AA61A91
:10A5E0009DF99DF99E199DD895B89DD895D895B897
:10A5F00095B795B7959795779597959795B795B89A
:10A6000095B795B795B89DF89E189DF99E19A639EE
:10A61000A619A639A639A639A639A639A65AA65A20
:10A62000AE5AA639A65AAE7AAE9BAE9BB69BAE9BEF
:10A63000AE7AAE9BB6BBAE9BAE7BAE5A9DF9A5F98A
:10A64000A619AE5AA63AAE5AAE5A8D767D35959772
:10A6500095B895D895F895F89E199DF99E19A65A22
:10A660009E19A63AA63AB6DCCF9FB6BCA534A5354E
:10A67000AD55A555AD55A555A535A534A534A5149D
:10A68000A5149D149CF4A5149CF49CF39CF3A514B0
:10A69000A514A535A515A514A515A535A535AD5544
:10A6A000B5B7BDF8C65AC67BD6BCD71CDF1DDF3D8B
:10A6B000DF3DE73EE75EDF3DDF3CDF3DE75EDF3D60
:10A6C000D6FCCE9BC65AC63AC639BDF8B5D8B5D861
:10A6D000BDD8BDD8BDD8BDD8BDF9BDF9B5D8BDD997
:10A6E000BDF9BDF9BDF9BE19BDF8B5D8B5B7B59678
:10A6F000B596AD96AD96AD96B596B596B5B7B5B6D9
:10A70000BDF7C618C639CE59CE9AD6BBDEFCDEDC04
:10A71000DEDCD6DCD6BBD6BBDEFCE71DDF1CE73DAE
:10A72000EF7EEF7EE73DE75DE71CD69BDEDBDEDB01
:10A73000DEDBE71DEF7EEF5DDEDCDEDCD6BBC6399F
:10A7400094B39492A4F4A515A5359D1494729472B3
:10A7500094939493A535A535A535B5B89D156B4E45
:10A76000290418A2102108000861084100000820EF
:10A770002081102008001840102008000000000070
:10A7800000000000000000000000000000000000C9
:10A7900010C38D3695B895979DB89DD8A5F9A61983
:10A7A000A63AA63AA63AAE5AA63AA63AA63AA65A61
:10A7B000A63AA63AA63BA63AA65AA63A9E1AA61AC0
:10A7C000A61AA61AA61AA6199DD89DD89DF89DD896
:10A7D00095B89DD89DD89DB89DB895B795D79DF84B
:10A7E0009DF89DD89DD8A619A63AA61AA659AE5A84
:10A7F000A65AA63AA63AA65AA65AA65AA65AA65A99
:10A80000A67AA67AAE7AA67AAE7AAE9BB69BAE7AD6
:10A81000AE9BAE9BB69BB69BAE9BA6199DF8A63988
:10A82000A639AE3AAE3AAE39A6198D768D97959780
:10A8300095D895F99DF995F99DF99E19A63A9E1915
:10A840009E19A67BAE7BBF1DBF5EAEBBA535A535F1
:10A85000A535A534A535AD55A535A534A534A53404
:10A86000A535A5149D14A4F49CF49CF49CF39CF3CE
:10A87000A514A535A535A535A535A535A535AD5501
:10A88000B596BDD7C63AC65ACE9BD6FCDF1DDF1D96
:10A89000DF3EE77FE75ED6FCDF1CDF3DE75EE73D9E
:10A8A000DF1DD6DCC67AC65AC639C619BDF9BDF851
:10A8B000BDD8BDF8BDD8BDD8BDD9BDF8BDF9BDF96D
:10A8C000BDF9BDF9BDF8B5D8B5B7B5B7B596AD7694
:10A8D000AD76B596B596B596B5B7B5B7BDD7BE1832
:10A8E000C639C639CE5AD6BBDEFCDF1DDEFDDEFC26
:10A8F000D6DBD6BBDEFCDF1DE73DE75DE75DEF7E27
:10A90000EF7EE73DE73DDF1CDEFCDEDBEF5DE71CB5
:10A91000DF1CDF1CDF1CEF7EEF3ED69BC639A53562
:10A920009472A514A535AD56A5359CF494939493D3
:10A930009CD39CD4A535AD77AD77AD7894D4630C1A
:10A9400020E318A21021082000001882084000000F
:10A950001040184010200800100000000000000007
:10A9600000000000000000000000000000000000E7
:10A9700021259D979DD89DB89DB89DD8A5F8A6196D
:10A98000AE3AAE5BA63AAE5BAE7BA63AA65BAE5BDA
:10A99000A63AAE5BA63AA63AA63AA63A9E199E19E0
:10A9A000A61AA61A9E19A61AA5FA9DF99DF895D879
:10A9B0009DF9A6199E1A9E199DF99DF89DF9A61953
:10A9C0009DF9A619A619A619A63AAE5AAE5AAE5ABC
:10A9D000AE5AAE7AA67AA639A67AA65AA63AA65A48
:10A9E000AE7AAE7AA65AAE7BAE9BAE9BAE9BAE9BCA
:10A9F000AEBBAE9BB69BB69BA65A9DF8A619AE5AA7
:10AA0000A65AA639AE5AAE7A9DD88D978DD895B8EC
:10AA100095D895F99DF99DF9A6199E3A9E19A639E2
:10AA20009E39A65BAE9CC75EC73FA63A00000000F9
:10AA30000000000001020304060708095CAA0208DE
:10AA4000000000201C000000C017000878AA0208BF
:10AA50001C00002004040000D01700080000F000D3
:10AA60004001000000000000010000001000000094
:08AA7000000000000024F400C6
:040000050800018965
:00000001FF
